ISO-10303-21;
HEADER;
/* Generated by software containing ST-Developer
 * from STEP Tools, Inc. (www.steptools.com) 
 */

FILE_DESCRIPTION(
/* description */ (''),
/* implementation_level */ '2;1');

FILE_NAME(
/* name */ 'unit_3d_ue0098_v_2_0_0_temt6000.step',
/* time_stamp */ '2026-06-12T16:56:55-06:00',
/* author */ (''),
/* organization */ (''),
/* preprocessor_version */ 'ST-DEVELOPER v20.1',
/* originating_system */ 'Autodesk Translation Framework v15.8.0.0',
/* authorisation */ '');

FILE_SCHEMA (('AUTOMOTIVE_DESIGN { 1 0 10303 214 3 1 1 }'));
ENDSEC;

DATA;
#10=MECHANICAL_DESIGN_GEOMETRIC_PRESENTATION_REPRESENTATION('',(#222,#223,
#224,#225,#226,#227,#228,#229,#230,#231,#232,#233,#234,#235,#236,#237,#238,
#239,#240,#241,#242,#243,#244,#245,#246,#247,#248,#249,#250,#251,#252,#253,
#254,#255,#256,#257,#258,#259,#260,#261,#262,#263,#264,#265,#266,#267,#268,
#269,#270,#271,#272,#273,#274,#275,#276,#277,#278,#279,#280,#281,#282,#283,
#284,#285,#286,#287,#288,#289,#290,#291,#292,#293,#294,#295,#296,#297,#298,
#299,#300,#301,#302,#303,#304,#305,#306,#307,#308,#309,#310,#311,#312,#313,
#314,#315,#316,#317,#318,#319,#320,#321,#322,#323,#324,#325,#326,#327,#328,
#329,#330,#331,#332,#333,#334,#335,#336,#337,#338,#339,#340,#341,#342,#343,
#344,#345,#346,#347,#348,#349,#350,#351,#352,#353,#354,#355,#356,#357,#358,
#359,#360,#361,#362,#363,#364,#365,#366,#367,#368,#369,#370,#371,#372,#373),
#20775);
#11=CONTEXT_DEPENDENT_OVER_RIDING_STYLED_ITEM('',(#20964),#20855,#373,(#140));
#12=MAPPED_ITEM('',#13,#13657);
#13=REPRESENTATION_MAP(#13657,#20854);
#14=SPHERICAL_SURFACE('',#12850,0.02);
#15=SPHERICAL_SURFACE('',#12854,0.02);
#16=SPHERICAL_SURFACE('',#12858,0.02);
#17=SPHERICAL_SURFACE('',#12862,0.02);
#18=SPHERICAL_SURFACE('',#12866,0.02);
#19=SPHERICAL_SURFACE('',#12871,0.02);
#20=SPHERICAL_SURFACE('',#12875,0.02);
#21=SPHERICAL_SURFACE('',#12881,0.02);
#22=SPHERICAL_SURFACE('',#12900,0.02);
#23=SPHERICAL_SURFACE('',#12904,0.02);
#24=SPHERICAL_SURFACE('',#12908,0.02);
#25=SPHERICAL_SURFACE('',#12912,0.02);
#26=SPHERICAL_SURFACE('',#12916,0.02);
#27=SPHERICAL_SURFACE('',#12921,0.02);
#28=SPHERICAL_SURFACE('',#12925,0.02);
#29=SPHERICAL_SURFACE('',#12931,0.02);
#30=SPHERICAL_SURFACE('',#13273,0.024);
#31=SPHERICAL_SURFACE('',#13277,0.024);
#32=SPHERICAL_SURFACE('',#13282,0.024);
#33=SPHERICAL_SURFACE('',#13286,0.024);
#34=SPHERICAL_SURFACE('',#13290,0.024);
#35=SPHERICAL_SURFACE('',#13294,0.024);
#36=SPHERICAL_SURFACE('',#13300,0.024);
#37=SPHERICAL_SURFACE('',#13304,0.024);
#38=SPHERICAL_SURFACE('',#13322,0.024);
#39=SPHERICAL_SURFACE('',#13326,0.024);
#40=SPHERICAL_SURFACE('',#13331,0.024);
#41=SPHERICAL_SURFACE('',#13335,0.024);
#42=SPHERICAL_SURFACE('',#13339,0.024);
#43=SPHERICAL_SURFACE('',#13343,0.024);
#44=SPHERICAL_SURFACE('',#13349,0.024);
#45=SPHERICAL_SURFACE('',#13353,0.024);
#46=SPHERICAL_SURFACE('',#13399,0.000999999999999994);
#47=SPHERICAL_SURFACE('',#13403,0.00100000000000003);
#48=SPHERICAL_SURFACE('',#13407,0.001);
#49=SPHERICAL_SURFACE('',#13411,0.000999999999999994);
#50=SPHERICAL_SURFACE('',#13415,0.001);
#51=SPHERICAL_SURFACE('',#13420,0.000999999999999994);
#52=SPHERICAL_SURFACE('',#13424,0.00100000000000003);
#53=SPHERICAL_SURFACE('',#13430,0.001);
#54=SPHERICAL_SURFACE('',#13464,0.000999999999999994);
#55=SPHERICAL_SURFACE('',#13468,0.000999999999999994);
#56=SPHERICAL_SURFACE('',#13472,0.001);
#57=SPHERICAL_SURFACE('',#13476,0.00100000000000003);
#58=SPHERICAL_SURFACE('',#13480,0.001);
#59=SPHERICAL_SURFACE('',#13485,0.000999999999999994);
#60=SPHERICAL_SURFACE('',#13489,0.00100000000000003);
#61=SPHERICAL_SURFACE('',#13495,0.001);
#62=SPHERICAL_SURFACE('',#13527,0.024);
#63=SPHERICAL_SURFACE('',#13531,0.024);
#64=SPHERICAL_SURFACE('',#13536,0.024);
#65=SPHERICAL_SURFACE('',#13540,0.024);
#66=SPHERICAL_SURFACE('',#13544,0.024);
#67=SPHERICAL_SURFACE('',#13548,0.024);
#68=SPHERICAL_SURFACE('',#13554,0.024);
#69=SPHERICAL_SURFACE('',#13558,0.024);
#70=SPHERICAL_SURFACE('',#13576,0.024);
#71=SPHERICAL_SURFACE('',#13580,0.024);
#72=SPHERICAL_SURFACE('',#13585,0.024);
#73=SPHERICAL_SURFACE('',#13589,0.024);
#74=SPHERICAL_SURFACE('',#13593,0.024);
#75=SPHERICAL_SURFACE('',#13597,0.024);
#76=SPHERICAL_SURFACE('',#13603,0.024);
#77=SPHERICAL_SURFACE('',#13607,0.024);
#78=ITEM_DEFINED_TRANSFORMATION($,$,#12612,#12679);
#79=ITEM_DEFINED_TRANSFORMATION($,$,#12682,#12847);
#80=ITEM_DEFINED_TRANSFORMATION($,$,#12849,#12956);
#81=ITEM_DEFINED_TRANSFORMATION($,$,#12959,#13269);
#82=ITEM_DEFINED_TRANSFORMATION($,$,#12959,#13270);
#83=ITEM_DEFINED_TRANSFORMATION($,$,#12959,#13271);
#84=ITEM_DEFINED_TRANSFORMATION($,$,#13379,#13524);
#85=ITEM_DEFINED_TRANSFORMATION($,$,#13379,#13525);
#86=ITEM_DEFINED_TRANSFORMATION($,$,#12610,#13633);
#87=ITEM_DEFINED_TRANSFORMATION($,$,#13272,#13634);
#88=ITEM_DEFINED_TRANSFORMATION($,$,#12611,#13635);
#89=ITEM_DEFINED_TRANSFORMATION($,$,#12680,#13636);
#90=ITEM_DEFINED_TRANSFORMATION($,$,#12681,#13637);
#91=ITEM_DEFINED_TRANSFORMATION($,$,#12848,#13638);
#92=ITEM_DEFINED_TRANSFORMATION($,$,#12957,#13639);
#93=ITEM_DEFINED_TRANSFORMATION($,$,#12958,#13640);
#94=ITEM_DEFINED_TRANSFORMATION($,$,#13272,#13641);
#95=ITEM_DEFINED_TRANSFORMATION($,$,#13272,#13642);
#96=ITEM_DEFINED_TRANSFORMATION($,$,#13377,#13643);
#97=ITEM_DEFINED_TRANSFORMATION($,$,#13526,#13644);
#98=ITEM_DEFINED_TRANSFORMATION($,$,#13378,#13645);
#99=ITEM_DEFINED_TRANSFORMATION($,$,#13526,#13646);
#100=ITEM_DEFINED_TRANSFORMATION($,$,#13631,#13647);
#101=ITEM_DEFINED_TRANSFORMATION($,$,#13632,#13648);
#102=ITEM_DEFINED_TRANSFORMATION($,$,#13632,#13649);
#103=ITEM_DEFINED_TRANSFORMATION($,$,#13632,#13650);
#104=ITEM_DEFINED_TRANSFORMATION($,$,#13632,#13651);
#105=ITEM_DEFINED_TRANSFORMATION($,$,#13632,#13652);
#106=ITEM_DEFINED_TRANSFORMATION($,$,#13632,#13653);
#107=ITEM_DEFINED_TRANSFORMATION($,$,#13632,#13654);
#108=ITEM_DEFINED_TRANSFORMATION($,$,#12515,#13655);
#109=ITEM_DEFINED_TRANSFORMATION($,$,#12609,#13656);
#110=(
REPRESENTATION_RELATIONSHIP($,$,#20859,#20858)
REPRESENTATION_RELATIONSHIP_WITH_TRANSFORMATION(#78)
SHAPE_REPRESENTATION_RELATIONSHIP()
);
#111=(
REPRESENTATION_RELATIONSHIP($,$,#20862,#20861)
REPRESENTATION_RELATIONSHIP_WITH_TRANSFORMATION(#79)
SHAPE_REPRESENTATION_RELATIONSHIP()
);
#112=(
REPRESENTATION_RELATIONSHIP($,$,#20864,#20863)
REPRESENTATION_RELATIONSHIP_WITH_TRANSFORMATION(#80)
SHAPE_REPRESENTATION_RELATIONSHIP()
);
#113=(
REPRESENTATION_RELATIONSHIP($,$,#20867,#20857)
REPRESENTATION_RELATIONSHIP_WITH_TRANSFORMATION(#81)
SHAPE_REPRESENTATION_RELATIONSHIP()
);
#114=(
REPRESENTATION_RELATIONSHIP($,$,#20867,#20865)
REPRESENTATION_RELATIONSHIP_WITH_TRANSFORMATION(#82)
SHAPE_REPRESENTATION_RELATIONSHIP()
);
#115=(
REPRESENTATION_RELATIONSHIP($,$,#20867,#20866)
REPRESENTATION_RELATIONSHIP_WITH_TRANSFORMATION(#83)
SHAPE_REPRESENTATION_RELATIONSHIP()
);
#116=(
REPRESENTATION_RELATIONSHIP($,$,#20871,#20869)
REPRESENTATION_RELATIONSHIP_WITH_TRANSFORMATION(#84)
SHAPE_REPRESENTATION_RELATIONSHIP()
);
#117=(
REPRESENTATION_RELATIONSHIP($,$,#20871,#20870)
REPRESENTATION_RELATIONSHIP_WITH_TRANSFORMATION(#85)
SHAPE_REPRESENTATION_RELATIONSHIP()
);
#118=(
REPRESENTATION_RELATIONSHIP($,$,#20857,#20856)
REPRESENTATION_RELATIONSHIP_WITH_TRANSFORMATION(#86)
SHAPE_REPRESENTATION_RELATIONSHIP()
);
#119=(
REPRESENTATION_RELATIONSHIP($,$,#20868,#20856)
REPRESENTATION_RELATIONSHIP_WITH_TRANSFORMATION(#87)
SHAPE_REPRESENTATION_RELATIONSHIP()
);
#120=(
REPRESENTATION_RELATIONSHIP($,$,#20858,#20856)
REPRESENTATION_RELATIONSHIP_WITH_TRANSFORMATION(#88)
SHAPE_REPRESENTATION_RELATIONSHIP()
);
#121=(
REPRESENTATION_RELATIONSHIP($,$,#20860,#20856)
REPRESENTATION_RELATIONSHIP_WITH_TRANSFORMATION(#89)
SHAPE_REPRESENTATION_RELATIONSHIP()
);
#122=(
REPRESENTATION_RELATIONSHIP($,$,#20861,#20856)
REPRESENTATION_RELATIONSHIP_WITH_TRANSFORMATION(#90)
SHAPE_REPRESENTATION_RELATIONSHIP()
);
#123=(
REPRESENTATION_RELATIONSHIP($,$,#20863,#20856)
REPRESENTATION_RELATIONSHIP_WITH_TRANSFORMATION(#91)
SHAPE_REPRESENTATION_RELATIONSHIP()
);
#124=(
REPRESENTATION_RELATIONSHIP($,$,#20865,#20856)
REPRESENTATION_RELATIONSHIP_WITH_TRANSFORMATION(#92)
SHAPE_REPRESENTATION_RELATIONSHIP()
);
#125=(
REPRESENTATION_RELATIONSHIP($,$,#20866,#20856)
REPRESENTATION_RELATIONSHIP_WITH_TRANSFORMATION(#93)
SHAPE_REPRESENTATION_RELATIONSHIP()
);
#126=(
REPRESENTATION_RELATIONSHIP($,$,#20868,#20856)
REPRESENTATION_RELATIONSHIP_WITH_TRANSFORMATION(#94)
SHAPE_REPRESENTATION_RELATIONSHIP()
);
#127=(
REPRESENTATION_RELATIONSHIP($,$,#20868,#20856)
REPRESENTATION_RELATIONSHIP_WITH_TRANSFORMATION(#95)
SHAPE_REPRESENTATION_RELATIONSHIP()
);
#128=(
REPRESENTATION_RELATIONSHIP($,$,#20869,#20856)
REPRESENTATION_RELATIONSHIP_WITH_TRANSFORMATION(#96)
SHAPE_REPRESENTATION_RELATIONSHIP()
);
#129=(
REPRESENTATION_RELATIONSHIP($,$,#20872,#20856)
REPRESENTATION_RELATIONSHIP_WITH_TRANSFORMATION(#97)
SHAPE_REPRESENTATION_RELATIONSHIP()
);
#130=(
REPRESENTATION_RELATIONSHIP($,$,#20870,#20856)
REPRESENTATION_RELATIONSHIP_WITH_TRANSFORMATION(#98)
SHAPE_REPRESENTATION_RELATIONSHIP()
);
#131=(
REPRESENTATION_RELATIONSHIP($,$,#20872,#20856)
REPRESENTATION_RELATIONSHIP_WITH_TRANSFORMATION(#99)
SHAPE_REPRESENTATION_RELATIONSHIP()
);
#132=(
REPRESENTATION_RELATIONSHIP($,$,#20873,#20856)
REPRESENTATION_RELATIONSHIP_WITH_TRANSFORMATION(#100)
SHAPE_REPRESENTATION_RELATIONSHIP()
);
#133=(
REPRESENTATION_RELATIONSHIP($,$,#20874,#20856)
REPRESENTATION_RELATIONSHIP_WITH_TRANSFORMATION(#101)
SHAPE_REPRESENTATION_RELATIONSHIP()
);
#134=(
REPRESENTATION_RELATIONSHIP($,$,#20874,#20856)
REPRESENTATION_RELATIONSHIP_WITH_TRANSFORMATION(#102)
SHAPE_REPRESENTATION_RELATIONSHIP()
);
#135=(
REPRESENTATION_RELATIONSHIP($,$,#20874,#20856)
REPRESENTATION_RELATIONSHIP_WITH_TRANSFORMATION(#103)
SHAPE_REPRESENTATION_RELATIONSHIP()
);
#136=(
REPRESENTATION_RELATIONSHIP($,$,#20874,#20856)
REPRESENTATION_RELATIONSHIP_WITH_TRANSFORMATION(#104)
SHAPE_REPRESENTATION_RELATIONSHIP()
);
#137=(
REPRESENTATION_RELATIONSHIP($,$,#20874,#20856)
REPRESENTATION_RELATIONSHIP_WITH_TRANSFORMATION(#105)
SHAPE_REPRESENTATION_RELATIONSHIP()
);
#138=(
REPRESENTATION_RELATIONSHIP($,$,#20874,#20856)
REPRESENTATION_RELATIONSHIP_WITH_TRANSFORMATION(#106)
SHAPE_REPRESENTATION_RELATIONSHIP()
);
#139=(
REPRESENTATION_RELATIONSHIP($,$,#20874,#20856)
REPRESENTATION_RELATIONSHIP_WITH_TRANSFORMATION(#107)
SHAPE_REPRESENTATION_RELATIONSHIP()
);
#140=(
REPRESENTATION_RELATIONSHIP($,$,#20855,#20854)
REPRESENTATION_RELATIONSHIP_WITH_TRANSFORMATION(#108)
SHAPE_REPRESENTATION_RELATIONSHIP()
);
#141=(
REPRESENTATION_RELATIONSHIP($,$,#20856,#20854)
REPRESENTATION_RELATIONSHIP_WITH_TRANSFORMATION(#109)
SHAPE_REPRESENTATION_RELATIONSHIP()
);
#142=CONTEXT_DEPENDENT_SHAPE_REPRESENTATION(#110,#20807);
#143=CONTEXT_DEPENDENT_SHAPE_REPRESENTATION(#111,#20811);
#144=CONTEXT_DEPENDENT_SHAPE_REPRESENTATION(#112,#20814);
#145=CONTEXT_DEPENDENT_SHAPE_REPRESENTATION(#113,#20818);
#146=CONTEXT_DEPENDENT_SHAPE_REPRESENTATION(#114,#20819);
#147=CONTEXT_DEPENDENT_SHAPE_REPRESENTATION(#115,#20820);
#148=CONTEXT_DEPENDENT_SHAPE_REPRESENTATION(#116,#20825);
#149=CONTEXT_DEPENDENT_SHAPE_REPRESENTATION(#117,#20826);
#150=CONTEXT_DEPENDENT_SHAPE_REPRESENTATION(#118,#20830);
#151=CONTEXT_DEPENDENT_SHAPE_REPRESENTATION(#119,#20831);
#152=CONTEXT_DEPENDENT_SHAPE_REPRESENTATION(#120,#20832);
#153=CONTEXT_DEPENDENT_SHAPE_REPRESENTATION(#121,#20833);
#154=CONTEXT_DEPENDENT_SHAPE_REPRESENTATION(#122,#20834);
#155=CONTEXT_DEPENDENT_SHAPE_REPRESENTATION(#123,#20835);
#156=CONTEXT_DEPENDENT_SHAPE_REPRESENTATION(#124,#20836);
#157=CONTEXT_DEPENDENT_SHAPE_REPRESENTATION(#125,#20837);
#158=CONTEXT_DEPENDENT_SHAPE_REPRESENTATION(#126,#20838);
#159=CONTEXT_DEPENDENT_SHAPE_REPRESENTATION(#127,#20839);
#160=CONTEXT_DEPENDENT_SHAPE_REPRESENTATION(#128,#20840);
#161=CONTEXT_DEPENDENT_SHAPE_REPRESENTATION(#129,#20841);
#162=CONTEXT_DEPENDENT_SHAPE_REPRESENTATION(#130,#20842);
#163=CONTEXT_DEPENDENT_SHAPE_REPRESENTATION(#131,#20843);
#164=CONTEXT_DEPENDENT_SHAPE_REPRESENTATION(#132,#20844);
#165=CONTEXT_DEPENDENT_SHAPE_REPRESENTATION(#133,#20845);
#166=CONTEXT_DEPENDENT_SHAPE_REPRESENTATION(#134,#20846);
#167=CONTEXT_DEPENDENT_SHAPE_REPRESENTATION(#135,#20847);
#168=CONTEXT_DEPENDENT_SHAPE_REPRESENTATION(#136,#20848);
#169=CONTEXT_DEPENDENT_SHAPE_REPRESENTATION(#137,#20849);
#170=CONTEXT_DEPENDENT_SHAPE_REPRESENTATION(#138,#20850);
#171=CONTEXT_DEPENDENT_SHAPE_REPRESENTATION(#139,#20851);
#172=CONTEXT_DEPENDENT_SHAPE_REPRESENTATION(#140,#20852);
#173=CONTEXT_DEPENDENT_SHAPE_REPRESENTATION(#141,#20853);
#174=NEXT_ASSEMBLY_USAGE_OCCURRENCE('TEMT6000 v1:1','TEMT6000 v1:1',
'TEMT6000 v1:1',#20880,#20881,'TEMT6000 v1:1');
#175=NEXT_ASSEMBLY_USAGE_OCCURRENCE('Model:1','Model:1','Model:1',#20883,
#20884,'Model:1');
#176=NEXT_ASSEMBLY_USAGE_OCCURRENCE('Model (1):1','Model (1):1',
'Model (1):1',#20885,#20886,'Model (1):1');
#177=NEXT_ASSEMBLY_USAGE_OCCURRENCE(
'SM04B-SRSS-TB(LF)(SN)--3DModel-STEP-56544 v1:1',
'SM04B-SRSS-TB(LF)(SN)--3DModel-STEP-56544 v1:1',
'SM04B-SRSS-TB(LF)(SN)--3DModel-STEP-56544 v1:1',#20879,#20889,
'SM04B-SRSS-TB(LF)(SN)--3DModel-STEP-56544 v1:1');
#178=NEXT_ASSEMBLY_USAGE_OCCURRENCE(
'SM04B-SRSS-TB(LF)(SN)--3DModel-STEP-56544 v1:1',
'SM04B-SRSS-TB(LF)(SN)--3DModel-STEP-56544 v1:1',
'SM04B-SRSS-TB(LF)(SN)--3DModel-STEP-56544 v1:1',#20887,#20889,
'SM04B-SRSS-TB(LF)(SN)--3DModel-STEP-56544 v1:1');
#179=NEXT_ASSEMBLY_USAGE_OCCURRENCE(
'SM04B-SRSS-TB(LF)(SN)--3DModel-STEP-56544 v1:1',
'SM04B-SRSS-TB(LF)(SN)--3DModel-STEP-56544 v1:1',
'SM04B-SRSS-TB(LF)(SN)--3DModel-STEP-56544 v1:1',#20888,#20889,
'SM04B-SRSS-TB(LF)(SN)--3DModel-STEP-56544 v1:1');
#180=NEXT_ASSEMBLY_USAGE_OCCURRENCE('Model (2):1','Model (2):1',
'Model (2):1',#20891,#20893,'Model (2):1');
#181=NEXT_ASSEMBLY_USAGE_OCCURRENCE('Model (2):1','Model (2):1',
'Model (2):1',#20892,#20893,'Model (2):1');
#182=NEXT_ASSEMBLY_USAGE_OCCURRENCE('JST_SM04B-SRSS-TB(LF)(SN):J1',
'JST_SM04B-SRSS-TB(LF)(SN):J1','JST_SM04B-SRSS-TB(LF)(SN):J1',#20878,#20879,
'JST_SM04B-SRSS-TB(LF)(SN):J1');
#183=NEXT_ASSEMBLY_USAGE_OCCURRENCE('0402_R:R1','0402_R:R1','0402_R:R1',
#20878,#20890,'0402_R:R1');
#184=NEXT_ASSEMBLY_USAGE_OCCURRENCE('1206:Q1','1206:Q1','1206:Q1',#20878,
#20880,'1206:Q1');
#185=NEXT_ASSEMBLY_USAGE_OCCURRENCE('M3:H2','M3:H2','M3:H2',#20878,#20882,
'M3:H2');
#186=NEXT_ASSEMBLY_USAGE_OCCURRENCE('DFN8-EP-3X2:IC1','DFN8-EP-3X2:IC1',
'DFN8-EP-3X2:IC1',#20878,#20883,'DFN8-EP-3X2:IC1');
#187=NEXT_ASSEMBLY_USAGE_OCCURRENCE('0402_C:C2','0402_C:C2','0402_C:C2',
#20878,#20885,'0402_C:C2');
#188=NEXT_ASSEMBLY_USAGE_OCCURRENCE('JST_SM04B-SRSS-TB(LF)(SN):J3',
'JST_SM04B-SRSS-TB(LF)(SN):J3','JST_SM04B-SRSS-TB(LF)(SN):J3',#20878,#20887,
'JST_SM04B-SRSS-TB(LF)(SN):J3');
#189=NEXT_ASSEMBLY_USAGE_OCCURRENCE('JST_SM04B-SRSS-TB(LF)(SN):J4',
'JST_SM04B-SRSS-TB(LF)(SN):J4','JST_SM04B-SRSS-TB(LF)(SN):J4',#20878,#20888,
'JST_SM04B-SRSS-TB(LF)(SN):J4');
#190=NEXT_ASSEMBLY_USAGE_OCCURRENCE('0402_R:R2','0402_R:R2','0402_R:R2',
#20878,#20890,'0402_R:R2');
#191=NEXT_ASSEMBLY_USAGE_OCCURRENCE('0402_R:R3','0402_R:R3','0402_R:R3',
#20878,#20890,'0402_R:R3');
#192=NEXT_ASSEMBLY_USAGE_OCCURRENCE('0402_D:PWR','0402_D:PWR',
'0402_D:PWR',#20878,#20891,'0402_D:PWR');
#193=NEXT_ASSEMBLY_USAGE_OCCURRENCE('R0402:R4','R0402:R4','R0402:R4',#20878,
#20894,'R0402:R4');
#194=NEXT_ASSEMBLY_USAGE_OCCURRENCE('0402_D:PWR1','0402_D:PWR1',
'0402_D:PWR1',#20878,#20892,'0402_D:PWR1');
#195=NEXT_ASSEMBLY_USAGE_OCCURRENCE('R0402:R5','R0402:R5','R0402:R5',#20878,
#20894,'R0402:R5');
#196=NEXT_ASSEMBLY_USAGE_OCCURRENCE('BRIDGE:JP1','BRIDGE:JP1',
'BRIDGE:JP1',#20878,#20895,'BRIDGE:JP1');
#197=NEXT_ASSEMBLY_USAGE_OCCURRENCE('TP10SQ:TP1','TP10SQ:TP1',
'TP10SQ:TP1',#20878,#20896,'TP10SQ:TP1');
#198=NEXT_ASSEMBLY_USAGE_OCCURRENCE('TP10SQ:TP2','TP10SQ:TP2',
'TP10SQ:TP2',#20878,#20896,'TP10SQ:TP2');
#199=NEXT_ASSEMBLY_USAGE_OCCURRENCE('TP10SQ:TP3','TP10SQ:TP3',
'TP10SQ:TP3',#20878,#20896,'TP10SQ:TP3');
#200=NEXT_ASSEMBLY_USAGE_OCCURRENCE('TP10SQ:TP4','TP10SQ:TP4',
'TP10SQ:TP4',#20878,#20896,'TP10SQ:TP4');
#201=NEXT_ASSEMBLY_USAGE_OCCURRENCE('TP10SQ:TP5','TP10SQ:TP5',
'TP10SQ:TP5',#20878,#20896,'TP10SQ:TP5');
#202=NEXT_ASSEMBLY_USAGE_OCCURRENCE('TP10SQ:TP6','TP10SQ:TP6',
'TP10SQ:TP6',#20878,#20896,'TP10SQ:TP6');
#203=NEXT_ASSEMBLY_USAGE_OCCURRENCE('TP10SQ:TP7','TP10SQ:TP7',
'TP10SQ:TP7',#20878,#20896,'TP10SQ:TP7');
#204=NEXT_ASSEMBLY_USAGE_OCCURRENCE('Placa:1','Placa:1','Placa:1',#20876,
#20877,'Placa:1');
#205=NEXT_ASSEMBLY_USAGE_OCCURRENCE('Paquetes:1','Paquetes:1',
'Paquetes:1',#20876,#20878,'Paquetes:1');
#206=SHAPE_REPRESENTATION_RELATIONSHIP('SRR','None',#20855,#214);
#207=SHAPE_REPRESENTATION_RELATIONSHIP('SRR','None',#20859,#215);
#208=SHAPE_REPRESENTATION_RELATIONSHIP('SRR','None',#20862,#216);
#209=SHAPE_REPRESENTATION_RELATIONSHIP('SRR','None',#20864,#217);
#210=SHAPE_REPRESENTATION_RELATIONSHIP('SRR','None',#20867,#218);
#211=SHAPE_REPRESENTATION_RELATIONSHIP('SRR','None',#20868,#219);
#212=SHAPE_REPRESENTATION_RELATIONSHIP('SRR','None',#20871,#220);
#213=SHAPE_REPRESENTATION_RELATIONSHIP('SRR','None',#20872,#221);
#214=ADVANCED_BREP_SHAPE_REPRESENTATION('',(#374),#20755);
#215=ADVANCED_BREP_SHAPE_REPRESENTATION('',(#375,#376,#377,#378,#379),#20759);
#216=ADVANCED_BREP_SHAPE_REPRESENTATION('',(#380,#381,#382,#383,#384,#385,
#386,#387,#388,#389,#390,#391,#392,#393,#394,#395,#396,#397),#20762);
#217=ADVANCED_BREP_SHAPE_REPRESENTATION('',(#398,#399,#400),#20764);
#218=ADVANCED_BREP_SHAPE_REPRESENTATION('',(#401,#402,#403,#404,#405,#406,
#407),#20767);
#219=ADVANCED_BREP_SHAPE_REPRESENTATION('',(#408),#20768);
#220=ADVANCED_BREP_SHAPE_REPRESENTATION('',(#409,#410,#411),#20771);
#221=ADVANCED_BREP_SHAPE_REPRESENTATION('',(#412),#20772);
#222=STYLED_ITEM('',(#20964),#374);
#223=STYLED_ITEM('',(#20966),#375);
#224=STYLED_ITEM('',(#20967),#376);
#225=STYLED_ITEM('',(#20968),#377);
#226=STYLED_ITEM('',(#20968),#378);
#227=STYLED_ITEM('',(#20968),#379);
#228=STYLED_ITEM('',(#20969),#380);
#229=STYLED_ITEM('',(#20970),#381);
#230=STYLED_ITEM('',(#20970),#382);
#231=STYLED_ITEM('',(#20970),#383);
#232=STYLED_ITEM('',(#20970),#384);
#233=STYLED_ITEM('',(#20970),#385);
#234=STYLED_ITEM('',(#20970),#386);
#235=STYLED_ITEM('',(#20970),#387);
#236=STYLED_ITEM('',(#20970),#388);
#237=STYLED_ITEM('',(#20970),#389);
#238=STYLED_ITEM('',(#20970),#390);
#239=STYLED_ITEM('',(#20970),#391);
#240=STYLED_ITEM('',(#20970),#392);
#241=STYLED_ITEM('',(#20970),#393);
#242=STYLED_ITEM('',(#20970),#394);
#243=STYLED_ITEM('',(#20970),#395);
#244=STYLED_ITEM('',(#20970),#396);
#245=STYLED_ITEM('',(#20971),#397);
#246=STYLED_ITEM('',(#20972),#398);
#247=STYLED_ITEM('',(#20972),#399);
#248=STYLED_ITEM('',(#20973),#400);
#249=STYLED_ITEM('',(#20966),#401);
#250=STYLED_ITEM('',(#20966),#402);
#251=STYLED_ITEM('',(#20966),#403);
#252=STYLED_ITEM('',(#20966),#404);
#253=STYLED_ITEM('',(#20966),#405);
#254=STYLED_ITEM('',(#20966),#406);
#255=STYLED_ITEM('',(#20974),#407);
#256=STYLED_ITEM('',(#20975),#12145);
#257=STYLED_ITEM('',(#20975),#12146);
#258=STYLED_ITEM('',(#20975),#12147);
#259=STYLED_ITEM('',(#20975),#12148);
#260=STYLED_ITEM('',(#20975),#12149);
#261=STYLED_ITEM('',(#20975),#12150);
#262=STYLED_ITEM('',(#20975),#12151);
#263=STYLED_ITEM('',(#20975),#12152);
#264=STYLED_ITEM('',(#20975),#12153);
#265=STYLED_ITEM('',(#20975),#12154);
#266=STYLED_ITEM('',(#20975),#12155);
#267=STYLED_ITEM('',(#20975),#12156);
#268=STYLED_ITEM('',(#20975),#12157);
#269=STYLED_ITEM('',(#20975),#12158);
#270=STYLED_ITEM('',(#20975),#12159);
#271=STYLED_ITEM('',(#20975),#12160);
#272=STYLED_ITEM('',(#20975),#12161);
#273=STYLED_ITEM('',(#20975),#12162);
#274=STYLED_ITEM('',(#20975),#12163);
#275=STYLED_ITEM('',(#20975),#12164);
#276=STYLED_ITEM('',(#20975),#12165);
#277=STYLED_ITEM('',(#20975),#12166);
#278=STYLED_ITEM('',(#20975),#12167);
#279=STYLED_ITEM('',(#20975),#12168);
#280=STYLED_ITEM('',(#20975),#12169);
#281=STYLED_ITEM('',(#20975),#12170);
#282=STYLED_ITEM('',(#20975),#12171);
#283=STYLED_ITEM('',(#20975),#12172);
#284=STYLED_ITEM('',(#20975),#12173);
#285=STYLED_ITEM('',(#20975),#12174);
#286=STYLED_ITEM('',(#20975),#12175);
#287=STYLED_ITEM('',(#20975),#12176);
#288=STYLED_ITEM('',(#20975),#12177);
#289=STYLED_ITEM('',(#20975),#12178);
#290=STYLED_ITEM('',(#20975),#12179);
#291=STYLED_ITEM('',(#20975),#12180);
#292=STYLED_ITEM('',(#20975),#12181);
#293=STYLED_ITEM('',(#20975),#12182);
#294=STYLED_ITEM('',(#20975),#12183);
#295=STYLED_ITEM('',(#20975),#12184);
#296=STYLED_ITEM('',(#20975),#12185);
#297=STYLED_ITEM('',(#20975),#12186);
#298=STYLED_ITEM('',(#20975),#12187);
#299=STYLED_ITEM('',(#20975),#12188);
#300=STYLED_ITEM('',(#20975),#12189);
#301=STYLED_ITEM('',(#20975),#12190);
#302=STYLED_ITEM('',(#20975),#12191);
#303=STYLED_ITEM('',(#20975),#12192);
#304=STYLED_ITEM('',(#20975),#12193);
#305=STYLED_ITEM('',(#20975),#12194);
#306=STYLED_ITEM('',(#20976),#12195);
#307=STYLED_ITEM('',(#20976),#12196);
#308=STYLED_ITEM('',(#20976),#12197);
#309=STYLED_ITEM('',(#20976),#12198);
#310=STYLED_ITEM('',(#20976),#12199);
#311=STYLED_ITEM('',(#20976),#12200);
#312=STYLED_ITEM('',(#20969),#408);
#313=STYLED_ITEM('',(#20977),#409);
#314=STYLED_ITEM('',(#20978),#410);
#315=STYLED_ITEM('',(#20979),#411);
#316=STYLED_ITEM('',(#20975),#12297);
#317=STYLED_ITEM('',(#20975),#12298);
#318=STYLED_ITEM('',(#20975),#12299);
#319=STYLED_ITEM('',(#20975),#12300);
#320=STYLED_ITEM('',(#20975),#12301);
#321=STYLED_ITEM('',(#20975),#12302);
#322=STYLED_ITEM('',(#20975),#12303);
#323=STYLED_ITEM('',(#20975),#12304);
#324=STYLED_ITEM('',(#20975),#12305);
#325=STYLED_ITEM('',(#20975),#12306);
#326=STYLED_ITEM('',(#20975),#12307);
#327=STYLED_ITEM('',(#20975),#12308);
#328=STYLED_ITEM('',(#20975),#12309);
#329=STYLED_ITEM('',(#20975),#12310);
#330=STYLED_ITEM('',(#20975),#12311);
#331=STYLED_ITEM('',(#20975),#12312);
#332=STYLED_ITEM('',(#20975),#12313);
#333=STYLED_ITEM('',(#20975),#12314);
#334=STYLED_ITEM('',(#20975),#12315);
#335=STYLED_ITEM('',(#20975),#12316);
#336=STYLED_ITEM('',(#20975),#12317);
#337=STYLED_ITEM('',(#20975),#12318);
#338=STYLED_ITEM('',(#20975),#12319);
#339=STYLED_ITEM('',(#20975),#12320);
#340=STYLED_ITEM('',(#20975),#12321);
#341=STYLED_ITEM('',(#20975),#12322);
#342=STYLED_ITEM('',(#20975),#12323);
#343=STYLED_ITEM('',(#20975),#12324);
#344=STYLED_ITEM('',(#20975),#12325);
#345=STYLED_ITEM('',(#20975),#12326);
#346=STYLED_ITEM('',(#20975),#12327);
#347=STYLED_ITEM('',(#20975),#12328);
#348=STYLED_ITEM('',(#20975),#12329);
#349=STYLED_ITEM('',(#20975),#12330);
#350=STYLED_ITEM('',(#20975),#12331);
#351=STYLED_ITEM('',(#20975),#12332);
#352=STYLED_ITEM('',(#20975),#12333);
#353=STYLED_ITEM('',(#20975),#12334);
#354=STYLED_ITEM('',(#20975),#12335);
#355=STYLED_ITEM('',(#20975),#12336);
#356=STYLED_ITEM('',(#20975),#12337);
#357=STYLED_ITEM('',(#20975),#12338);
#358=STYLED_ITEM('',(#20975),#12339);
#359=STYLED_ITEM('',(#20975),#12340);
#360=STYLED_ITEM('',(#20975),#12341);
#361=STYLED_ITEM('',(#20975),#12342);
#362=STYLED_ITEM('',(#20975),#12343);
#363=STYLED_ITEM('',(#20975),#12344);
#364=STYLED_ITEM('',(#20975),#12345);
#365=STYLED_ITEM('',(#20975),#12346);
#366=STYLED_ITEM('',(#20976),#12347);
#367=STYLED_ITEM('',(#20976),#12348);
#368=STYLED_ITEM('',(#20976),#12349);
#369=STYLED_ITEM('',(#20976),#12350);
#370=STYLED_ITEM('',(#20976),#12351);
#371=STYLED_ITEM('',(#20976),#12352);
#372=STYLED_ITEM('',(#20969),#412);
#373=STYLED_ITEM('',(#20980),#12);
#374=MANIFOLD_SOLID_BREP('Placa',#12353);
#375=MANIFOLD_SOLID_BREP('Cuerpo1',#12354);
#376=MANIFOLD_SOLID_BREP('Cuerpo2',#12355);
#377=MANIFOLD_SOLID_BREP('Cuerpo3',#12356);
#378=MANIFOLD_SOLID_BREP('Cuerpo4',#12357);
#379=MANIFOLD_SOLID_BREP('Cuerpo5',#12358);
#380=MANIFOLD_SOLID_BREP('Cuerpo1',#12359);
#381=MANIFOLD_SOLID_BREP('Cuerpo2',#12360);
#382=MANIFOLD_SOLID_BREP('Cuerpo3',#12361);
#383=MANIFOLD_SOLID_BREP('Cuerpo4',#12362);
#384=MANIFOLD_SOLID_BREP('Cuerpo5',#12363);
#385=MANIFOLD_SOLID_BREP('Cuerpo6',#12364);
#386=MANIFOLD_SOLID_BREP('Cuerpo7',#12365);
#387=MANIFOLD_SOLID_BREP('Cuerpo8',#12366);
#388=MANIFOLD_SOLID_BREP('Cuerpo9',#12367);
#389=MANIFOLD_SOLID_BREP('Cuerpo10',#12368);
#390=MANIFOLD_SOLID_BREP('Cuerpo11',#12369);
#391=MANIFOLD_SOLID_BREP('Cuerpo12',#12370);
#392=MANIFOLD_SOLID_BREP('Cuerpo13',#12371);
#393=MANIFOLD_SOLID_BREP('Cuerpo14',#12372);
#394=MANIFOLD_SOLID_BREP('Cuerpo15',#12373);
#395=MANIFOLD_SOLID_BREP('Cuerpo16',#12374);
#396=MANIFOLD_SOLID_BREP('Cuerpo17',#12375);
#397=MANIFOLD_SOLID_BREP('Cuerpo18',#12376);
#398=MANIFOLD_SOLID_BREP('Cuerpo1',#12377);
#399=MANIFOLD_SOLID_BREP('Cuerpo2',#12378);
#400=MANIFOLD_SOLID_BREP('Cuerpo3',#12379);
#401=MANIFOLD_SOLID_BREP('Cuerpo1',#12380);
#402=MANIFOLD_SOLID_BREP('Cuerpo2',#12381);
#403=MANIFOLD_SOLID_BREP('Cuerpo3',#12382);
#404=MANIFOLD_SOLID_BREP('Cuerpo4',#12383);
#405=MANIFOLD_SOLID_BREP('Cuerpo5',#12384);
#406=MANIFOLD_SOLID_BREP('Cuerpo6',#12385);
#407=MANIFOLD_SOLID_BREP('Cuerpo7',#12386);
#408=MANIFOLD_SOLID_BREP('Cuerpo1',#12387);
#409=MANIFOLD_SOLID_BREP('Cuerpo1',#12388);
#410=MANIFOLD_SOLID_BREP('Cuerpo2',#12389);
#411=MANIFOLD_SOLID_BREP('Cuerpo3',#12390);
#412=MANIFOLD_SOLID_BREP('Cuerpo1',#12391);
#413=FACE_BOUND('',#1662,.T.);
#414=FACE_BOUND('',#1663,.T.);
#415=FACE_BOUND('',#1664,.T.);
#416=FACE_BOUND('',#1665,.T.);
#417=FACE_BOUND('',#1666,.T.);
#418=FACE_BOUND('',#1667,.T.);
#419=FACE_BOUND('',#1668,.T.);
#420=FACE_BOUND('',#1669,.T.);
#421=FACE_BOUND('',#1670,.T.);
#422=FACE_BOUND('',#1671,.T.);
#423=FACE_BOUND('',#1672,.T.);
#424=FACE_BOUND('',#1673,.T.);
#425=FACE_BOUND('',#1674,.T.);
#426=FACE_BOUND('',#1675,.T.);
#427=FACE_BOUND('',#1676,.T.);
#428=FACE_BOUND('',#1677,.T.);
#429=FACE_BOUND('',#1678,.T.);
#430=FACE_BOUND('',#1679,.T.);
#431=FACE_BOUND('',#1680,.T.);
#432=FACE_BOUND('',#1681,.T.);
#433=FACE_BOUND('',#1682,.T.);
#434=FACE_BOUND('',#1684,.T.);
#435=FACE_BOUND('',#1685,.T.);
#436=FACE_BOUND('',#1686,.T.);
#437=FACE_BOUND('',#1687,.T.);
#438=FACE_BOUND('',#1688,.T.);
#439=FACE_BOUND('',#1689,.T.);
#440=FACE_BOUND('',#1690,.T.);
#441=FACE_BOUND('',#1691,.T.);
#442=FACE_BOUND('',#1692,.T.);
#443=FACE_BOUND('',#1693,.T.);
#444=FACE_BOUND('',#1694,.T.);
#445=FACE_BOUND('',#1695,.T.);
#446=FACE_BOUND('',#1696,.T.);
#447=FACE_BOUND('',#1697,.T.);
#448=FACE_BOUND('',#1698,.T.);
#449=FACE_BOUND('',#1699,.T.);
#450=FACE_BOUND('',#1700,.T.);
#451=FACE_BOUND('',#1701,.T.);
#452=FACE_BOUND('',#1702,.T.);
#453=FACE_BOUND('',#1703,.T.);
#454=FACE_BOUND('',#1704,.T.);
#455=FACE_BOUND('',#1769,.T.);
#456=FACE_BOUND('',#2081,.T.);
#457=FACE_BOUND('',#2084,.T.);
#458=FACE_BOUND('',#2085,.T.);
#459=FACE_BOUND('',#2086,.T.);
#460=FACE_BOUND('',#2087,.T.);
#461=FACE_BOUND('',#2236,.T.);
#462=FACE_BOUND('',#2239,.T.);
#463=FACE_BOUND('',#2242,.T.);
#464=FACE_BOUND('',#2244,.T.);
#465=FACE_BOUND('',#2392,.T.);
#466=FACE_BOUND('',#2395,.T.);
#467=PLANE('',#12588);
#468=PLANE('',#12589);
#469=PLANE('',#12590);
#470=PLANE('',#12591);
#471=PLANE('',#12592);
#472=PLANE('',#12597);
#473=PLANE('',#12604);
#474=PLANE('',#12606);
#475=PLANE('',#12608);
#476=PLANE('',#12613);
#477=PLANE('',#12614);
#478=PLANE('',#12615);
#479=PLANE('',#12616);
#480=PLANE('',#12617);
#481=PLANE('',#12618);
#482=PLANE('',#12625);
#483=PLANE('',#12626);
#484=PLANE('',#12628);
#485=PLANE('',#12629);
#486=PLANE('',#12630);
#487=PLANE('',#12631);
#488=PLANE('',#12632);
#489=PLANE('',#12635);
#490=PLANE('',#12636);
#491=PLANE('',#12637);
#492=PLANE('',#12638);
#493=PLANE('',#12639);
#494=PLANE('',#12640);
#495=PLANE('',#12641);
#496=PLANE('',#12642);
#497=PLANE('',#12644);
#498=PLANE('',#12646);
#499=PLANE('',#12651);
#500=PLANE('',#12652);
#501=PLANE('',#12653);
#502=PLANE('',#12654);
#503=PLANE('',#12655);
#504=PLANE('',#12656);
#505=PLANE('',#12658);
#506=PLANE('',#12660);
#507=PLANE('',#12665);
#508=PLANE('',#12666);
#509=PLANE('',#12667);
#510=PLANE('',#12668);
#511=PLANE('',#12669);
#512=PLANE('',#12670);
#513=PLANE('',#12672);
#514=PLANE('',#12674);
#515=PLANE('',#12686);
#516=PLANE('',#12687);
#517=PLANE('',#12688);
#518=PLANE('',#12689);
#519=PLANE('',#12690);
#520=PLANE('',#12691);
#521=PLANE('',#12692);
#522=PLANE('',#12693);
#523=PLANE('',#12694);
#524=PLANE('',#12695);
#525=PLANE('',#12696);
#526=PLANE('',#12697);
#527=PLANE('',#12698);
#528=PLANE('',#12699);
#529=PLANE('',#12700);
#530=PLANE('',#12701);
#531=PLANE('',#12702);
#532=PLANE('',#12703);
#533=PLANE('',#12704);
#534=PLANE('',#12708);
#535=PLANE('',#12712);
#536=PLANE('',#12713);
#537=PLANE('',#12714);
#538=PLANE('',#12715);
#539=PLANE('',#12716);
#540=PLANE('',#12720);
#541=PLANE('',#12724);
#542=PLANE('',#12725);
#543=PLANE('',#12726);
#544=PLANE('',#12727);
#545=PLANE('',#12728);
#546=PLANE('',#12732);
#547=PLANE('',#12736);
#548=PLANE('',#12737);
#549=PLANE('',#12738);
#550=PLANE('',#12739);
#551=PLANE('',#12740);
#552=PLANE('',#12744);
#553=PLANE('',#12748);
#554=PLANE('',#12749);
#555=PLANE('',#12750);
#556=PLANE('',#12751);
#557=PLANE('',#12752);
#558=PLANE('',#12756);
#559=PLANE('',#12760);
#560=PLANE('',#12761);
#561=PLANE('',#12762);
#562=PLANE('',#12763);
#563=PLANE('',#12764);
#564=PLANE('',#12768);
#565=PLANE('',#12772);
#566=PLANE('',#12773);
#567=PLANE('',#12774);
#568=PLANE('',#12775);
#569=PLANE('',#12776);
#570=PLANE('',#12780);
#571=PLANE('',#12784);
#572=PLANE('',#12785);
#573=PLANE('',#12786);
#574=PLANE('',#12787);
#575=PLANE('',#12788);
#576=PLANE('',#12792);
#577=PLANE('',#12796);
#578=PLANE('',#12797);
#579=PLANE('',#12798);
#580=PLANE('',#12799);
#581=PLANE('',#12800);
#582=PLANE('',#12801);
#583=PLANE('',#12802);
#584=PLANE('',#12803);
#585=PLANE('',#12804);
#586=PLANE('',#12805);
#587=PLANE('',#12806);
#588=PLANE('',#12807);
#589=PLANE('',#12808);
#590=PLANE('',#12809);
#591=PLANE('',#12810);
#592=PLANE('',#12811);
#593=PLANE('',#12812);
#594=PLANE('',#12813);
#595=PLANE('',#12814);
#596=PLANE('',#12815);
#597=PLANE('',#12816);
#598=PLANE('',#12817);
#599=PLANE('',#12818);
#600=PLANE('',#12819);
#601=PLANE('',#12820);
#602=PLANE('',#12821);
#603=PLANE('',#12822);
#604=PLANE('',#12823);
#605=PLANE('',#12824);
#606=PLANE('',#12825);
#607=PLANE('',#12826);
#608=PLANE('',#12827);
#609=PLANE('',#12828);
#610=PLANE('',#12829);
#611=PLANE('',#12830);
#612=PLANE('',#12831);
#613=PLANE('',#12832);
#614=PLANE('',#12833);
#615=PLANE('',#12834);
#616=PLANE('',#12835);
#617=PLANE('',#12836);
#618=PLANE('',#12837);
#619=PLANE('',#12838);
#620=PLANE('',#12839);
#621=PLANE('',#12840);
#622=PLANE('',#12841);
#623=PLANE('',#12842);
#624=PLANE('',#12843);
#625=PLANE('',#12844);
#626=PLANE('',#12845);
#627=PLANE('',#12846);
#628=PLANE('',#12894);
#629=PLANE('',#12895);
#630=PLANE('',#12896);
#631=PLANE('',#12897);
#632=PLANE('',#12898);
#633=PLANE('',#12899);
#634=PLANE('',#12944);
#635=PLANE('',#12945);
#636=PLANE('',#12946);
#637=PLANE('',#12947);
#638=PLANE('',#12948);
#639=PLANE('',#12949);
#640=PLANE('',#12950);
#641=PLANE('',#12951);
#642=PLANE('',#12952);
#643=PLANE('',#12953);
#644=PLANE('',#12954);
#645=PLANE('',#12955);
#646=PLANE('',#12960);
#647=PLANE('',#12961);
#648=PLANE('',#12962);
#649=PLANE('',#12963);
#650=PLANE('',#12964);
#651=PLANE('',#12968);
#652=PLANE('',#12975);
#653=PLANE('',#12982);
#654=PLANE('',#12986);
#655=PLANE('',#12987);
#656=PLANE('',#12988);
#657=PLANE('',#12992);
#658=PLANE('',#12996);
#659=PLANE('',#12997);
#660=PLANE('',#12998);
#661=PLANE('',#12999);
#662=PLANE('',#13000);
#663=PLANE('',#13001);
#664=PLANE('',#13002);
#665=PLANE('',#13003);
#666=PLANE('',#13004);
#667=PLANE('',#13005);
#668=PLANE('',#13009);
#669=PLANE('',#13013);
#670=PLANE('',#13017);
#671=PLANE('',#13018);
#672=PLANE('',#13022);
#673=PLANE('',#13026);
#674=PLANE('',#13030);
#675=PLANE('',#13031);
#676=PLANE('',#13032);
#677=PLANE('',#13033);
#678=PLANE('',#13034);
#679=PLANE('',#13035);
#680=PLANE('',#13036);
#681=PLANE('',#13037);
#682=PLANE('',#13041);
#683=PLANE('',#13045);
#684=PLANE('',#13049);
#685=PLANE('',#13050);
#686=PLANE('',#13054);
#687=PLANE('',#13058);
#688=PLANE('',#13062);
#689=PLANE('',#13063);
#690=PLANE('',#13064);
#691=PLANE('',#13065);
#692=PLANE('',#13066);
#693=PLANE('',#13067);
#694=PLANE('',#13068);
#695=PLANE('',#13069);
#696=PLANE('',#13073);
#697=PLANE('',#13077);
#698=PLANE('',#13081);
#699=PLANE('',#13082);
#700=PLANE('',#13086);
#701=PLANE('',#13090);
#702=PLANE('',#13094);
#703=PLANE('',#13095);
#704=PLANE('',#13096);
#705=PLANE('',#13097);
#706=PLANE('',#13098);
#707=PLANE('',#13099);
#708=PLANE('',#13100);
#709=PLANE('',#13101);
#710=PLANE('',#13105);
#711=PLANE('',#13112);
#712=PLANE('',#13119);
#713=PLANE('',#13123);
#714=PLANE('',#13124);
#715=PLANE('',#13125);
#716=PLANE('',#13129);
#717=PLANE('',#13133);
#718=PLANE('',#13134);
#719=PLANE('',#13135);
#720=PLANE('',#13136);
#721=PLANE('',#13137);
#722=PLANE('',#13138);
#723=PLANE('',#13139);
#724=PLANE('',#13140);
#725=PLANE('',#13141);
#726=PLANE('',#13142);
#727=PLANE('',#13146);
#728=PLANE('',#13150);
#729=PLANE('',#13154);
#730=PLANE('',#13155);
#731=PLANE('',#13159);
#732=PLANE('',#13163);
#733=PLANE('',#13167);
#734=PLANE('',#13168);
#735=PLANE('',#13169);
#736=PLANE('',#13170);
#737=PLANE('',#13171);
#738=PLANE('',#13172);
#739=PLANE('',#13173);
#740=PLANE('',#13174);
#741=PLANE('',#13175);
#742=PLANE('',#13176);
#743=PLANE('',#13177);
#744=PLANE('',#13178);
#745=PLANE('',#13179);
#746=PLANE('',#13180);
#747=PLANE('',#13181);
#748=PLANE('',#13182);
#749=PLANE('',#13183);
#750=PLANE('',#13184);
#751=PLANE('',#13185);
#752=PLANE('',#13186);
#753=PLANE('',#13187);
#754=PLANE('',#13188);
#755=PLANE('',#13189);
#756=PLANE('',#13190);
#757=PLANE('',#13191);
#758=PLANE('',#13192);
#759=PLANE('',#13193);
#760=PLANE('',#13194);
#761=PLANE('',#13195);
#762=PLANE('',#13196);
#763=PLANE('',#13197);
#764=PLANE('',#13198);
#765=PLANE('',#13199);
#766=PLANE('',#13200);
#767=PLANE('',#13201);
#768=PLANE('',#13202);
#769=PLANE('',#13203);
#770=PLANE('',#13204);
#771=PLANE('',#13205);
#772=PLANE('',#13206);
#773=PLANE('',#13207);
#774=PLANE('',#13208);
#775=PLANE('',#13209);
#776=PLANE('',#13210);
#777=PLANE('',#13211);
#778=PLANE('',#13212);
#779=PLANE('',#13213);
#780=PLANE('',#13214);
#781=PLANE('',#13215);
#782=PLANE('',#13216);
#783=PLANE('',#13217);
#784=PLANE('',#13218);
#785=PLANE('',#13219);
#786=PLANE('',#13220);
#787=PLANE('',#13221);
#788=PLANE('',#13222);
#789=PLANE('',#13223);
#790=PLANE('',#13224);
#791=PLANE('',#13225);
#792=PLANE('',#13226);
#793=PLANE('',#13227);
#794=PLANE('',#13228);
#795=PLANE('',#13229);
#796=PLANE('',#13230);
#797=PLANE('',#13231);
#798=PLANE('',#13232);
#799=PLANE('',#13233);
#800=PLANE('',#13234);
#801=PLANE('',#13235);
#802=PLANE('',#13236);
#803=PLANE('',#13237);
#804=PLANE('',#13238);
#805=PLANE('',#13239);
#806=PLANE('',#13240);
#807=PLANE('',#13241);
#808=PLANE('',#13242);
#809=PLANE('',#13243);
#810=PLANE('',#13244);
#811=PLANE('',#13245);
#812=PLANE('',#13246);
#813=PLANE('',#13247);
#814=PLANE('',#13248);
#815=PLANE('',#13249);
#816=PLANE('',#13250);
#817=PLANE('',#13251);
#818=PLANE('',#13252);
#819=PLANE('',#13253);
#820=PLANE('',#13254);
#821=PLANE('',#13255);
#822=PLANE('',#13256);
#823=PLANE('',#13257);
#824=PLANE('',#13258);
#825=PLANE('',#13259);
#826=PLANE('',#13260);
#827=PLANE('',#13261);
#828=PLANE('',#13262);
#829=PLANE('',#13263);
#830=PLANE('',#13264);
#831=PLANE('',#13265);
#832=PLANE('',#13266);
#833=PLANE('',#13267);
#834=PLANE('',#13268);
#835=PLANE('',#13317);
#836=PLANE('',#13318);
#837=PLANE('',#13319);
#838=PLANE('',#13320);
#839=PLANE('',#13321);
#840=PLANE('',#13366);
#841=PLANE('',#13367);
#842=PLANE('',#13368);
#843=PLANE('',#13369);
#844=PLANE('',#13370);
#845=PLANE('',#13371);
#846=PLANE('',#13372);
#847=PLANE('',#13373);
#848=PLANE('',#13374);
#849=PLANE('',#13375);
#850=PLANE('',#13376);
#851=PLANE('',#13380);
#852=PLANE('',#13381);
#853=PLANE('',#13382);
#854=PLANE('',#13383);
#855=PLANE('',#13384);
#856=PLANE('',#13385);
#857=PLANE('',#13386);
#858=PLANE('',#13387);
#859=PLANE('',#13388);
#860=PLANE('',#13389);
#861=PLANE('',#13390);
#862=PLANE('',#13391);
#863=PLANE('',#13392);
#864=PLANE('',#13393);
#865=PLANE('',#13394);
#866=PLANE('',#13395);
#867=PLANE('',#13396);
#868=PLANE('',#13397);
#869=PLANE('',#13398);
#870=PLANE('',#13443);
#871=PLANE('',#13444);
#872=PLANE('',#13445);
#873=PLANE('',#13446);
#874=PLANE('',#13447);
#875=PLANE('',#13448);
#876=PLANE('',#13449);
#877=PLANE('',#13450);
#878=PLANE('',#13451);
#879=PLANE('',#13452);
#880=PLANE('',#13453);
#881=PLANE('',#13454);
#882=PLANE('',#13455);
#883=PLANE('',#13456);
#884=PLANE('',#13457);
#885=PLANE('',#13458);
#886=PLANE('',#13459);
#887=PLANE('',#13460);
#888=PLANE('',#13461);
#889=PLANE('',#13462);
#890=PLANE('',#13463);
#891=PLANE('',#13508);
#892=PLANE('',#13509);
#893=PLANE('',#13510);
#894=PLANE('',#13511);
#895=PLANE('',#13512);
#896=PLANE('',#13513);
#897=PLANE('',#13514);
#898=PLANE('',#13515);
#899=PLANE('',#13516);
#900=PLANE('',#13517);
#901=PLANE('',#13518);
#902=PLANE('',#13519);
#903=PLANE('',#13520);
#904=PLANE('',#13521);
#905=PLANE('',#13522);
#906=PLANE('',#13523);
#907=PLANE('',#13571);
#908=PLANE('',#13572);
#909=PLANE('',#13573);
#910=PLANE('',#13574);
#911=PLANE('',#13575);
#912=PLANE('',#13620);
#913=PLANE('',#13621);
#914=PLANE('',#13622);
#915=PLANE('',#13623);
#916=PLANE('',#13624);
#917=PLANE('',#13625);
#918=PLANE('',#13626);
#919=PLANE('',#13627);
#920=PLANE('',#13628);
#921=PLANE('',#13629);
#922=PLANE('',#13630);
#923=FACE_OUTER_BOUND('',#1633,.T.);
#924=FACE_OUTER_BOUND('',#1634,.T.);
#925=FACE_OUTER_BOUND('',#1635,.T.);
#926=FACE_OUTER_BOUND('',#1636,.T.);
#927=FACE_OUTER_BOUND('',#1637,.T.);
#928=FACE_OUTER_BOUND('',#1638,.T.);
#929=FACE_OUTER_BOUND('',#1639,.T.);
#930=FACE_OUTER_BOUND('',#1640,.T.);
#931=FACE_OUTER_BOUND('',#1641,.T.);
#932=FACE_OUTER_BOUND('',#1642,.T.);
#933=FACE_OUTER_BOUND('',#1643,.T.);
#934=FACE_OUTER_BOUND('',#1644,.T.);
#935=FACE_OUTER_BOUND('',#1645,.T.);
#936=FACE_OUTER_BOUND('',#1646,.T.);
#937=FACE_OUTER_BOUND('',#1647,.T.);
#938=FACE_OUTER_BOUND('',#1648,.T.);
#939=FACE_OUTER_BOUND('',#1649,.T.);
#940=FACE_OUTER_BOUND('',#1650,.T.);
#941=FACE_OUTER_BOUND('',#1651,.T.);
#942=FACE_OUTER_BOUND('',#1652,.T.);
#943=FACE_OUTER_BOUND('',#1653,.T.);
#944=FACE_OUTER_BOUND('',#1654,.T.);
#945=FACE_OUTER_BOUND('',#1655,.T.);
#946=FACE_OUTER_BOUND('',#1656,.T.);
#947=FACE_OUTER_BOUND('',#1657,.T.);
#948=FACE_OUTER_BOUND('',#1658,.T.);
#949=FACE_OUTER_BOUND('',#1659,.T.);
#950=FACE_OUTER_BOUND('',#1660,.T.);
#951=FACE_OUTER_BOUND('',#1661,.T.);
#952=FACE_OUTER_BOUND('',#1683,.T.);
#953=FACE_OUTER_BOUND('',#1705,.T.);
#954=FACE_OUTER_BOUND('',#1706,.T.);
#955=FACE_OUTER_BOUND('',#1707,.T.);
#956=FACE_OUTER_BOUND('',#1708,.T.);
#957=FACE_OUTER_BOUND('',#1709,.T.);
#958=FACE_OUTER_BOUND('',#1710,.T.);
#959=FACE_OUTER_BOUND('',#1711,.T.);
#960=FACE_OUTER_BOUND('',#1712,.T.);
#961=FACE_OUTER_BOUND('',#1713,.T.);
#962=FACE_OUTER_BOUND('',#1714,.T.);
#963=FACE_OUTER_BOUND('',#1715,.T.);
#964=FACE_OUTER_BOUND('',#1716,.T.);
#965=FACE_OUTER_BOUND('',#1717,.T.);
#966=FACE_OUTER_BOUND('',#1718,.T.);
#967=FACE_OUTER_BOUND('',#1719,.T.);
#968=FACE_OUTER_BOUND('',#1720,.T.);
#969=FACE_OUTER_BOUND('',#1721,.T.);
#970=FACE_OUTER_BOUND('',#1722,.T.);
#971=FACE_OUTER_BOUND('',#1723,.T.);
#972=FACE_OUTER_BOUND('',#1724,.T.);
#973=FACE_OUTER_BOUND('',#1725,.T.);
#974=FACE_OUTER_BOUND('',#1726,.T.);
#975=FACE_OUTER_BOUND('',#1727,.T.);
#976=FACE_OUTER_BOUND('',#1728,.T.);
#977=FACE_OUTER_BOUND('',#1729,.T.);
#978=FACE_OUTER_BOUND('',#1730,.T.);
#979=FACE_OUTER_BOUND('',#1731,.T.);
#980=FACE_OUTER_BOUND('',#1732,.T.);
#981=FACE_OUTER_BOUND('',#1733,.T.);
#982=FACE_OUTER_BOUND('',#1734,.T.);
#983=FACE_OUTER_BOUND('',#1735,.T.);
#984=FACE_OUTER_BOUND('',#1736,.T.);
#985=FACE_OUTER_BOUND('',#1737,.T.);
#986=FACE_OUTER_BOUND('',#1738,.T.);
#987=FACE_OUTER_BOUND('',#1739,.T.);
#988=FACE_OUTER_BOUND('',#1740,.T.);
#989=FACE_OUTER_BOUND('',#1741,.T.);
#990=FACE_OUTER_BOUND('',#1742,.T.);
#991=FACE_OUTER_BOUND('',#1743,.T.);
#992=FACE_OUTER_BOUND('',#1744,.T.);
#993=FACE_OUTER_BOUND('',#1745,.T.);
#994=FACE_OUTER_BOUND('',#1746,.T.);
#995=FACE_OUTER_BOUND('',#1747,.T.);
#996=FACE_OUTER_BOUND('',#1748,.T.);
#997=FACE_OUTER_BOUND('',#1749,.T.);
#998=FACE_OUTER_BOUND('',#1750,.T.);
#999=FACE_OUTER_BOUND('',#1751,.T.);
#1000=FACE_OUTER_BOUND('',#1752,.T.);
#1001=FACE_OUTER_BOUND('',#1753,.T.);
#1002=FACE_OUTER_BOUND('',#1754,.T.);
#1003=FACE_OUTER_BOUND('',#1755,.T.);
#1004=FACE_OUTER_BOUND('',#1756,.T.);
#1005=FACE_OUTER_BOUND('',#1757,.T.);
#1006=FACE_OUTER_BOUND('',#1758,.T.);
#1007=FACE_OUTER_BOUND('',#1759,.T.);
#1008=FACE_OUTER_BOUND('',#1760,.T.);
#1009=FACE_OUTER_BOUND('',#1761,.T.);
#1010=FACE_OUTER_BOUND('',#1762,.T.);
#1011=FACE_OUTER_BOUND('',#1763,.T.);
#1012=FACE_OUTER_BOUND('',#1764,.T.);
#1013=FACE_OUTER_BOUND('',#1765,.T.);
#1014=FACE_OUTER_BOUND('',#1766,.T.);
#1015=FACE_OUTER_BOUND('',#1767,.T.);
#1016=FACE_OUTER_BOUND('',#1768,.T.);
#1017=FACE_OUTER_BOUND('',#1770,.T.);
#1018=FACE_OUTER_BOUND('',#1771,.T.);
#1019=FACE_OUTER_BOUND('',#1772,.T.);
#1020=FACE_OUTER_BOUND('',#1773,.T.);
#1021=FACE_OUTER_BOUND('',#1774,.T.);
#1022=FACE_OUTER_BOUND('',#1775,.T.);
#1023=FACE_OUTER_BOUND('',#1776,.T.);
#1024=FACE_OUTER_BOUND('',#1777,.T.);
#1025=FACE_OUTER_BOUND('',#1778,.T.);
#1026=FACE_OUTER_BOUND('',#1779,.T.);
#1027=FACE_OUTER_BOUND('',#1780,.T.);
#1028=FACE_OUTER_BOUND('',#1781,.T.);
#1029=FACE_OUTER_BOUND('',#1782,.T.);
#1030=FACE_OUTER_BOUND('',#1783,.T.);
#1031=FACE_OUTER_BOUND('',#1784,.T.);
#1032=FACE_OUTER_BOUND('',#1785,.T.);
#1033=FACE_OUTER_BOUND('',#1786,.T.);
#1034=FACE_OUTER_BOUND('',#1787,.T.);
#1035=FACE_OUTER_BOUND('',#1788,.T.);
#1036=FACE_OUTER_BOUND('',#1789,.T.);
#1037=FACE_OUTER_BOUND('',#1790,.T.);
#1038=FACE_OUTER_BOUND('',#1791,.T.);
#1039=FACE_OUTER_BOUND('',#1792,.T.);
#1040=FACE_OUTER_BOUND('',#1793,.T.);
#1041=FACE_OUTER_BOUND('',#1794,.T.);
#1042=FACE_OUTER_BOUND('',#1795,.T.);
#1043=FACE_OUTER_BOUND('',#1796,.T.);
#1044=FACE_OUTER_BOUND('',#1797,.T.);
#1045=FACE_OUTER_BOUND('',#1798,.T.);
#1046=FACE_OUTER_BOUND('',#1799,.T.);
#1047=FACE_OUTER_BOUND('',#1800,.T.);
#1048=FACE_OUTER_BOUND('',#1801,.T.);
#1049=FACE_OUTER_BOUND('',#1802,.T.);
#1050=FACE_OUTER_BOUND('',#1803,.T.);
#1051=FACE_OUTER_BOUND('',#1804,.T.);
#1052=FACE_OUTER_BOUND('',#1805,.T.);
#1053=FACE_OUTER_BOUND('',#1806,.T.);
#1054=FACE_OUTER_BOUND('',#1807,.T.);
#1055=FACE_OUTER_BOUND('',#1808,.T.);
#1056=FACE_OUTER_BOUND('',#1809,.T.);
#1057=FACE_OUTER_BOUND('',#1810,.T.);
#1058=FACE_OUTER_BOUND('',#1811,.T.);
#1059=FACE_OUTER_BOUND('',#1812,.T.);
#1060=FACE_OUTER_BOUND('',#1813,.T.);
#1061=FACE_OUTER_BOUND('',#1814,.T.);
#1062=FACE_OUTER_BOUND('',#1815,.T.);
#1063=FACE_OUTER_BOUND('',#1816,.T.);
#1064=FACE_OUTER_BOUND('',#1817,.T.);
#1065=FACE_OUTER_BOUND('',#1818,.T.);
#1066=FACE_OUTER_BOUND('',#1819,.T.);
#1067=FACE_OUTER_BOUND('',#1820,.T.);
#1068=FACE_OUTER_BOUND('',#1821,.T.);
#1069=FACE_OUTER_BOUND('',#1822,.T.);
#1070=FACE_OUTER_BOUND('',#1823,.T.);
#1071=FACE_OUTER_BOUND('',#1824,.T.);
#1072=FACE_OUTER_BOUND('',#1825,.T.);
#1073=FACE_OUTER_BOUND('',#1826,.T.);
#1074=FACE_OUTER_BOUND('',#1827,.T.);
#1075=FACE_OUTER_BOUND('',#1828,.T.);
#1076=FACE_OUTER_BOUND('',#1829,.T.);
#1077=FACE_OUTER_BOUND('',#1830,.T.);
#1078=FACE_OUTER_BOUND('',#1831,.T.);
#1079=FACE_OUTER_BOUND('',#1832,.T.);
#1080=FACE_OUTER_BOUND('',#1833,.T.);
#1081=FACE_OUTER_BOUND('',#1834,.T.);
#1082=FACE_OUTER_BOUND('',#1835,.T.);
#1083=FACE_OUTER_BOUND('',#1836,.T.);
#1084=FACE_OUTER_BOUND('',#1837,.T.);
#1085=FACE_OUTER_BOUND('',#1838,.T.);
#1086=FACE_OUTER_BOUND('',#1839,.T.);
#1087=FACE_OUTER_BOUND('',#1840,.T.);
#1088=FACE_OUTER_BOUND('',#1841,.T.);
#1089=FACE_OUTER_BOUND('',#1842,.T.);
#1090=FACE_OUTER_BOUND('',#1843,.T.);
#1091=FACE_OUTER_BOUND('',#1844,.T.);
#1092=FACE_OUTER_BOUND('',#1845,.T.);
#1093=FACE_OUTER_BOUND('',#1846,.T.);
#1094=FACE_OUTER_BOUND('',#1847,.T.);
#1095=FACE_OUTER_BOUND('',#1848,.T.);
#1096=FACE_OUTER_BOUND('',#1849,.T.);
#1097=FACE_OUTER_BOUND('',#1850,.T.);
#1098=FACE_OUTER_BOUND('',#1851,.T.);
#1099=FACE_OUTER_BOUND('',#1852,.T.);
#1100=FACE_OUTER_BOUND('',#1853,.T.);
#1101=FACE_OUTER_BOUND('',#1854,.T.);
#1102=FACE_OUTER_BOUND('',#1855,.T.);
#1103=FACE_OUTER_BOUND('',#1856,.T.);
#1104=FACE_OUTER_BOUND('',#1857,.T.);
#1105=FACE_OUTER_BOUND('',#1858,.T.);
#1106=FACE_OUTER_BOUND('',#1859,.T.);
#1107=FACE_OUTER_BOUND('',#1860,.T.);
#1108=FACE_OUTER_BOUND('',#1861,.T.);
#1109=FACE_OUTER_BOUND('',#1862,.T.);
#1110=FACE_OUTER_BOUND('',#1863,.T.);
#1111=FACE_OUTER_BOUND('',#1864,.T.);
#1112=FACE_OUTER_BOUND('',#1865,.T.);
#1113=FACE_OUTER_BOUND('',#1866,.T.);
#1114=FACE_OUTER_BOUND('',#1867,.T.);
#1115=FACE_OUTER_BOUND('',#1868,.T.);
#1116=FACE_OUTER_BOUND('',#1869,.T.);
#1117=FACE_OUTER_BOUND('',#1870,.T.);
#1118=FACE_OUTER_BOUND('',#1871,.T.);
#1119=FACE_OUTER_BOUND('',#1872,.T.);
#1120=FACE_OUTER_BOUND('',#1873,.T.);
#1121=FACE_OUTER_BOUND('',#1874,.T.);
#1122=FACE_OUTER_BOUND('',#1875,.T.);
#1123=FACE_OUTER_BOUND('',#1876,.T.);
#1124=FACE_OUTER_BOUND('',#1877,.T.);
#1125=FACE_OUTER_BOUND('',#1878,.T.);
#1126=FACE_OUTER_BOUND('',#1879,.T.);
#1127=FACE_OUTER_BOUND('',#1880,.T.);
#1128=FACE_OUTER_BOUND('',#1881,.T.);
#1129=FACE_OUTER_BOUND('',#1882,.T.);
#1130=FACE_OUTER_BOUND('',#1883,.T.);
#1131=FACE_OUTER_BOUND('',#1884,.T.);
#1132=FACE_OUTER_BOUND('',#1885,.T.);
#1133=FACE_OUTER_BOUND('',#1886,.T.);
#1134=FACE_OUTER_BOUND('',#1887,.T.);
#1135=FACE_OUTER_BOUND('',#1888,.T.);
#1136=FACE_OUTER_BOUND('',#1889,.T.);
#1137=FACE_OUTER_BOUND('',#1890,.T.);
#1138=FACE_OUTER_BOUND('',#1891,.T.);
#1139=FACE_OUTER_BOUND('',#1892,.T.);
#1140=FACE_OUTER_BOUND('',#1893,.T.);
#1141=FACE_OUTER_BOUND('',#1894,.T.);
#1142=FACE_OUTER_BOUND('',#1895,.T.);
#1143=FACE_OUTER_BOUND('',#1896,.T.);
#1144=FACE_OUTER_BOUND('',#1897,.T.);
#1145=FACE_OUTER_BOUND('',#1898,.T.);
#1146=FACE_OUTER_BOUND('',#1899,.T.);
#1147=FACE_OUTER_BOUND('',#1900,.T.);
#1148=FACE_OUTER_BOUND('',#1901,.T.);
#1149=FACE_OUTER_BOUND('',#1902,.T.);
#1150=FACE_OUTER_BOUND('',#1903,.T.);
#1151=FACE_OUTER_BOUND('',#1904,.T.);
#1152=FACE_OUTER_BOUND('',#1905,.T.);
#1153=FACE_OUTER_BOUND('',#1906,.T.);
#1154=FACE_OUTER_BOUND('',#1907,.T.);
#1155=FACE_OUTER_BOUND('',#1908,.T.);
#1156=FACE_OUTER_BOUND('',#1909,.T.);
#1157=FACE_OUTER_BOUND('',#1910,.T.);
#1158=FACE_OUTER_BOUND('',#1911,.T.);
#1159=FACE_OUTER_BOUND('',#1912,.T.);
#1160=FACE_OUTER_BOUND('',#1913,.T.);
#1161=FACE_OUTER_BOUND('',#1914,.T.);
#1162=FACE_OUTER_BOUND('',#1915,.T.);
#1163=FACE_OUTER_BOUND('',#1916,.T.);
#1164=FACE_OUTER_BOUND('',#1917,.T.);
#1165=FACE_OUTER_BOUND('',#1918,.T.);
#1166=FACE_OUTER_BOUND('',#1919,.T.);
#1167=FACE_OUTER_BOUND('',#1920,.T.);
#1168=FACE_OUTER_BOUND('',#1921,.T.);
#1169=FACE_OUTER_BOUND('',#1922,.T.);
#1170=FACE_OUTER_BOUND('',#1923,.T.);
#1171=FACE_OUTER_BOUND('',#1924,.T.);
#1172=FACE_OUTER_BOUND('',#1925,.T.);
#1173=FACE_OUTER_BOUND('',#1926,.T.);
#1174=FACE_OUTER_BOUND('',#1927,.T.);
#1175=FACE_OUTER_BOUND('',#1928,.T.);
#1176=FACE_OUTER_BOUND('',#1929,.T.);
#1177=FACE_OUTER_BOUND('',#1930,.T.);
#1178=FACE_OUTER_BOUND('',#1931,.T.);
#1179=FACE_OUTER_BOUND('',#1932,.T.);
#1180=FACE_OUTER_BOUND('',#1933,.T.);
#1181=FACE_OUTER_BOUND('',#1934,.T.);
#1182=FACE_OUTER_BOUND('',#1935,.T.);
#1183=FACE_OUTER_BOUND('',#1936,.T.);
#1184=FACE_OUTER_BOUND('',#1937,.T.);
#1185=FACE_OUTER_BOUND('',#1938,.T.);
#1186=FACE_OUTER_BOUND('',#1939,.T.);
#1187=FACE_OUTER_BOUND('',#1940,.T.);
#1188=FACE_OUTER_BOUND('',#1941,.T.);
#1189=FACE_OUTER_BOUND('',#1942,.T.);
#1190=FACE_OUTER_BOUND('',#1943,.T.);
#1191=FACE_OUTER_BOUND('',#1944,.T.);
#1192=FACE_OUTER_BOUND('',#1945,.T.);
#1193=FACE_OUTER_BOUND('',#1946,.T.);
#1194=FACE_OUTER_BOUND('',#1947,.T.);
#1195=FACE_OUTER_BOUND('',#1948,.T.);
#1196=FACE_OUTER_BOUND('',#1949,.T.);
#1197=FACE_OUTER_BOUND('',#1950,.T.);
#1198=FACE_OUTER_BOUND('',#1951,.T.);
#1199=FACE_OUTER_BOUND('',#1952,.T.);
#1200=FACE_OUTER_BOUND('',#1953,.T.);
#1201=FACE_OUTER_BOUND('',#1954,.T.);
#1202=FACE_OUTER_BOUND('',#1955,.T.);
#1203=FACE_OUTER_BOUND('',#1956,.T.);
#1204=FACE_OUTER_BOUND('',#1957,.T.);
#1205=FACE_OUTER_BOUND('',#1958,.T.);
#1206=FACE_OUTER_BOUND('',#1959,.T.);
#1207=FACE_OUTER_BOUND('',#1960,.T.);
#1208=FACE_OUTER_BOUND('',#1961,.T.);
#1209=FACE_OUTER_BOUND('',#1962,.T.);
#1210=FACE_OUTER_BOUND('',#1963,.T.);
#1211=FACE_OUTER_BOUND('',#1964,.T.);
#1212=FACE_OUTER_BOUND('',#1965,.T.);
#1213=FACE_OUTER_BOUND('',#1966,.T.);
#1214=FACE_OUTER_BOUND('',#1967,.T.);
#1215=FACE_OUTER_BOUND('',#1968,.T.);
#1216=FACE_OUTER_BOUND('',#1969,.T.);
#1217=FACE_OUTER_BOUND('',#1970,.T.);
#1218=FACE_OUTER_BOUND('',#1971,.T.);
#1219=FACE_OUTER_BOUND('',#1972,.T.);
#1220=FACE_OUTER_BOUND('',#1973,.T.);
#1221=FACE_OUTER_BOUND('',#1974,.T.);
#1222=FACE_OUTER_BOUND('',#1975,.T.);
#1223=FACE_OUTER_BOUND('',#1976,.T.);
#1224=FACE_OUTER_BOUND('',#1977,.T.);
#1225=FACE_OUTER_BOUND('',#1978,.T.);
#1226=FACE_OUTER_BOUND('',#1979,.T.);
#1227=FACE_OUTER_BOUND('',#1980,.T.);
#1228=FACE_OUTER_BOUND('',#1981,.T.);
#1229=FACE_OUTER_BOUND('',#1982,.T.);
#1230=FACE_OUTER_BOUND('',#1983,.T.);
#1231=FACE_OUTER_BOUND('',#1984,.T.);
#1232=FACE_OUTER_BOUND('',#1985,.T.);
#1233=FACE_OUTER_BOUND('',#1986,.T.);
#1234=FACE_OUTER_BOUND('',#1987,.T.);
#1235=FACE_OUTER_BOUND('',#1988,.T.);
#1236=FACE_OUTER_BOUND('',#1989,.T.);
#1237=FACE_OUTER_BOUND('',#1990,.T.);
#1238=FACE_OUTER_BOUND('',#1991,.T.);
#1239=FACE_OUTER_BOUND('',#1992,.T.);
#1240=FACE_OUTER_BOUND('',#1993,.T.);
#1241=FACE_OUTER_BOUND('',#1994,.T.);
#1242=FACE_OUTER_BOUND('',#1995,.T.);
#1243=FACE_OUTER_BOUND('',#1996,.T.);
#1244=FACE_OUTER_BOUND('',#1997,.T.);
#1245=FACE_OUTER_BOUND('',#1998,.T.);
#1246=FACE_OUTER_BOUND('',#1999,.T.);
#1247=FACE_OUTER_BOUND('',#2000,.T.);
#1248=FACE_OUTER_BOUND('',#2001,.T.);
#1249=FACE_OUTER_BOUND('',#2002,.T.);
#1250=FACE_OUTER_BOUND('',#2003,.T.);
#1251=FACE_OUTER_BOUND('',#2004,.T.);
#1252=FACE_OUTER_BOUND('',#2005,.T.);
#1253=FACE_OUTER_BOUND('',#2006,.T.);
#1254=FACE_OUTER_BOUND('',#2007,.T.);
#1255=FACE_OUTER_BOUND('',#2008,.T.);
#1256=FACE_OUTER_BOUND('',#2009,.T.);
#1257=FACE_OUTER_BOUND('',#2010,.T.);
#1258=FACE_OUTER_BOUND('',#2011,.T.);
#1259=FACE_OUTER_BOUND('',#2012,.T.);
#1260=FACE_OUTER_BOUND('',#2013,.T.);
#1261=FACE_OUTER_BOUND('',#2014,.T.);
#1262=FACE_OUTER_BOUND('',#2015,.T.);
#1263=FACE_OUTER_BOUND('',#2016,.T.);
#1264=FACE_OUTER_BOUND('',#2017,.T.);
#1265=FACE_OUTER_BOUND('',#2018,.T.);
#1266=FACE_OUTER_BOUND('',#2019,.T.);
#1267=FACE_OUTER_BOUND('',#2020,.T.);
#1268=FACE_OUTER_BOUND('',#2021,.T.);
#1269=FACE_OUTER_BOUND('',#2022,.T.);
#1270=FACE_OUTER_BOUND('',#2023,.T.);
#1271=FACE_OUTER_BOUND('',#2024,.T.);
#1272=FACE_OUTER_BOUND('',#2025,.T.);
#1273=FACE_OUTER_BOUND('',#2026,.T.);
#1274=FACE_OUTER_BOUND('',#2027,.T.);
#1275=FACE_OUTER_BOUND('',#2028,.T.);
#1276=FACE_OUTER_BOUND('',#2029,.T.);
#1277=FACE_OUTER_BOUND('',#2030,.T.);
#1278=FACE_OUTER_BOUND('',#2031,.T.);
#1279=FACE_OUTER_BOUND('',#2032,.T.);
#1280=FACE_OUTER_BOUND('',#2033,.T.);
#1281=FACE_OUTER_BOUND('',#2034,.T.);
#1282=FACE_OUTER_BOUND('',#2035,.T.);
#1283=FACE_OUTER_BOUND('',#2036,.T.);
#1284=FACE_OUTER_BOUND('',#2037,.T.);
#1285=FACE_OUTER_BOUND('',#2038,.T.);
#1286=FACE_OUTER_BOUND('',#2039,.T.);
#1287=FACE_OUTER_BOUND('',#2040,.T.);
#1288=FACE_OUTER_BOUND('',#2041,.T.);
#1289=FACE_OUTER_BOUND('',#2042,.T.);
#1290=FACE_OUTER_BOUND('',#2043,.T.);
#1291=FACE_OUTER_BOUND('',#2044,.T.);
#1292=FACE_OUTER_BOUND('',#2045,.T.);
#1293=FACE_OUTER_BOUND('',#2046,.T.);
#1294=FACE_OUTER_BOUND('',#2047,.T.);
#1295=FACE_OUTER_BOUND('',#2048,.T.);
#1296=FACE_OUTER_BOUND('',#2049,.T.);
#1297=FACE_OUTER_BOUND('',#2050,.T.);
#1298=FACE_OUTER_BOUND('',#2051,.T.);
#1299=FACE_OUTER_BOUND('',#2052,.T.);
#1300=FACE_OUTER_BOUND('',#2053,.T.);
#1301=FACE_OUTER_BOUND('',#2054,.T.);
#1302=FACE_OUTER_BOUND('',#2055,.T.);
#1303=FACE_OUTER_BOUND('',#2056,.T.);
#1304=FACE_OUTER_BOUND('',#2057,.T.);
#1305=FACE_OUTER_BOUND('',#2058,.T.);
#1306=FACE_OUTER_BOUND('',#2059,.T.);
#1307=FACE_OUTER_BOUND('',#2060,.T.);
#1308=FACE_OUTER_BOUND('',#2061,.T.);
#1309=FACE_OUTER_BOUND('',#2062,.T.);
#1310=FACE_OUTER_BOUND('',#2063,.T.);
#1311=FACE_OUTER_BOUND('',#2064,.T.);
#1312=FACE_OUTER_BOUND('',#2065,.T.);
#1313=FACE_OUTER_BOUND('',#2066,.T.);
#1314=FACE_OUTER_BOUND('',#2067,.T.);
#1315=FACE_OUTER_BOUND('',#2068,.T.);
#1316=FACE_OUTER_BOUND('',#2069,.T.);
#1317=FACE_OUTER_BOUND('',#2070,.T.);
#1318=FACE_OUTER_BOUND('',#2071,.T.);
#1319=FACE_OUTER_BOUND('',#2072,.T.);
#1320=FACE_OUTER_BOUND('',#2073,.T.);
#1321=FACE_OUTER_BOUND('',#2074,.T.);
#1322=FACE_OUTER_BOUND('',#2075,.T.);
#1323=FACE_OUTER_BOUND('',#2076,.T.);
#1324=FACE_OUTER_BOUND('',#2077,.T.);
#1325=FACE_OUTER_BOUND('',#2078,.T.);
#1326=FACE_OUTER_BOUND('',#2079,.T.);
#1327=FACE_OUTER_BOUND('',#2080,.T.);
#1328=FACE_OUTER_BOUND('',#2082,.T.);
#1329=FACE_OUTER_BOUND('',#2083,.T.);
#1330=FACE_OUTER_BOUND('',#2088,.T.);
#1331=FACE_OUTER_BOUND('',#2089,.T.);
#1332=FACE_OUTER_BOUND('',#2090,.T.);
#1333=FACE_OUTER_BOUND('',#2091,.T.);
#1334=FACE_OUTER_BOUND('',#2092,.T.);
#1335=FACE_OUTER_BOUND('',#2093,.T.);
#1336=FACE_OUTER_BOUND('',#2094,.T.);
#1337=FACE_OUTER_BOUND('',#2095,.T.);
#1338=FACE_OUTER_BOUND('',#2096,.T.);
#1339=FACE_OUTER_BOUND('',#2097,.T.);
#1340=FACE_OUTER_BOUND('',#2098,.T.);
#1341=FACE_OUTER_BOUND('',#2099,.T.);
#1342=FACE_OUTER_BOUND('',#2100,.T.);
#1343=FACE_OUTER_BOUND('',#2101,.T.);
#1344=FACE_OUTER_BOUND('',#2102,.T.);
#1345=FACE_OUTER_BOUND('',#2103,.T.);
#1346=FACE_OUTER_BOUND('',#2104,.T.);
#1347=FACE_OUTER_BOUND('',#2105,.T.);
#1348=FACE_OUTER_BOUND('',#2106,.T.);
#1349=FACE_OUTER_BOUND('',#2107,.T.);
#1350=FACE_OUTER_BOUND('',#2108,.T.);
#1351=FACE_OUTER_BOUND('',#2109,.T.);
#1352=FACE_OUTER_BOUND('',#2110,.T.);
#1353=FACE_OUTER_BOUND('',#2111,.T.);
#1354=FACE_OUTER_BOUND('',#2112,.T.);
#1355=FACE_OUTER_BOUND('',#2113,.T.);
#1356=FACE_OUTER_BOUND('',#2114,.T.);
#1357=FACE_OUTER_BOUND('',#2115,.T.);
#1358=FACE_OUTER_BOUND('',#2116,.T.);
#1359=FACE_OUTER_BOUND('',#2117,.T.);
#1360=FACE_OUTER_BOUND('',#2118,.T.);
#1361=FACE_OUTER_BOUND('',#2119,.T.);
#1362=FACE_OUTER_BOUND('',#2120,.T.);
#1363=FACE_OUTER_BOUND('',#2121,.T.);
#1364=FACE_OUTER_BOUND('',#2122,.T.);
#1365=FACE_OUTER_BOUND('',#2123,.T.);
#1366=FACE_OUTER_BOUND('',#2124,.T.);
#1367=FACE_OUTER_BOUND('',#2125,.T.);
#1368=FACE_OUTER_BOUND('',#2126,.T.);
#1369=FACE_OUTER_BOUND('',#2127,.T.);
#1370=FACE_OUTER_BOUND('',#2128,.T.);
#1371=FACE_OUTER_BOUND('',#2129,.T.);
#1372=FACE_OUTER_BOUND('',#2130,.T.);
#1373=FACE_OUTER_BOUND('',#2131,.T.);
#1374=FACE_OUTER_BOUND('',#2132,.T.);
#1375=FACE_OUTER_BOUND('',#2133,.T.);
#1376=FACE_OUTER_BOUND('',#2134,.T.);
#1377=FACE_OUTER_BOUND('',#2135,.T.);
#1378=FACE_OUTER_BOUND('',#2136,.T.);
#1379=FACE_OUTER_BOUND('',#2137,.T.);
#1380=FACE_OUTER_BOUND('',#2138,.T.);
#1381=FACE_OUTER_BOUND('',#2139,.T.);
#1382=FACE_OUTER_BOUND('',#2140,.T.);
#1383=FACE_OUTER_BOUND('',#2141,.T.);
#1384=FACE_OUTER_BOUND('',#2142,.T.);
#1385=FACE_OUTER_BOUND('',#2143,.T.);
#1386=FACE_OUTER_BOUND('',#2144,.T.);
#1387=FACE_OUTER_BOUND('',#2145,.T.);
#1388=FACE_OUTER_BOUND('',#2146,.T.);
#1389=FACE_OUTER_BOUND('',#2147,.T.);
#1390=FACE_OUTER_BOUND('',#2148,.T.);
#1391=FACE_OUTER_BOUND('',#2149,.T.);
#1392=FACE_OUTER_BOUND('',#2150,.T.);
#1393=FACE_OUTER_BOUND('',#2151,.T.);
#1394=FACE_OUTER_BOUND('',#2152,.T.);
#1395=FACE_OUTER_BOUND('',#2153,.T.);
#1396=FACE_OUTER_BOUND('',#2154,.T.);
#1397=FACE_OUTER_BOUND('',#2155,.T.);
#1398=FACE_OUTER_BOUND('',#2156,.T.);
#1399=FACE_OUTER_BOUND('',#2157,.T.);
#1400=FACE_OUTER_BOUND('',#2158,.T.);
#1401=FACE_OUTER_BOUND('',#2159,.T.);
#1402=FACE_OUTER_BOUND('',#2160,.T.);
#1403=FACE_OUTER_BOUND('',#2161,.T.);
#1404=FACE_OUTER_BOUND('',#2162,.T.);
#1405=FACE_OUTER_BOUND('',#2163,.T.);
#1406=FACE_OUTER_BOUND('',#2164,.T.);
#1407=FACE_OUTER_BOUND('',#2165,.T.);
#1408=FACE_OUTER_BOUND('',#2166,.T.);
#1409=FACE_OUTER_BOUND('',#2167,.T.);
#1410=FACE_OUTER_BOUND('',#2168,.T.);
#1411=FACE_OUTER_BOUND('',#2169,.T.);
#1412=FACE_OUTER_BOUND('',#2170,.T.);
#1413=FACE_OUTER_BOUND('',#2171,.T.);
#1414=FACE_OUTER_BOUND('',#2172,.T.);
#1415=FACE_OUTER_BOUND('',#2173,.T.);
#1416=FACE_OUTER_BOUND('',#2174,.T.);
#1417=FACE_OUTER_BOUND('',#2175,.T.);
#1418=FACE_OUTER_BOUND('',#2176,.T.);
#1419=FACE_OUTER_BOUND('',#2177,.T.);
#1420=FACE_OUTER_BOUND('',#2178,.T.);
#1421=FACE_OUTER_BOUND('',#2179,.T.);
#1422=FACE_OUTER_BOUND('',#2180,.T.);
#1423=FACE_OUTER_BOUND('',#2181,.T.);
#1424=FACE_OUTER_BOUND('',#2182,.T.);
#1425=FACE_OUTER_BOUND('',#2183,.T.);
#1426=FACE_OUTER_BOUND('',#2184,.T.);
#1427=FACE_OUTER_BOUND('',#2185,.T.);
#1428=FACE_OUTER_BOUND('',#2186,.T.);
#1429=FACE_OUTER_BOUND('',#2187,.T.);
#1430=FACE_OUTER_BOUND('',#2188,.T.);
#1431=FACE_OUTER_BOUND('',#2189,.T.);
#1432=FACE_OUTER_BOUND('',#2190,.T.);
#1433=FACE_OUTER_BOUND('',#2191,.T.);
#1434=FACE_OUTER_BOUND('',#2192,.T.);
#1435=FACE_OUTER_BOUND('',#2193,.T.);
#1436=FACE_OUTER_BOUND('',#2194,.T.);
#1437=FACE_OUTER_BOUND('',#2195,.T.);
#1438=FACE_OUTER_BOUND('',#2196,.T.);
#1439=FACE_OUTER_BOUND('',#2197,.T.);
#1440=FACE_OUTER_BOUND('',#2198,.T.);
#1441=FACE_OUTER_BOUND('',#2199,.T.);
#1442=FACE_OUTER_BOUND('',#2200,.T.);
#1443=FACE_OUTER_BOUND('',#2201,.T.);
#1444=FACE_OUTER_BOUND('',#2202,.T.);
#1445=FACE_OUTER_BOUND('',#2203,.T.);
#1446=FACE_OUTER_BOUND('',#2204,.T.);
#1447=FACE_OUTER_BOUND('',#2205,.T.);
#1448=FACE_OUTER_BOUND('',#2206,.T.);
#1449=FACE_OUTER_BOUND('',#2207,.T.);
#1450=FACE_OUTER_BOUND('',#2208,.T.);
#1451=FACE_OUTER_BOUND('',#2209,.T.);
#1452=FACE_OUTER_BOUND('',#2210,.T.);
#1453=FACE_OUTER_BOUND('',#2211,.T.);
#1454=FACE_OUTER_BOUND('',#2212,.T.);
#1455=FACE_OUTER_BOUND('',#2213,.T.);
#1456=FACE_OUTER_BOUND('',#2214,.T.);
#1457=FACE_OUTER_BOUND('',#2215,.T.);
#1458=FACE_OUTER_BOUND('',#2216,.T.);
#1459=FACE_OUTER_BOUND('',#2217,.T.);
#1460=FACE_OUTER_BOUND('',#2218,.T.);
#1461=FACE_OUTER_BOUND('',#2219,.T.);
#1462=FACE_OUTER_BOUND('',#2220,.T.);
#1463=FACE_OUTER_BOUND('',#2221,.T.);
#1464=FACE_OUTER_BOUND('',#2222,.T.);
#1465=FACE_OUTER_BOUND('',#2223,.T.);
#1466=FACE_OUTER_BOUND('',#2224,.T.);
#1467=FACE_OUTER_BOUND('',#2225,.T.);
#1468=FACE_OUTER_BOUND('',#2226,.T.);
#1469=FACE_OUTER_BOUND('',#2227,.T.);
#1470=FACE_OUTER_BOUND('',#2228,.T.);
#1471=FACE_OUTER_BOUND('',#2229,.T.);
#1472=FACE_OUTER_BOUND('',#2230,.T.);
#1473=FACE_OUTER_BOUND('',#2231,.T.);
#1474=FACE_OUTER_BOUND('',#2232,.T.);
#1475=FACE_OUTER_BOUND('',#2233,.T.);
#1476=FACE_OUTER_BOUND('',#2234,.T.);
#1477=FACE_OUTER_BOUND('',#2235,.T.);
#1478=FACE_OUTER_BOUND('',#2237,.T.);
#1479=FACE_OUTER_BOUND('',#2238,.T.);
#1480=FACE_OUTER_BOUND('',#2240,.T.);
#1481=FACE_OUTER_BOUND('',#2241,.T.);
#1482=FACE_OUTER_BOUND('',#2243,.T.);
#1483=FACE_OUTER_BOUND('',#2245,.T.);
#1484=FACE_OUTER_BOUND('',#2246,.T.);
#1485=FACE_OUTER_BOUND('',#2247,.T.);
#1486=FACE_OUTER_BOUND('',#2248,.T.);
#1487=FACE_OUTER_BOUND('',#2249,.T.);
#1488=FACE_OUTER_BOUND('',#2250,.T.);
#1489=FACE_OUTER_BOUND('',#2251,.T.);
#1490=FACE_OUTER_BOUND('',#2252,.T.);
#1491=FACE_OUTER_BOUND('',#2253,.T.);
#1492=FACE_OUTER_BOUND('',#2254,.T.);
#1493=FACE_OUTER_BOUND('',#2255,.T.);
#1494=FACE_OUTER_BOUND('',#2256,.T.);
#1495=FACE_OUTER_BOUND('',#2257,.T.);
#1496=FACE_OUTER_BOUND('',#2258,.T.);
#1497=FACE_OUTER_BOUND('',#2259,.T.);
#1498=FACE_OUTER_BOUND('',#2260,.T.);
#1499=FACE_OUTER_BOUND('',#2261,.T.);
#1500=FACE_OUTER_BOUND('',#2262,.T.);
#1501=FACE_OUTER_BOUND('',#2263,.T.);
#1502=FACE_OUTER_BOUND('',#2264,.T.);
#1503=FACE_OUTER_BOUND('',#2265,.T.);
#1504=FACE_OUTER_BOUND('',#2266,.T.);
#1505=FACE_OUTER_BOUND('',#2267,.T.);
#1506=FACE_OUTER_BOUND('',#2268,.T.);
#1507=FACE_OUTER_BOUND('',#2269,.T.);
#1508=FACE_OUTER_BOUND('',#2270,.T.);
#1509=FACE_OUTER_BOUND('',#2271,.T.);
#1510=FACE_OUTER_BOUND('',#2272,.T.);
#1511=FACE_OUTER_BOUND('',#2273,.T.);
#1512=FACE_OUTER_BOUND('',#2274,.T.);
#1513=FACE_OUTER_BOUND('',#2275,.T.);
#1514=FACE_OUTER_BOUND('',#2276,.T.);
#1515=FACE_OUTER_BOUND('',#2277,.T.);
#1516=FACE_OUTER_BOUND('',#2278,.T.);
#1517=FACE_OUTER_BOUND('',#2279,.T.);
#1518=FACE_OUTER_BOUND('',#2280,.T.);
#1519=FACE_OUTER_BOUND('',#2281,.T.);
#1520=FACE_OUTER_BOUND('',#2282,.T.);
#1521=FACE_OUTER_BOUND('',#2283,.T.);
#1522=FACE_OUTER_BOUND('',#2284,.T.);
#1523=FACE_OUTER_BOUND('',#2285,.T.);
#1524=FACE_OUTER_BOUND('',#2286,.T.);
#1525=FACE_OUTER_BOUND('',#2287,.T.);
#1526=FACE_OUTER_BOUND('',#2288,.T.);
#1527=FACE_OUTER_BOUND('',#2289,.T.);
#1528=FACE_OUTER_BOUND('',#2290,.T.);
#1529=FACE_OUTER_BOUND('',#2291,.T.);
#1530=FACE_OUTER_BOUND('',#2292,.T.);
#1531=FACE_OUTER_BOUND('',#2293,.T.);
#1532=FACE_OUTER_BOUND('',#2294,.T.);
#1533=FACE_OUTER_BOUND('',#2295,.T.);
#1534=FACE_OUTER_BOUND('',#2296,.T.);
#1535=FACE_OUTER_BOUND('',#2297,.T.);
#1536=FACE_OUTER_BOUND('',#2298,.T.);
#1537=FACE_OUTER_BOUND('',#2299,.T.);
#1538=FACE_OUTER_BOUND('',#2300,.T.);
#1539=FACE_OUTER_BOUND('',#2301,.T.);
#1540=FACE_OUTER_BOUND('',#2302,.T.);
#1541=FACE_OUTER_BOUND('',#2303,.T.);
#1542=FACE_OUTER_BOUND('',#2304,.T.);
#1543=FACE_OUTER_BOUND('',#2305,.T.);
#1544=FACE_OUTER_BOUND('',#2306,.T.);
#1545=FACE_OUTER_BOUND('',#2307,.T.);
#1546=FACE_OUTER_BOUND('',#2308,.T.);
#1547=FACE_OUTER_BOUND('',#2309,.T.);
#1548=FACE_OUTER_BOUND('',#2310,.T.);
#1549=FACE_OUTER_BOUND('',#2311,.T.);
#1550=FACE_OUTER_BOUND('',#2312,.T.);
#1551=FACE_OUTER_BOUND('',#2313,.T.);
#1552=FACE_OUTER_BOUND('',#2314,.T.);
#1553=FACE_OUTER_BOUND('',#2315,.T.);
#1554=FACE_OUTER_BOUND('',#2316,.T.);
#1555=FACE_OUTER_BOUND('',#2317,.T.);
#1556=FACE_OUTER_BOUND('',#2318,.T.);
#1557=FACE_OUTER_BOUND('',#2319,.T.);
#1558=FACE_OUTER_BOUND('',#2320,.T.);
#1559=FACE_OUTER_BOUND('',#2321,.T.);
#1560=FACE_OUTER_BOUND('',#2322,.T.);
#1561=FACE_OUTER_BOUND('',#2323,.T.);
#1562=FACE_OUTER_BOUND('',#2324,.T.);
#1563=FACE_OUTER_BOUND('',#2325,.T.);
#1564=FACE_OUTER_BOUND('',#2326,.T.);
#1565=FACE_OUTER_BOUND('',#2327,.T.);
#1566=FACE_OUTER_BOUND('',#2328,.T.);
#1567=FACE_OUTER_BOUND('',#2329,.T.);
#1568=FACE_OUTER_BOUND('',#2330,.T.);
#1569=FACE_OUTER_BOUND('',#2331,.T.);
#1570=FACE_OUTER_BOUND('',#2332,.T.);
#1571=FACE_OUTER_BOUND('',#2333,.T.);
#1572=FACE_OUTER_BOUND('',#2334,.T.);
#1573=FACE_OUTER_BOUND('',#2335,.T.);
#1574=FACE_OUTER_BOUND('',#2336,.T.);
#1575=FACE_OUTER_BOUND('',#2337,.T.);
#1576=FACE_OUTER_BOUND('',#2338,.T.);
#1577=FACE_OUTER_BOUND('',#2339,.T.);
#1578=FACE_OUTER_BOUND('',#2340,.T.);
#1579=FACE_OUTER_BOUND('',#2341,.T.);
#1580=FACE_OUTER_BOUND('',#2342,.T.);
#1581=FACE_OUTER_BOUND('',#2343,.T.);
#1582=FACE_OUTER_BOUND('',#2344,.T.);
#1583=FACE_OUTER_BOUND('',#2345,.T.);
#1584=FACE_OUTER_BOUND('',#2346,.T.);
#1585=FACE_OUTER_BOUND('',#2347,.T.);
#1586=FACE_OUTER_BOUND('',#2348,.T.);
#1587=FACE_OUTER_BOUND('',#2349,.T.);
#1588=FACE_OUTER_BOUND('',#2350,.T.);
#1589=FACE_OUTER_BOUND('',#2351,.T.);
#1590=FACE_OUTER_BOUND('',#2352,.T.);
#1591=FACE_OUTER_BOUND('',#2353,.T.);
#1592=FACE_OUTER_BOUND('',#2354,.T.);
#1593=FACE_OUTER_BOUND('',#2355,.T.);
#1594=FACE_OUTER_BOUND('',#2356,.T.);
#1595=FACE_OUTER_BOUND('',#2357,.T.);
#1596=FACE_OUTER_BOUND('',#2358,.T.);
#1597=FACE_OUTER_BOUND('',#2359,.T.);
#1598=FACE_OUTER_BOUND('',#2360,.T.);
#1599=FACE_OUTER_BOUND('',#2361,.T.);
#1600=FACE_OUTER_BOUND('',#2362,.T.);
#1601=FACE_OUTER_BOUND('',#2363,.T.);
#1602=FACE_OUTER_BOUND('',#2364,.T.);
#1603=FACE_OUTER_BOUND('',#2365,.T.);
#1604=FACE_OUTER_BOUND('',#2366,.T.);
#1605=FACE_OUTER_BOUND('',#2367,.T.);
#1606=FACE_OUTER_BOUND('',#2368,.T.);
#1607=FACE_OUTER_BOUND('',#2369,.T.);
#1608=FACE_OUTER_BOUND('',#2370,.T.);
#1609=FACE_OUTER_BOUND('',#2371,.T.);
#1610=FACE_OUTER_BOUND('',#2372,.T.);
#1611=FACE_OUTER_BOUND('',#2373,.T.);
#1612=FACE_OUTER_BOUND('',#2374,.T.);
#1613=FACE_OUTER_BOUND('',#2375,.T.);
#1614=FACE_OUTER_BOUND('',#2376,.T.);
#1615=FACE_OUTER_BOUND('',#2377,.T.);
#1616=FACE_OUTER_BOUND('',#2378,.T.);
#1617=FACE_OUTER_BOUND('',#2379,.T.);
#1618=FACE_OUTER_BOUND('',#2380,.T.);
#1619=FACE_OUTER_BOUND('',#2381,.T.);
#1620=FACE_OUTER_BOUND('',#2382,.T.);
#1621=FACE_OUTER_BOUND('',#2383,.T.);
#1622=FACE_OUTER_BOUND('',#2384,.T.);
#1623=FACE_OUTER_BOUND('',#2385,.T.);
#1624=FACE_OUTER_BOUND('',#2386,.T.);
#1625=FACE_OUTER_BOUND('',#2387,.T.);
#1626=FACE_OUTER_BOUND('',#2388,.T.);
#1627=FACE_OUTER_BOUND('',#2389,.T.);
#1628=FACE_OUTER_BOUND('',#2390,.T.);
#1629=FACE_OUTER_BOUND('',#2391,.T.);
#1630=FACE_OUTER_BOUND('',#2393,.T.);
#1631=FACE_OUTER_BOUND('',#2394,.T.);
#1632=FACE_OUTER_BOUND('',#2396,.T.);
#1633=EDGE_LOOP('',(#8097,#8098,#8099,#8100));
#1634=EDGE_LOOP('',(#8101,#8102,#8103,#8104));
#1635=EDGE_LOOP('',(#8105,#8106,#8107,#8108));
#1636=EDGE_LOOP('',(#8109,#8110,#8111,#8112));
#1637=EDGE_LOOP('',(#8113,#8114,#8115,#8116));
#1638=EDGE_LOOP('',(#8117,#8118,#8119,#8120));
#1639=EDGE_LOOP('',(#8121,#8122,#8123,#8124));
#1640=EDGE_LOOP('',(#8125,#8126,#8127,#8128));
#1641=EDGE_LOOP('',(#8129,#8130,#8131,#8132));
#1642=EDGE_LOOP('',(#8133,#8134,#8135,#8136));
#1643=EDGE_LOOP('',(#8137,#8138,#8139,#8140));
#1644=EDGE_LOOP('',(#8141,#8142,#8143,#8144));
#1645=EDGE_LOOP('',(#8145,#8146,#8147,#8148));
#1646=EDGE_LOOP('',(#8149,#8150,#8151,#8152));
#1647=EDGE_LOOP('',(#8153,#8154,#8155,#8156));
#1648=EDGE_LOOP('',(#8157,#8158,#8159,#8160));
#1649=EDGE_LOOP('',(#8161,#8162,#8163,#8164));
#1650=EDGE_LOOP('',(#8165,#8166,#8167,#8168));
#1651=EDGE_LOOP('',(#8169,#8170,#8171,#8172));
#1652=EDGE_LOOP('',(#8173,#8174,#8175,#8176));
#1653=EDGE_LOOP('',(#8177,#8178,#8179,#8180));
#1654=EDGE_LOOP('',(#8181,#8182,#8183,#8184));
#1655=EDGE_LOOP('',(#8185,#8186,#8187,#8188));
#1656=EDGE_LOOP('',(#8189,#8190,#8191,#8192));
#1657=EDGE_LOOP('',(#8193,#8194,#8195,#8196));
#1658=EDGE_LOOP('',(#8197,#8198,#8199,#8200));
#1659=EDGE_LOOP('',(#8201,#8202,#8203,#8204));
#1660=EDGE_LOOP('',(#8205,#8206,#8207,#8208));
#1661=EDGE_LOOP('',(#8209,#8210,#8211,#8212,#8213,#8214,#8215,#8216,#8217,
#8218,#8219,#8220,#8221,#8222));
#1662=EDGE_LOOP('',(#8223));
#1663=EDGE_LOOP('',(#8224));
#1664=EDGE_LOOP('',(#8225));
#1665=EDGE_LOOP('',(#8226));
#1666=EDGE_LOOP('',(#8227));
#1667=EDGE_LOOP('',(#8228));
#1668=EDGE_LOOP('',(#8229));
#1669=EDGE_LOOP('',(#8230));
#1670=EDGE_LOOP('',(#8231));
#1671=EDGE_LOOP('',(#8232));
#1672=EDGE_LOOP('',(#8233));
#1673=EDGE_LOOP('',(#8234));
#1674=EDGE_LOOP('',(#8235));
#1675=EDGE_LOOP('',(#8236));
#1676=EDGE_LOOP('',(#8237));
#1677=EDGE_LOOP('',(#8238));
#1678=EDGE_LOOP('',(#8239));
#1679=EDGE_LOOP('',(#8240));
#1680=EDGE_LOOP('',(#8241));
#1681=EDGE_LOOP('',(#8242));
#1682=EDGE_LOOP('',(#8243));
#1683=EDGE_LOOP('',(#8244,#8245,#8246,#8247,#8248,#8249,#8250,#8251,#8252,
#8253,#8254,#8255,#8256,#8257));
#1684=EDGE_LOOP('',(#8258));
#1685=EDGE_LOOP('',(#8259));
#1686=EDGE_LOOP('',(#8260));
#1687=EDGE_LOOP('',(#8261));
#1688=EDGE_LOOP('',(#8262));
#1689=EDGE_LOOP('',(#8263));
#1690=EDGE_LOOP('',(#8264));
#1691=EDGE_LOOP('',(#8265));
#1692=EDGE_LOOP('',(#8266));
#1693=EDGE_LOOP('',(#8267));
#1694=EDGE_LOOP('',(#8268));
#1695=EDGE_LOOP('',(#8269));
#1696=EDGE_LOOP('',(#8270));
#1697=EDGE_LOOP('',(#8271));
#1698=EDGE_LOOP('',(#8272));
#1699=EDGE_LOOP('',(#8273));
#1700=EDGE_LOOP('',(#8274));
#1701=EDGE_LOOP('',(#8275));
#1702=EDGE_LOOP('',(#8276));
#1703=EDGE_LOOP('',(#8277));
#1704=EDGE_LOOP('',(#8278));
#1705=EDGE_LOOP('',(#8279,#8280,#8281,#8282));
#1706=EDGE_LOOP('',(#8283,#8284,#8285,#8286));
#1707=EDGE_LOOP('',(#8287,#8288,#8289,#8290));
#1708=EDGE_LOOP('',(#8291,#8292,#8293,#8294));
#1709=EDGE_LOOP('',(#8295,#8296,#8297,#8298));
#1710=EDGE_LOOP('',(#8299,#8300,#8301,#8302));
#1711=EDGE_LOOP('',(#8303,#8304,#8305,#8306));
#1712=EDGE_LOOP('',(#8307,#8308,#8309,#8310));
#1713=EDGE_LOOP('',(#8311,#8312,#8313,#8314));
#1714=EDGE_LOOP('',(#8315,#8316,#8317,#8318));
#1715=EDGE_LOOP('',(#8319,#8320,#8321,#8322));
#1716=EDGE_LOOP('',(#8323,#8324,#8325,#8326));
#1717=EDGE_LOOP('',(#8327,#8328,#8329,#8330));
#1718=EDGE_LOOP('',(#8331,#8332,#8333,#8334));
#1719=EDGE_LOOP('',(#8335,#8336,#8337,#8338));
#1720=EDGE_LOOP('',(#8339,#8340,#8341,#8342,#8343,#8344,#8345,#8346,#8347,
#8348,#8349,#8350));
#1721=EDGE_LOOP('',(#8351,#8352,#8353,#8354,#8355,#8356,#8357,#8358,#8359,
#8360));
#1722=EDGE_LOOP('',(#8361,#8362,#8363,#8364,#8365,#8366,#8367,#8368));
#1723=EDGE_LOOP('',(#8369,#8370,#8371,#8372));
#1724=EDGE_LOOP('',(#8373,#8374,#8375,#8376));
#1725=EDGE_LOOP('',(#8377,#8378,#8379,#8380));
#1726=EDGE_LOOP('',(#8381,#8382));
#1727=EDGE_LOOP('',(#8383,#8384,#8385,#8386));
#1728=EDGE_LOOP('',(#8387,#8388));
#1729=EDGE_LOOP('',(#8389,#8390));
#1730=EDGE_LOOP('',(#8391,#8392,#8393,#8394,#8395,#8396));
#1731=EDGE_LOOP('',(#8397,#8398,#8399,#8400));
#1732=EDGE_LOOP('',(#8401,#8402,#8403,#8404));
#1733=EDGE_LOOP('',(#8405,#8406,#8407,#8408));
#1734=EDGE_LOOP('',(#8409,#8410,#8411,#8412,#8413,#8414));
#1735=EDGE_LOOP('',(#8415,#8416,#8417,#8418,#8419,#8420));
#1736=EDGE_LOOP('',(#8421,#8422,#8423,#8424,#8425,#8426));
#1737=EDGE_LOOP('',(#8427,#8428,#8429,#8430));
#1738=EDGE_LOOP('',(#8431,#8432,#8433,#8434));
#1739=EDGE_LOOP('',(#8435,#8436,#8437,#8438));
#1740=EDGE_LOOP('',(#8439,#8440,#8441,#8442,#8443,#8444));
#1741=EDGE_LOOP('',(#8445,#8446,#8447,#8448));
#1742=EDGE_LOOP('',(#8449,#8450,#8451,#8452));
#1743=EDGE_LOOP('',(#8453,#8454,#8455,#8456));
#1744=EDGE_LOOP('',(#8457,#8458,#8459,#8460,#8461,#8462));
#1745=EDGE_LOOP('',(#8463,#8464,#8465,#8466,#8467,#8468));
#1746=EDGE_LOOP('',(#8469,#8470,#8471,#8472,#8473,#8474));
#1747=EDGE_LOOP('',(#8475,#8476,#8477,#8478));
#1748=EDGE_LOOP('',(#8479,#8480,#8481,#8482));
#1749=EDGE_LOOP('',(#8483,#8484,#8485,#8486));
#1750=EDGE_LOOP('',(#8487,#8488,#8489,#8490,#8491,#8492));
#1751=EDGE_LOOP('',(#8493,#8494,#8495,#8496));
#1752=EDGE_LOOP('',(#8497,#8498,#8499,#8500));
#1753=EDGE_LOOP('',(#8501,#8502,#8503,#8504));
#1754=EDGE_LOOP('',(#8505,#8506,#8507,#8508,#8509,#8510));
#1755=EDGE_LOOP('',(#8511,#8512,#8513,#8514,#8515,#8516));
#1756=EDGE_LOOP('',(#8517,#8518,#8519,#8520,#8521,#8522));
#1757=EDGE_LOOP('',(#8523,#8524,#8525,#8526));
#1758=EDGE_LOOP('',(#8527,#8528,#8529,#8530));
#1759=EDGE_LOOP('',(#8531,#8532,#8533,#8534));
#1760=EDGE_LOOP('',(#8535,#8536,#8537,#8538));
#1761=EDGE_LOOP('',(#8539));
#1762=EDGE_LOOP('',(#8540,#8541,#8542,#8543));
#1763=EDGE_LOOP('',(#8544,#8545,#8546,#8547));
#1764=EDGE_LOOP('',(#8548,#8549,#8550,#8551));
#1765=EDGE_LOOP('',(#8552,#8553,#8554,#8555));
#1766=EDGE_LOOP('',(#8556,#8557,#8558,#8559));
#1767=EDGE_LOOP('',(#8560,#8561,#8562,#8563));
#1768=EDGE_LOOP('',(#8564,#8565,#8566,#8567));
#1769=EDGE_LOOP('',(#8568));
#1770=EDGE_LOOP('',(#8569,#8570,#8571,#8572));
#1771=EDGE_LOOP('',(#8573,#8574,#8575,#8576));
#1772=EDGE_LOOP('',(#8577,#8578,#8579,#8580));
#1773=EDGE_LOOP('',(#8581,#8582,#8583,#8584));
#1774=EDGE_LOOP('',(#8585,#8586,#8587,#8588));
#1775=EDGE_LOOP('',(#8589,#8590,#8591,#8592));
#1776=EDGE_LOOP('',(#8593,#8594,#8595,#8596));
#1777=EDGE_LOOP('',(#8597,#8598,#8599,#8600));
#1778=EDGE_LOOP('',(#8601,#8602,#8603,#8604));
#1779=EDGE_LOOP('',(#8605,#8606,#8607,#8608));
#1780=EDGE_LOOP('',(#8609,#8610,#8611,#8612));
#1781=EDGE_LOOP('',(#8613,#8614,#8615,#8616));
#1782=EDGE_LOOP('',(#8617,#8618,#8619,#8620));
#1783=EDGE_LOOP('',(#8621,#8622,#8623,#8624));
#1784=EDGE_LOOP('',(#8625,#8626,#8627,#8628));
#1785=EDGE_LOOP('',(#8629,#8630,#8631,#8632,#8633,#8634));
#1786=EDGE_LOOP('',(#8635,#8636,#8637,#8638,#8639,#8640));
#1787=EDGE_LOOP('',(#8641,#8642,#8643,#8644));
#1788=EDGE_LOOP('',(#8645,#8646,#8647,#8648));
#1789=EDGE_LOOP('',(#8649,#8650,#8651,#8652));
#1790=EDGE_LOOP('',(#8653,#8654,#8655,#8656));
#1791=EDGE_LOOP('',(#8657,#8658,#8659,#8660));
#1792=EDGE_LOOP('',(#8661,#8662,#8663,#8664));
#1793=EDGE_LOOP('',(#8665,#8666,#8667,#8668,#8669,#8670));
#1794=EDGE_LOOP('',(#8671,#8672,#8673,#8674,#8675,#8676));
#1795=EDGE_LOOP('',(#8677,#8678,#8679,#8680));
#1796=EDGE_LOOP('',(#8681,#8682,#8683,#8684));
#1797=EDGE_LOOP('',(#8685,#8686,#8687,#8688));
#1798=EDGE_LOOP('',(#8689,#8690,#8691,#8692));
#1799=EDGE_LOOP('',(#8693,#8694,#8695,#8696));
#1800=EDGE_LOOP('',(#8697,#8698,#8699,#8700));
#1801=EDGE_LOOP('',(#8701,#8702,#8703,#8704,#8705,#8706));
#1802=EDGE_LOOP('',(#8707,#8708,#8709,#8710,#8711,#8712));
#1803=EDGE_LOOP('',(#8713,#8714,#8715,#8716));
#1804=EDGE_LOOP('',(#8717,#8718,#8719,#8720));
#1805=EDGE_LOOP('',(#8721,#8722,#8723,#8724));
#1806=EDGE_LOOP('',(#8725,#8726,#8727,#8728));
#1807=EDGE_LOOP('',(#8729,#8730,#8731,#8732));
#1808=EDGE_LOOP('',(#8733,#8734,#8735,#8736));
#1809=EDGE_LOOP('',(#8737,#8738,#8739,#8740,#8741,#8742));
#1810=EDGE_LOOP('',(#8743,#8744,#8745,#8746,#8747,#8748));
#1811=EDGE_LOOP('',(#8749,#8750,#8751,#8752));
#1812=EDGE_LOOP('',(#8753,#8754,#8755,#8756));
#1813=EDGE_LOOP('',(#8757,#8758,#8759,#8760));
#1814=EDGE_LOOP('',(#8761,#8762,#8763,#8764));
#1815=EDGE_LOOP('',(#8765,#8766,#8767,#8768));
#1816=EDGE_LOOP('',(#8769,#8770,#8771,#8772));
#1817=EDGE_LOOP('',(#8773,#8774,#8775,#8776,#8777,#8778));
#1818=EDGE_LOOP('',(#8779,#8780,#8781,#8782,#8783,#8784));
#1819=EDGE_LOOP('',(#8785,#8786,#8787,#8788));
#1820=EDGE_LOOP('',(#8789,#8790,#8791,#8792));
#1821=EDGE_LOOP('',(#8793,#8794,#8795,#8796));
#1822=EDGE_LOOP('',(#8797,#8798,#8799,#8800));
#1823=EDGE_LOOP('',(#8801,#8802,#8803,#8804));
#1824=EDGE_LOOP('',(#8805,#8806,#8807,#8808));
#1825=EDGE_LOOP('',(#8809,#8810,#8811,#8812,#8813,#8814));
#1826=EDGE_LOOP('',(#8815,#8816,#8817,#8818,#8819,#8820));
#1827=EDGE_LOOP('',(#8821,#8822,#8823,#8824));
#1828=EDGE_LOOP('',(#8825,#8826,#8827,#8828));
#1829=EDGE_LOOP('',(#8829,#8830,#8831,#8832));
#1830=EDGE_LOOP('',(#8833,#8834,#8835,#8836));
#1831=EDGE_LOOP('',(#8837,#8838,#8839,#8840));
#1832=EDGE_LOOP('',(#8841,#8842,#8843,#8844));
#1833=EDGE_LOOP('',(#8845,#8846,#8847,#8848,#8849,#8850));
#1834=EDGE_LOOP('',(#8851,#8852,#8853,#8854,#8855,#8856));
#1835=EDGE_LOOP('',(#8857,#8858,#8859,#8860));
#1836=EDGE_LOOP('',(#8861,#8862,#8863,#8864));
#1837=EDGE_LOOP('',(#8865,#8866,#8867,#8868));
#1838=EDGE_LOOP('',(#8869,#8870,#8871,#8872));
#1839=EDGE_LOOP('',(#8873,#8874,#8875,#8876));
#1840=EDGE_LOOP('',(#8877,#8878,#8879,#8880));
#1841=EDGE_LOOP('',(#8881,#8882,#8883,#8884,#8885,#8886));
#1842=EDGE_LOOP('',(#8887,#8888,#8889,#8890,#8891,#8892));
#1843=EDGE_LOOP('',(#8893,#8894,#8895,#8896));
#1844=EDGE_LOOP('',(#8897,#8898,#8899,#8900));
#1845=EDGE_LOOP('',(#8901,#8902,#8903,#8904));
#1846=EDGE_LOOP('',(#8905,#8906,#8907,#8908));
#1847=EDGE_LOOP('',(#8909,#8910,#8911,#8912));
#1848=EDGE_LOOP('',(#8913,#8914,#8915,#8916));
#1849=EDGE_LOOP('',(#8917,#8918,#8919,#8920));
#1850=EDGE_LOOP('',(#8921,#8922,#8923,#8924));
#1851=EDGE_LOOP('',(#8925,#8926,#8927,#8928));
#1852=EDGE_LOOP('',(#8929,#8930,#8931,#8932));
#1853=EDGE_LOOP('',(#8933,#8934,#8935,#8936));
#1854=EDGE_LOOP('',(#8937,#8938,#8939,#8940));
#1855=EDGE_LOOP('',(#8941,#8942,#8943,#8944));
#1856=EDGE_LOOP('',(#8945,#8946,#8947,#8948));
#1857=EDGE_LOOP('',(#8949,#8950,#8951,#8952));
#1858=EDGE_LOOP('',(#8953,#8954,#8955,#8956));
#1859=EDGE_LOOP('',(#8957,#8958,#8959,#8960));
#1860=EDGE_LOOP('',(#8961,#8962,#8963,#8964));
#1861=EDGE_LOOP('',(#8965,#8966,#8967,#8968));
#1862=EDGE_LOOP('',(#8969,#8970,#8971,#8972));
#1863=EDGE_LOOP('',(#8973,#8974,#8975,#8976));
#1864=EDGE_LOOP('',(#8977,#8978,#8979,#8980));
#1865=EDGE_LOOP('',(#8981,#8982,#8983,#8984));
#1866=EDGE_LOOP('',(#8985,#8986,#8987,#8988));
#1867=EDGE_LOOP('',(#8989,#8990,#8991,#8992));
#1868=EDGE_LOOP('',(#8993,#8994,#8995,#8996));
#1869=EDGE_LOOP('',(#8997,#8998,#8999,#9000));
#1870=EDGE_LOOP('',(#9001,#9002,#9003,#9004));
#1871=EDGE_LOOP('',(#9005,#9006,#9007,#9008));
#1872=EDGE_LOOP('',(#9009,#9010,#9011,#9012));
#1873=EDGE_LOOP('',(#9013,#9014,#9015,#9016));
#1874=EDGE_LOOP('',(#9017,#9018,#9019,#9020));
#1875=EDGE_LOOP('',(#9021,#9022,#9023,#9024));
#1876=EDGE_LOOP('',(#9025,#9026,#9027,#9028));
#1877=EDGE_LOOP('',(#9029,#9030,#9031,#9032));
#1878=EDGE_LOOP('',(#9033,#9034,#9035,#9036));
#1879=EDGE_LOOP('',(#9037,#9038,#9039,#9040));
#1880=EDGE_LOOP('',(#9041,#9042,#9043,#9044));
#1881=EDGE_LOOP('',(#9045,#9046,#9047,#9048));
#1882=EDGE_LOOP('',(#9049,#9050,#9051,#9052));
#1883=EDGE_LOOP('',(#9053,#9054,#9055,#9056));
#1884=EDGE_LOOP('',(#9057,#9058,#9059,#9060));
#1885=EDGE_LOOP('',(#9061,#9062,#9063,#9064));
#1886=EDGE_LOOP('',(#9065,#9066,#9067,#9068));
#1887=EDGE_LOOP('',(#9069,#9070,#9071,#9072));
#1888=EDGE_LOOP('',(#9073,#9074,#9075,#9076));
#1889=EDGE_LOOP('',(#9077,#9078,#9079,#9080));
#1890=EDGE_LOOP('',(#9081,#9082,#9083,#9084));
#1891=EDGE_LOOP('',(#9085,#9086,#9087));
#1892=EDGE_LOOP('',(#9088,#9089,#9090));
#1893=EDGE_LOOP('',(#9091,#9092,#9093));
#1894=EDGE_LOOP('',(#9094,#9095,#9096));
#1895=EDGE_LOOP('',(#9097,#9098,#9099));
#1896=EDGE_LOOP('',(#9100,#9101,#9102,#9103));
#1897=EDGE_LOOP('',(#9104,#9105,#9106));
#1898=EDGE_LOOP('',(#9107,#9108,#9109));
#1899=EDGE_LOOP('',(#9110,#9111,#9112,#9113));
#1900=EDGE_LOOP('',(#9114,#9115,#9116,#9117));
#1901=EDGE_LOOP('',(#9118,#9119,#9120));
#1902=EDGE_LOOP('',(#9121,#9122,#9123,#9124));
#1903=EDGE_LOOP('',(#9125,#9126,#9127,#9128));
#1904=EDGE_LOOP('',(#9129,#9130,#9131,#9132));
#1905=EDGE_LOOP('',(#9133,#9134,#9135,#9136));
#1906=EDGE_LOOP('',(#9137,#9138,#9139,#9140));
#1907=EDGE_LOOP('',(#9141,#9142,#9143,#9144));
#1908=EDGE_LOOP('',(#9145,#9146,#9147,#9148));
#1909=EDGE_LOOP('',(#9149,#9150,#9151,#9152));
#1910=EDGE_LOOP('',(#9153,#9154,#9155,#9156));
#1911=EDGE_LOOP('',(#9157,#9158,#9159,#9160));
#1912=EDGE_LOOP('',(#9161,#9162,#9163,#9164));
#1913=EDGE_LOOP('',(#9165,#9166,#9167,#9168));
#1914=EDGE_LOOP('',(#9169,#9170,#9171,#9172));
#1915=EDGE_LOOP('',(#9173,#9174,#9175,#9176));
#1916=EDGE_LOOP('',(#9177,#9178,#9179,#9180));
#1917=EDGE_LOOP('',(#9181,#9182,#9183));
#1918=EDGE_LOOP('',(#9184,#9185,#9186));
#1919=EDGE_LOOP('',(#9187,#9188,#9189));
#1920=EDGE_LOOP('',(#9190,#9191,#9192));
#1921=EDGE_LOOP('',(#9193,#9194,#9195));
#1922=EDGE_LOOP('',(#9196,#9197,#9198,#9199));
#1923=EDGE_LOOP('',(#9200,#9201,#9202));
#1924=EDGE_LOOP('',(#9203,#9204,#9205));
#1925=EDGE_LOOP('',(#9206,#9207,#9208,#9209));
#1926=EDGE_LOOP('',(#9210,#9211,#9212,#9213));
#1927=EDGE_LOOP('',(#9214,#9215,#9216));
#1928=EDGE_LOOP('',(#9217,#9218,#9219,#9220));
#1929=EDGE_LOOP('',(#9221,#9222,#9223,#9224));
#1930=EDGE_LOOP('',(#9225,#9226,#9227,#9228));
#1931=EDGE_LOOP('',(#9229,#9230,#9231,#9232));
#1932=EDGE_LOOP('',(#9233,#9234,#9235,#9236));
#1933=EDGE_LOOP('',(#9237,#9238,#9239,#9240));
#1934=EDGE_LOOP('',(#9241,#9242,#9243,#9244));
#1935=EDGE_LOOP('',(#9245,#9246,#9247,#9248));
#1936=EDGE_LOOP('',(#9249,#9250,#9251,#9252));
#1937=EDGE_LOOP('',(#9253,#9254,#9255,#9256));
#1938=EDGE_LOOP('',(#9257,#9258,#9259,#9260));
#1939=EDGE_LOOP('',(#9261,#9262,#9263,#9264));
#1940=EDGE_LOOP('',(#9265,#9266,#9267,#9268));
#1941=EDGE_LOOP('',(#9269,#9270,#9271,#9272));
#1942=EDGE_LOOP('',(#9273,#9274,#9275,#9276));
#1943=EDGE_LOOP('',(#9277,#9278,#9279,#9280));
#1944=EDGE_LOOP('',(#9281,#9282,#9283,#9284));
#1945=EDGE_LOOP('',(#9285,#9286,#9287,#9288));
#1946=EDGE_LOOP('',(#9289,#9290,#9291,#9292));
#1947=EDGE_LOOP('',(#9293,#9294,#9295,#9296));
#1948=EDGE_LOOP('',(#9297,#9298,#9299,#9300));
#1949=EDGE_LOOP('',(#9301,#9302,#9303,#9304));
#1950=EDGE_LOOP('',(#9305,#9306,#9307,#9308));
#1951=EDGE_LOOP('',(#9309,#9310,#9311,#9312));
#1952=EDGE_LOOP('',(#9313,#9314,#9315,#9316));
#1953=EDGE_LOOP('',(#9317,#9318,#9319,#9320));
#1954=EDGE_LOOP('',(#9321,#9322,#9323,#9324));
#1955=EDGE_LOOP('',(#9325,#9326,#9327,#9328));
#1956=EDGE_LOOP('',(#9329,#9330,#9331,#9332));
#1957=EDGE_LOOP('',(#9333,#9334,#9335,#9336));
#1958=EDGE_LOOP('',(#9337,#9338,#9339,#9340));
#1959=EDGE_LOOP('',(#9341,#9342,#9343,#9344));
#1960=EDGE_LOOP('',(#9345,#9346,#9347,#9348));
#1961=EDGE_LOOP('',(#9349,#9350,#9351,#9352));
#1962=EDGE_LOOP('',(#9353,#9354,#9355,#9356));
#1963=EDGE_LOOP('',(#9357,#9358,#9359,#9360));
#1964=EDGE_LOOP('',(#9361,#9362,#9363,#9364));
#1965=EDGE_LOOP('',(#9365,#9366,#9367,#9368));
#1966=EDGE_LOOP('',(#9369,#9370,#9371,#9372));
#1967=EDGE_LOOP('',(#9373,#9374,#9375,#9376));
#1968=EDGE_LOOP('',(#9377,#9378,#9379,#9380));
#1969=EDGE_LOOP('',(#9381,#9382,#9383,#9384));
#1970=EDGE_LOOP('',(#9385,#9386,#9387,#9388));
#1971=EDGE_LOOP('',(#9389,#9390,#9391,#9392));
#1972=EDGE_LOOP('',(#9393,#9394,#9395,#9396,#9397,#9398,#9399,#9400,#9401,
#9402,#9403,#9404,#9405,#9406,#9407,#9408,#9409,#9410,#9411,#9412,#9413,
#9414,#9415));
#1973=EDGE_LOOP('',(#9416,#9417,#9418,#9419,#9420,#9421,#9422,#9423,#9424,
#9425,#9426,#9427,#9428,#9429,#9430,#9431,#9432,#9433,#9434,#9435,#9436,
#9437,#9438));
#1974=EDGE_LOOP('',(#9439,#9440,#9441,#9442));
#1975=EDGE_LOOP('',(#9443,#9444,#9445,#9446));
#1976=EDGE_LOOP('',(#9447,#9448,#9449,#9450));
#1977=EDGE_LOOP('',(#9451,#9452,#9453,#9454));
#1978=EDGE_LOOP('',(#9455,#9456,#9457,#9458));
#1979=EDGE_LOOP('',(#9459,#9460,#9461,#9462));
#1980=EDGE_LOOP('',(#9463,#9464,#9465,#9466));
#1981=EDGE_LOOP('',(#9467,#9468,#9469,#9470));
#1982=EDGE_LOOP('',(#9471,#9472,#9473,#9474));
#1983=EDGE_LOOP('',(#9475,#9476,#9477,#9478));
#1984=EDGE_LOOP('',(#9479,#9480,#9481,#9482));
#1985=EDGE_LOOP('',(#9483,#9484,#9485,#9486));
#1986=EDGE_LOOP('',(#9487,#9488,#9489,#9490));
#1987=EDGE_LOOP('',(#9491,#9492,#9493,#9494));
#1988=EDGE_LOOP('',(#9495,#9496,#9497,#9498));
#1989=EDGE_LOOP('',(#9499,#9500,#9501,#9502));
#1990=EDGE_LOOP('',(#9503,#9504,#9505,#9506));
#1991=EDGE_LOOP('',(#9507,#9508,#9509,#9510));
#1992=EDGE_LOOP('',(#9511,#9512,#9513,#9514,#9515,#9516,#9517,#9518,#9519,
#9520,#9521,#9522,#9523,#9524,#9525,#9526,#9527,#9528));
#1993=EDGE_LOOP('',(#9529,#9530,#9531,#9532,#9533,#9534,#9535,#9536,#9537,
#9538,#9539,#9540,#9541,#9542,#9543,#9544,#9545,#9546));
#1994=EDGE_LOOP('',(#9547,#9548,#9549,#9550));
#1995=EDGE_LOOP('',(#9551,#9552,#9553,#9554));
#1996=EDGE_LOOP('',(#9555,#9556,#9557,#9558));
#1997=EDGE_LOOP('',(#9559,#9560,#9561,#9562));
#1998=EDGE_LOOP('',(#9563,#9564,#9565,#9566));
#1999=EDGE_LOOP('',(#9567,#9568,#9569,#9570));
#2000=EDGE_LOOP('',(#9571,#9572,#9573,#9574));
#2001=EDGE_LOOP('',(#9575,#9576,#9577,#9578));
#2002=EDGE_LOOP('',(#9579,#9580,#9581,#9582));
#2003=EDGE_LOOP('',(#9583,#9584,#9585,#9586));
#2004=EDGE_LOOP('',(#9587,#9588,#9589,#9590));
#2005=EDGE_LOOP('',(#9591,#9592,#9593,#9594));
#2006=EDGE_LOOP('',(#9595,#9596,#9597,#9598));
#2007=EDGE_LOOP('',(#9599,#9600,#9601,#9602));
#2008=EDGE_LOOP('',(#9603,#9604,#9605,#9606));
#2009=EDGE_LOOP('',(#9607,#9608,#9609,#9610));
#2010=EDGE_LOOP('',(#9611,#9612,#9613,#9614));
#2011=EDGE_LOOP('',(#9615,#9616,#9617,#9618));
#2012=EDGE_LOOP('',(#9619,#9620,#9621,#9622,#9623,#9624,#9625,#9626,#9627,
#9628,#9629,#9630,#9631,#9632,#9633,#9634,#9635,#9636));
#2013=EDGE_LOOP('',(#9637,#9638,#9639,#9640,#9641,#9642,#9643,#9644,#9645,
#9646,#9647,#9648,#9649,#9650,#9651,#9652,#9653,#9654));
#2014=EDGE_LOOP('',(#9655,#9656,#9657,#9658));
#2015=EDGE_LOOP('',(#9659,#9660,#9661,#9662));
#2016=EDGE_LOOP('',(#9663,#9664,#9665,#9666));
#2017=EDGE_LOOP('',(#9667,#9668,#9669,#9670));
#2018=EDGE_LOOP('',(#9671,#9672,#9673,#9674));
#2019=EDGE_LOOP('',(#9675,#9676,#9677,#9678));
#2020=EDGE_LOOP('',(#9679,#9680,#9681,#9682));
#2021=EDGE_LOOP('',(#9683,#9684,#9685,#9686));
#2022=EDGE_LOOP('',(#9687,#9688,#9689,#9690));
#2023=EDGE_LOOP('',(#9691,#9692,#9693,#9694));
#2024=EDGE_LOOP('',(#9695,#9696,#9697,#9698));
#2025=EDGE_LOOP('',(#9699,#9700,#9701,#9702));
#2026=EDGE_LOOP('',(#9703,#9704,#9705,#9706));
#2027=EDGE_LOOP('',(#9707,#9708,#9709,#9710));
#2028=EDGE_LOOP('',(#9711,#9712,#9713,#9714));
#2029=EDGE_LOOP('',(#9715,#9716,#9717,#9718));
#2030=EDGE_LOOP('',(#9719,#9720,#9721,#9722));
#2031=EDGE_LOOP('',(#9723,#9724,#9725,#9726));
#2032=EDGE_LOOP('',(#9727,#9728,#9729,#9730,#9731,#9732,#9733,#9734,#9735,
#9736,#9737,#9738,#9739,#9740,#9741,#9742,#9743,#9744));
#2033=EDGE_LOOP('',(#9745,#9746,#9747,#9748,#9749,#9750,#9751,#9752,#9753,
#9754,#9755,#9756,#9757,#9758,#9759,#9760,#9761,#9762));
#2034=EDGE_LOOP('',(#9763,#9764,#9765,#9766));
#2035=EDGE_LOOP('',(#9767,#9768,#9769,#9770));
#2036=EDGE_LOOP('',(#9771,#9772,#9773,#9774));
#2037=EDGE_LOOP('',(#9775,#9776,#9777,#9778));
#2038=EDGE_LOOP('',(#9779,#9780,#9781,#9782));
#2039=EDGE_LOOP('',(#9783,#9784,#9785,#9786));
#2040=EDGE_LOOP('',(#9787,#9788,#9789,#9790));
#2041=EDGE_LOOP('',(#9791,#9792,#9793,#9794));
#2042=EDGE_LOOP('',(#9795,#9796,#9797,#9798));
#2043=EDGE_LOOP('',(#9799,#9800,#9801,#9802));
#2044=EDGE_LOOP('',(#9803,#9804,#9805,#9806));
#2045=EDGE_LOOP('',(#9807,#9808,#9809,#9810));
#2046=EDGE_LOOP('',(#9811,#9812,#9813,#9814));
#2047=EDGE_LOOP('',(#9815,#9816,#9817,#9818));
#2048=EDGE_LOOP('',(#9819,#9820,#9821,#9822));
#2049=EDGE_LOOP('',(#9823,#9824,#9825,#9826));
#2050=EDGE_LOOP('',(#9827,#9828,#9829,#9830));
#2051=EDGE_LOOP('',(#9831,#9832,#9833,#9834));
#2052=EDGE_LOOP('',(#9835,#9836,#9837,#9838));
#2053=EDGE_LOOP('',(#9839,#9840,#9841,#9842));
#2054=EDGE_LOOP('',(#9843,#9844,#9845,#9846));
#2055=EDGE_LOOP('',(#9847,#9848,#9849,#9850));
#2056=EDGE_LOOP('',(#9851,#9852,#9853,#9854));
#2057=EDGE_LOOP('',(#9855,#9856,#9857,#9858,#9859,#9860,#9861,#9862,#9863,
#9864,#9865,#9866,#9867,#9868,#9869,#9870,#9871,#9872,#9873,#9874,#9875,
#9876,#9877));
#2058=EDGE_LOOP('',(#9878,#9879,#9880,#9881,#9882,#9883,#9884,#9885,#9886,
#9887,#9888,#9889,#9890,#9891,#9892,#9893,#9894,#9895,#9896,#9897,#9898,
#9899,#9900));
#2059=EDGE_LOOP('',(#9901,#9902,#9903,#9904));
#2060=EDGE_LOOP('',(#9905,#9906,#9907,#9908));
#2061=EDGE_LOOP('',(#9909,#9910,#9911,#9912));
#2062=EDGE_LOOP('',(#9913,#9914,#9915,#9916));
#2063=EDGE_LOOP('',(#9917,#9918,#9919,#9920));
#2064=EDGE_LOOP('',(#9921,#9922,#9923,#9924));
#2065=EDGE_LOOP('',(#9925,#9926,#9927,#9928));
#2066=EDGE_LOOP('',(#9929,#9930,#9931,#9932));
#2067=EDGE_LOOP('',(#9933,#9934,#9935,#9936));
#2068=EDGE_LOOP('',(#9937,#9938,#9939,#9940));
#2069=EDGE_LOOP('',(#9941,#9942,#9943,#9944));
#2070=EDGE_LOOP('',(#9945,#9946,#9947,#9948));
#2071=EDGE_LOOP('',(#9949,#9950,#9951,#9952));
#2072=EDGE_LOOP('',(#9953,#9954,#9955,#9956));
#2073=EDGE_LOOP('',(#9957,#9958,#9959,#9960));
#2074=EDGE_LOOP('',(#9961,#9962,#9963,#9964));
#2075=EDGE_LOOP('',(#9965,#9966,#9967,#9968));
#2076=EDGE_LOOP('',(#9969,#9970,#9971,#9972));
#2077=EDGE_LOOP('',(#9973,#9974,#9975,#9976,#9977,#9978,#9979,#9980,#9981,
#9982,#9983,#9984,#9985,#9986,#9987,#9988,#9989,#9990));
#2078=EDGE_LOOP('',(#9991,#9992,#9993,#9994,#9995,#9996,#9997,#9998,#9999,
#10000,#10001,#10002,#10003,#10004,#10005,#10006,#10007,#10008));
#2079=EDGE_LOOP('',(#10009,#10010,#10011,#10012,#10013,#10014,#10015,#10016,
#10017,#10018,#10019,#10020,#10021,#10022,#10023,#10024,#10025,#10026,#10027,
#10028));
#2080=EDGE_LOOP('',(#10029,#10030,#10031,#10032,#10033,#10034,#10035,#10036,
#10037,#10038,#10039,#10040,#10041,#10042,#10043,#10044,#10045,#10046,#10047,
#10048));
#2081=EDGE_LOOP('',(#10049,#10050,#10051,#10052,#10053,#10054,#10055,#10056,
#10057,#10058,#10059,#10060));
#2082=EDGE_LOOP('',(#10061,#10062,#10063,#10064));
#2083=EDGE_LOOP('',(#10065,#10066,#10067,#10068));
#2084=EDGE_LOOP('',(#10069,#10070,#10071,#10072));
#2085=EDGE_LOOP('',(#10073,#10074,#10075,#10076));
#2086=EDGE_LOOP('',(#10077,#10078,#10079,#10080));
#2087=EDGE_LOOP('',(#10081,#10082,#10083,#10084));
#2088=EDGE_LOOP('',(#10085,#10086,#10087,#10088));
#2089=EDGE_LOOP('',(#10089,#10090,#10091,#10092));
#2090=EDGE_LOOP('',(#10093,#10094,#10095,#10096,#10097,#10098,#10099,#10100));
#2091=EDGE_LOOP('',(#10101,#10102,#10103,#10104,#10105,#10106,#10107,#10108,
#10109,#10110,#10111,#10112,#10113,#10114,#10115,#10116,#10117,#10118,#10119,
#10120,#10121,#10122,#10123,#10124,#10125,#10126,#10127,#10128,#10129,#10130,
#10131,#10132,#10133,#10134,#10135,#10136));
#2092=EDGE_LOOP('',(#10137,#10138,#10139,#10140));
#2093=EDGE_LOOP('',(#10141,#10142,#10143,#10144));
#2094=EDGE_LOOP('',(#10145,#10146,#10147,#10148));
#2095=EDGE_LOOP('',(#10149,#10150,#10151,#10152));
#2096=EDGE_LOOP('',(#10153,#10154,#10155,#10156));
#2097=EDGE_LOOP('',(#10157,#10158,#10159,#10160));
#2098=EDGE_LOOP('',(#10161,#10162,#10163,#10164));
#2099=EDGE_LOOP('',(#10165,#10166,#10167,#10168,#10169,#10170));
#2100=EDGE_LOOP('',(#10171,#10172,#10173,#10174,#10175,#10176));
#2101=EDGE_LOOP('',(#10177,#10178,#10179,#10180));
#2102=EDGE_LOOP('',(#10181,#10182,#10183,#10184,#10185,#10186,#10187));
#2103=EDGE_LOOP('',(#10188,#10189,#10190,#10191,#10192,#10193));
#2104=EDGE_LOOP('',(#10194,#10195,#10196,#10197,#10198,#10199,#10200,#10201,
#10202,#10203,#10204,#10205,#10206));
#2105=EDGE_LOOP('',(#10207,#10208,#10209,#10210,#10211,#10212));
#2106=EDGE_LOOP('',(#10213,#10214,#10215,#10216,#10217,#10218));
#2107=EDGE_LOOP('',(#10219,#10220,#10221,#10222));
#2108=EDGE_LOOP('',(#10223,#10224,#10225,#10226));
#2109=EDGE_LOOP('',(#10227,#10228,#10229,#10230));
#2110=EDGE_LOOP('',(#10231,#10232,#10233,#10234));
#2111=EDGE_LOOP('',(#10235,#10236,#10237,#10238));
#2112=EDGE_LOOP('',(#10239,#10240,#10241,#10242));
#2113=EDGE_LOOP('',(#10243,#10244,#10245,#10246));
#2114=EDGE_LOOP('',(#10247,#10248,#10249,#10250,#10251,#10252,#10253,#10254));
#2115=EDGE_LOOP('',(#10255,#10256,#10257,#10258,#10259));
#2116=EDGE_LOOP('',(#10260,#10261,#10262,#10263));
#2117=EDGE_LOOP('',(#10264,#10265,#10266,#10267,#10268));
#2118=EDGE_LOOP('',(#10269,#10270,#10271,#10272));
#2119=EDGE_LOOP('',(#10273,#10274,#10275,#10276));
#2120=EDGE_LOOP('',(#10277,#10278,#10279,#10280));
#2121=EDGE_LOOP('',(#10281,#10282,#10283,#10284));
#2122=EDGE_LOOP('',(#10285,#10286,#10287,#10288));
#2123=EDGE_LOOP('',(#10289,#10290,#10291,#10292,#10293));
#2124=EDGE_LOOP('',(#10294,#10295,#10296,#10297));
#2125=EDGE_LOOP('',(#10298,#10299,#10300,#10301));
#2126=EDGE_LOOP('',(#10302,#10303,#10304,#10305));
#2127=EDGE_LOOP('',(#10306,#10307,#10308,#10309));
#2128=EDGE_LOOP('',(#10310,#10311,#10312,#10313,#10314,#10315,#10316,#10317));
#2129=EDGE_LOOP('',(#10318,#10319,#10320,#10321,#10322,#10323,#10324,#10325));
#2130=EDGE_LOOP('',(#10326,#10327,#10328,#10329,#10330,#10331,#10332,#10333));
#2131=EDGE_LOOP('',(#10334,#10335,#10336,#10337,#10338,#10339,#10340,#10341));
#2132=EDGE_LOOP('',(#10342,#10343,#10344,#10345));
#2133=EDGE_LOOP('',(#10346,#10347,#10348,#10349));
#2134=EDGE_LOOP('',(#10350,#10351,#10352,#10353));
#2135=EDGE_LOOP('',(#10354,#10355,#10356,#10357));
#2136=EDGE_LOOP('',(#10358,#10359,#10360,#10361));
#2137=EDGE_LOOP('',(#10362,#10363,#10364,#10365));
#2138=EDGE_LOOP('',(#10366,#10367,#10368,#10369));
#2139=EDGE_LOOP('',(#10370,#10371,#10372,#10373));
#2140=EDGE_LOOP('',(#10374,#10375,#10376,#10377));
#2141=EDGE_LOOP('',(#10378,#10379,#10380,#10381));
#2142=EDGE_LOOP('',(#10382,#10383,#10384,#10385));
#2143=EDGE_LOOP('',(#10386,#10387,#10388,#10389));
#2144=EDGE_LOOP('',(#10390,#10391,#10392,#10393));
#2145=EDGE_LOOP('',(#10394,#10395,#10396,#10397));
#2146=EDGE_LOOP('',(#10398,#10399,#10400,#10401));
#2147=EDGE_LOOP('',(#10402,#10403,#10404,#10405));
#2148=EDGE_LOOP('',(#10406,#10407,#10408,#10409,#10410,#10411));
#2149=EDGE_LOOP('',(#10412,#10413,#10414,#10415,#10416));
#2150=EDGE_LOOP('',(#10417,#10418,#10419,#10420));
#2151=EDGE_LOOP('',(#10421,#10422,#10423,#10424));
#2152=EDGE_LOOP('',(#10425,#10426,#10427,#10428,#10429,#10430,#10431));
#2153=EDGE_LOOP('',(#10432,#10433,#10434,#10435));
#2154=EDGE_LOOP('',(#10436,#10437,#10438,#10439,#10440));
#2155=EDGE_LOOP('',(#10441,#10442,#10443,#10444));
#2156=EDGE_LOOP('',(#10445,#10446,#10447,#10448,#10449));
#2157=EDGE_LOOP('',(#10450,#10451,#10452,#10453));
#2158=EDGE_LOOP('',(#10454,#10455,#10456,#10457));
#2159=EDGE_LOOP('',(#10458,#10459,#10460,#10461));
#2160=EDGE_LOOP('',(#10462,#10463,#10464,#10465));
#2161=EDGE_LOOP('',(#10466,#10467,#10468,#10469,#10470,#10471,#10472,#10473));
#2162=EDGE_LOOP('',(#10474,#10475,#10476,#10477));
#2163=EDGE_LOOP('',(#10478,#10479,#10480,#10481,#10482,#10483));
#2164=EDGE_LOOP('',(#10484,#10485,#10486,#10487));
#2165=EDGE_LOOP('',(#10488,#10489,#10490,#10491));
#2166=EDGE_LOOP('',(#10492,#10493,#10494,#10495,#10496,#10497));
#2167=EDGE_LOOP('',(#10498,#10499,#10500,#10501,#10502,#10503,#10504,#10505,
#10506,#10507,#10508,#10509,#10510));
#2168=EDGE_LOOP('',(#10511,#10512,#10513,#10514,#10515,#10516));
#2169=EDGE_LOOP('',(#10517,#10518,#10519,#10520));
#2170=EDGE_LOOP('',(#10521,#10522,#10523,#10524,#10525,#10526,#10527,#10528));
#2171=EDGE_LOOP('',(#10529,#10530,#10531,#10532));
#2172=EDGE_LOOP('',(#10533,#10534,#10535,#10536,#10537,#10538,#10539,#10540));
#2173=EDGE_LOOP('',(#10541,#10542,#10543,#10544));
#2174=EDGE_LOOP('',(#10545,#10546,#10547,#10548));
#2175=EDGE_LOOP('',(#10549,#10550,#10551,#10552));
#2176=EDGE_LOOP('',(#10553,#10554,#10555,#10556,#10557,#10558,#10559,#10560));
#2177=EDGE_LOOP('',(#10561,#10562,#10563,#10564));
#2178=EDGE_LOOP('',(#10565,#10566,#10567,#10568,#10569,#10570,#10571,#10572));
#2179=EDGE_LOOP('',(#10573,#10574,#10575,#10576));
#2180=EDGE_LOOP('',(#10577,#10578,#10579,#10580));
#2181=EDGE_LOOP('',(#10581,#10582,#10583,#10584));
#2182=EDGE_LOOP('',(#10585,#10586,#10587,#10588));
#2183=EDGE_LOOP('',(#10589,#10590,#10591));
#2184=EDGE_LOOP('',(#10592,#10593,#10594));
#2185=EDGE_LOOP('',(#10595,#10596,#10597,#10598));
#2186=EDGE_LOOP('',(#10599,#10600,#10601));
#2187=EDGE_LOOP('',(#10602,#10603,#10604));
#2188=EDGE_LOOP('',(#10605,#10606,#10607));
#2189=EDGE_LOOP('',(#10608,#10609,#10610));
#2190=EDGE_LOOP('',(#10611,#10612,#10613,#10614));
#2191=EDGE_LOOP('',(#10615,#10616,#10617,#10618));
#2192=EDGE_LOOP('',(#10619,#10620,#10621));
#2193=EDGE_LOOP('',(#10622,#10623,#10624));
#2194=EDGE_LOOP('',(#10625,#10626,#10627,#10628));
#2195=EDGE_LOOP('',(#10629,#10630,#10631,#10632));
#2196=EDGE_LOOP('',(#10633,#10634,#10635,#10636));
#2197=EDGE_LOOP('',(#10637,#10638,#10639,#10640));
#2198=EDGE_LOOP('',(#10641,#10642,#10643,#10644));
#2199=EDGE_LOOP('',(#10645,#10646,#10647,#10648));
#2200=EDGE_LOOP('',(#10649,#10650,#10651,#10652));
#2201=EDGE_LOOP('',(#10653,#10654,#10655,#10656));
#2202=EDGE_LOOP('',(#10657,#10658,#10659,#10660));
#2203=EDGE_LOOP('',(#10661,#10662,#10663,#10664));
#2204=EDGE_LOOP('',(#10665,#10666,#10667,#10668));
#2205=EDGE_LOOP('',(#10669,#10670,#10671,#10672));
#2206=EDGE_LOOP('',(#10673,#10674,#10675,#10676));
#2207=EDGE_LOOP('',(#10677,#10678,#10679,#10680));
#2208=EDGE_LOOP('',(#10681,#10682,#10683));
#2209=EDGE_LOOP('',(#10684,#10685,#10686));
#2210=EDGE_LOOP('',(#10687,#10688,#10689,#10690));
#2211=EDGE_LOOP('',(#10691,#10692,#10693));
#2212=EDGE_LOOP('',(#10694,#10695,#10696));
#2213=EDGE_LOOP('',(#10697,#10698,#10699));
#2214=EDGE_LOOP('',(#10700,#10701,#10702));
#2215=EDGE_LOOP('',(#10703,#10704,#10705,#10706));
#2216=EDGE_LOOP('',(#10707,#10708,#10709,#10710));
#2217=EDGE_LOOP('',(#10711,#10712,#10713));
#2218=EDGE_LOOP('',(#10714,#10715,#10716));
#2219=EDGE_LOOP('',(#10717,#10718,#10719,#10720));
#2220=EDGE_LOOP('',(#10721,#10722,#10723,#10724));
#2221=EDGE_LOOP('',(#10725,#10726,#10727,#10728));
#2222=EDGE_LOOP('',(#10729,#10730,#10731,#10732));
#2223=EDGE_LOOP('',(#10733,#10734,#10735,#10736));
#2224=EDGE_LOOP('',(#10737,#10738,#10739,#10740));
#2225=EDGE_LOOP('',(#10741,#10742,#10743,#10744));
#2226=EDGE_LOOP('',(#10745,#10746,#10747,#10748));
#2227=EDGE_LOOP('',(#10749,#10750,#10751,#10752));
#2228=EDGE_LOOP('',(#10753,#10754,#10755,#10756));
#2229=EDGE_LOOP('',(#10757,#10758,#10759,#10760));
#2230=EDGE_LOOP('',(#10761,#10762,#10763,#10764));
#2231=EDGE_LOOP('',(#10765,#10766,#10767,#10768));
#2232=EDGE_LOOP('',(#10769,#10770,#10771,#10772));
#2233=EDGE_LOOP('',(#10773,#10774,#10775,#10776));
#2234=EDGE_LOOP('',(#10777,#10778,#10779,#10780));
#2235=EDGE_LOOP('',(#10781,#10782,#10783,#10784));
#2236=EDGE_LOOP('',(#10785,#10786,#10787,#10788));
#2237=EDGE_LOOP('',(#10789,#10790,#10791,#10792));
#2238=EDGE_LOOP('',(#10793,#10794,#10795,#10796));
#2239=EDGE_LOOP('',(#10797,#10798,#10799,#10800));
#2240=EDGE_LOOP('',(#10801,#10802,#10803,#10804));
#2241=EDGE_LOOP('',(#10805,#10806,#10807,#10808,#10809,#10810));
#2242=EDGE_LOOP('',(#10811,#10812,#10813,#10814));
#2243=EDGE_LOOP('',(#10815,#10816,#10817,#10818,#10819,#10820));
#2244=EDGE_LOOP('',(#10821,#10822,#10823,#10824));
#2245=EDGE_LOOP('',(#10825,#10826,#10827,#10828));
#2246=EDGE_LOOP('',(#10829,#10830,#10831,#10832));
#2247=EDGE_LOOP('',(#10833,#10834,#10835,#10836));
#2248=EDGE_LOOP('',(#10837,#10838,#10839,#10840,#10841,#10842,#10843,#10844,
#10845,#10846,#10847,#10848,#10849,#10850,#10851,#10852));
#2249=EDGE_LOOP('',(#10853,#10854,#10855,#10856));
#2250=EDGE_LOOP('',(#10857,#10858,#10859,#10860,#10861,#10862,#10863,#10864));
#2251=EDGE_LOOP('',(#10865,#10866,#10867,#10868));
#2252=EDGE_LOOP('',(#10869,#10870,#10871,#10872));
#2253=EDGE_LOOP('',(#10873,#10874,#10875,#10876,#10877));
#2254=EDGE_LOOP('',(#10878,#10879,#10880,#10881,#10882,#10883));
#2255=EDGE_LOOP('',(#10884,#10885,#10886,#10887));
#2256=EDGE_LOOP('',(#10888,#10889,#10890,#10891,#10892,#10893));
#2257=EDGE_LOOP('',(#10894,#10895,#10896,#10897,#10898));
#2258=EDGE_LOOP('',(#10899,#10900,#10901,#10902));
#2259=EDGE_LOOP('',(#10903,#10904,#10905,#10906,#10907,#10908,#10909,#10910));
#2260=EDGE_LOOP('',(#10911,#10912,#10913,#10914));
#2261=EDGE_LOOP('',(#10915,#10916,#10917,#10918));
#2262=EDGE_LOOP('',(#10919,#10920,#10921));
#2263=EDGE_LOOP('',(#10922,#10923,#10924));
#2264=EDGE_LOOP('',(#10925,#10926,#10927));
#2265=EDGE_LOOP('',(#10928,#10929,#10930));
#2266=EDGE_LOOP('',(#10931,#10932,#10933));
#2267=EDGE_LOOP('',(#10934,#10935,#10936,#10937,#10938));
#2268=EDGE_LOOP('',(#10939,#10940,#10941));
#2269=EDGE_LOOP('',(#10942,#10943,#10944));
#2270=EDGE_LOOP('',(#10945,#10946,#10947,#10948,#10949,#10950));
#2271=EDGE_LOOP('',(#10951,#10952,#10953,#10954));
#2272=EDGE_LOOP('',(#10955,#10956,#10957));
#2273=EDGE_LOOP('',(#10958,#10959,#10960,#10961));
#2274=EDGE_LOOP('',(#10962,#10963,#10964,#10965,#10966));
#2275=EDGE_LOOP('',(#10967,#10968,#10969,#10970));
#2276=EDGE_LOOP('',(#10971,#10972,#10973,#10974));
#2277=EDGE_LOOP('',(#10975,#10976,#10977,#10978));
#2278=EDGE_LOOP('',(#10979,#10980,#10981,#10982));
#2279=EDGE_LOOP('',(#10983,#10984,#10985,#10986));
#2280=EDGE_LOOP('',(#10987,#10988,#10989,#10990));
#2281=EDGE_LOOP('',(#10991,#10992,#10993,#10994));
#2282=EDGE_LOOP('',(#10995,#10996,#10997,#10998));
#2283=EDGE_LOOP('',(#10999,#11000,#11001,#11002));
#2284=EDGE_LOOP('',(#11003,#11004,#11005,#11006));
#2285=EDGE_LOOP('',(#11007,#11008,#11009,#11010));
#2286=EDGE_LOOP('',(#11011,#11012,#11013,#11014));
#2287=EDGE_LOOP('',(#11015,#11016,#11017,#11018,#11019,#11020,#11021,#11022));
#2288=EDGE_LOOP('',(#11023,#11024,#11025,#11026));
#2289=EDGE_LOOP('',(#11027,#11028,#11029,#11030));
#2290=EDGE_LOOP('',(#11031,#11032,#11033,#11034));
#2291=EDGE_LOOP('',(#11035,#11036,#11037,#11038,#11039));
#2292=EDGE_LOOP('',(#11040,#11041,#11042,#11043,#11044,#11045));
#2293=EDGE_LOOP('',(#11046,#11047,#11048,#11049));
#2294=EDGE_LOOP('',(#11050,#11051,#11052,#11053));
#2295=EDGE_LOOP('',(#11054,#11055,#11056,#11057));
#2296=EDGE_LOOP('',(#11058,#11059,#11060,#11061));
#2297=EDGE_LOOP('',(#11062,#11063,#11064,#11065));
#2298=EDGE_LOOP('',(#11066,#11067,#11068,#11069,#11070,#11071));
#2299=EDGE_LOOP('',(#11072,#11073,#11074,#11075,#11076));
#2300=EDGE_LOOP('',(#11077,#11078,#11079,#11080,#11081,#11082,#11083,#11084,
#11085,#11086,#11087,#11088));
#2301=EDGE_LOOP('',(#11089,#11090,#11091,#11092));
#2302=EDGE_LOOP('',(#11093,#11094,#11095,#11096));
#2303=EDGE_LOOP('',(#11097,#11098,#11099));
#2304=EDGE_LOOP('',(#11100,#11101,#11102));
#2305=EDGE_LOOP('',(#11103,#11104,#11105));
#2306=EDGE_LOOP('',(#11106,#11107,#11108));
#2307=EDGE_LOOP('',(#11109,#11110,#11111));
#2308=EDGE_LOOP('',(#11112,#11113,#11114,#11115,#11116));
#2309=EDGE_LOOP('',(#11117,#11118,#11119));
#2310=EDGE_LOOP('',(#11120,#11121,#11122));
#2311=EDGE_LOOP('',(#11123,#11124,#11125,#11126));
#2312=EDGE_LOOP('',(#11127,#11128,#11129,#11130));
#2313=EDGE_LOOP('',(#11131,#11132,#11133));
#2314=EDGE_LOOP('',(#11134,#11135,#11136,#11137,#11138,#11139));
#2315=EDGE_LOOP('',(#11140,#11141,#11142,#11143,#11144));
#2316=EDGE_LOOP('',(#11145,#11146,#11147,#11148));
#2317=EDGE_LOOP('',(#11149,#11150,#11151,#11152));
#2318=EDGE_LOOP('',(#11153,#11154,#11155,#11156));
#2319=EDGE_LOOP('',(#11157,#11158,#11159,#11160));
#2320=EDGE_LOOP('',(#11161,#11162,#11163,#11164));
#2321=EDGE_LOOP('',(#11165,#11166,#11167,#11168));
#2322=EDGE_LOOP('',(#11169,#11170,#11171,#11172));
#2323=EDGE_LOOP('',(#11173,#11174,#11175,#11176));
#2324=EDGE_LOOP('',(#11177,#11178,#11179,#11180));
#2325=EDGE_LOOP('',(#11181,#11182,#11183,#11184));
#2326=EDGE_LOOP('',(#11185,#11186,#11187,#11188));
#2327=EDGE_LOOP('',(#11189,#11190,#11191,#11192));
#2328=EDGE_LOOP('',(#11193,#11194,#11195,#11196));
#2329=EDGE_LOOP('',(#11197,#11198,#11199,#11200));
#2330=EDGE_LOOP('',(#11201,#11202,#11203,#11204));
#2331=EDGE_LOOP('',(#11205,#11206,#11207,#11208));
#2332=EDGE_LOOP('',(#11209,#11210,#11211,#11212));
#2333=EDGE_LOOP('',(#11213,#11214,#11215,#11216));
#2334=EDGE_LOOP('',(#11217,#11218,#11219,#11220));
#2335=EDGE_LOOP('',(#11221,#11222,#11223,#11224));
#2336=EDGE_LOOP('',(#11225,#11226,#11227,#11228));
#2337=EDGE_LOOP('',(#11229,#11230,#11231,#11232));
#2338=EDGE_LOOP('',(#11233,#11234,#11235,#11236));
#2339=EDGE_LOOP('',(#11237,#11238,#11239));
#2340=EDGE_LOOP('',(#11240,#11241,#11242));
#2341=EDGE_LOOP('',(#11243,#11244,#11245,#11246));
#2342=EDGE_LOOP('',(#11247,#11248,#11249));
#2343=EDGE_LOOP('',(#11250,#11251,#11252));
#2344=EDGE_LOOP('',(#11253,#11254,#11255));
#2345=EDGE_LOOP('',(#11256,#11257,#11258));
#2346=EDGE_LOOP('',(#11259,#11260,#11261,#11262));
#2347=EDGE_LOOP('',(#11263,#11264,#11265,#11266));
#2348=EDGE_LOOP('',(#11267,#11268,#11269));
#2349=EDGE_LOOP('',(#11270,#11271,#11272));
#2350=EDGE_LOOP('',(#11273,#11274,#11275,#11276));
#2351=EDGE_LOOP('',(#11277,#11278,#11279,#11280));
#2352=EDGE_LOOP('',(#11281,#11282,#11283,#11284));
#2353=EDGE_LOOP('',(#11285,#11286,#11287,#11288));
#2354=EDGE_LOOP('',(#11289,#11290,#11291,#11292));
#2355=EDGE_LOOP('',(#11293,#11294,#11295,#11296));
#2356=EDGE_LOOP('',(#11297,#11298,#11299,#11300));
#2357=EDGE_LOOP('',(#11301,#11302,#11303,#11304));
#2358=EDGE_LOOP('',(#11305,#11306,#11307,#11308));
#2359=EDGE_LOOP('',(#11309,#11310,#11311,#11312));
#2360=EDGE_LOOP('',(#11313,#11314,#11315,#11316));
#2361=EDGE_LOOP('',(#11317,#11318,#11319,#11320));
#2362=EDGE_LOOP('',(#11321,#11322,#11323,#11324));
#2363=EDGE_LOOP('',(#11325,#11326,#11327,#11328));
#2364=EDGE_LOOP('',(#11329,#11330,#11331));
#2365=EDGE_LOOP('',(#11332,#11333,#11334));
#2366=EDGE_LOOP('',(#11335,#11336,#11337,#11338));
#2367=EDGE_LOOP('',(#11339,#11340,#11341));
#2368=EDGE_LOOP('',(#11342,#11343,#11344));
#2369=EDGE_LOOP('',(#11345,#11346,#11347));
#2370=EDGE_LOOP('',(#11348,#11349,#11350));
#2371=EDGE_LOOP('',(#11351,#11352,#11353,#11354));
#2372=EDGE_LOOP('',(#11355,#11356,#11357,#11358));
#2373=EDGE_LOOP('',(#11359,#11360,#11361));
#2374=EDGE_LOOP('',(#11362,#11363,#11364));
#2375=EDGE_LOOP('',(#11365,#11366,#11367,#11368));
#2376=EDGE_LOOP('',(#11369,#11370,#11371,#11372));
#2377=EDGE_LOOP('',(#11373,#11374,#11375,#11376));
#2378=EDGE_LOOP('',(#11377,#11378,#11379,#11380));
#2379=EDGE_LOOP('',(#11381,#11382,#11383,#11384));
#2380=EDGE_LOOP('',(#11385,#11386,#11387,#11388));
#2381=EDGE_LOOP('',(#11389,#11390,#11391,#11392));
#2382=EDGE_LOOP('',(#11393,#11394,#11395,#11396));
#2383=EDGE_LOOP('',(#11397,#11398,#11399,#11400));
#2384=EDGE_LOOP('',(#11401,#11402,#11403,#11404));
#2385=EDGE_LOOP('',(#11405,#11406,#11407,#11408));
#2386=EDGE_LOOP('',(#11409,#11410,#11411,#11412));
#2387=EDGE_LOOP('',(#11413,#11414,#11415,#11416));
#2388=EDGE_LOOP('',(#11417,#11418,#11419,#11420));
#2389=EDGE_LOOP('',(#11421,#11422,#11423,#11424));
#2390=EDGE_LOOP('',(#11425,#11426,#11427,#11428));
#2391=EDGE_LOOP('',(#11429,#11430,#11431,#11432));
#2392=EDGE_LOOP('',(#11433,#11434,#11435,#11436));
#2393=EDGE_LOOP('',(#11437,#11438,#11439,#11440));
#2394=EDGE_LOOP('',(#11441,#11442,#11443,#11444));
#2395=EDGE_LOOP('',(#11445,#11446,#11447,#11448));
#2396=EDGE_LOOP('',(#11449,#11450,#11451,#11452));
#2397=LINE('',#17250,#3695);
#2398=LINE('',#17256,#3696);
#2399=LINE('',#17262,#3697);
#2400=LINE('',#17268,#3698);
#2401=LINE('',#17274,#3699);
#2402=LINE('',#17280,#3700);
#2403=LINE('',#17286,#3701);
#2404=LINE('',#17292,#3702);
#2405=LINE('',#17298,#3703);
#2406=LINE('',#17304,#3704);
#2407=LINE('',#17310,#3705);
#2408=LINE('',#17316,#3706);
#2409=LINE('',#17321,#3707);
#2410=LINE('',#17325,#3708);
#2411=LINE('',#17331,#3709);
#2412=LINE('',#17337,#3710);
#2413=LINE('',#17343,#3711);
#2414=LINE('',#17348,#3712);
#2415=LINE('',#17352,#3713);
#2416=LINE('',#17358,#3714);
#2417=LINE('',#17363,#3715);
#2418=LINE('',#17367,#3716);
#2419=LINE('',#17373,#3717);
#2420=LINE('',#17379,#3718);
#2421=LINE('',#17385,#3719);
#2422=LINE('',#17391,#3720);
#2423=LINE('',#17397,#3721);
#2424=LINE('',#17401,#3722);
#2425=LINE('',#17403,#3723);
#2426=LINE('',#17404,#3724);
#2427=LINE('',#17407,#3725);
#2428=LINE('',#17409,#3726);
#2429=LINE('',#17410,#3727);
#2430=LINE('',#17412,#3728);
#2431=LINE('',#17413,#3729);
#2432=LINE('',#17415,#3730);
#2433=LINE('',#17416,#3731);
#2434=LINE('',#17421,#3732);
#2435=LINE('',#17425,#3733);
#2436=LINE('',#17429,#3734);
#2437=LINE('',#17435,#3735);
#2438=LINE('',#17439,#3736);
#2439=LINE('',#17443,#3737);
#2440=LINE('',#17446,#3738);
#2441=LINE('',#17448,#3739);
#2442=LINE('',#17450,#3740);
#2443=LINE('',#17452,#3741);
#2444=LINE('',#17454,#3742);
#2445=LINE('',#17456,#3743);
#2446=LINE('',#17465,#3744);
#2447=LINE('',#17467,#3745);
#2448=LINE('',#17469,#3746);
#2449=LINE('',#17470,#3747);
#2450=LINE('',#17473,#3748);
#2451=LINE('',#17475,#3749);
#2452=LINE('',#17476,#3750);
#2453=LINE('',#17479,#3751);
#2454=LINE('',#17481,#3752);
#2455=LINE('',#17482,#3753);
#2456=LINE('',#17484,#3754);
#2457=LINE('',#17486,#3755);
#2458=LINE('',#17493,#3756);
#2459=LINE('',#17496,#3757);
#2460=LINE('',#17502,#3758);
#2461=LINE('',#17505,#3759);
#2462=LINE('',#17507,#3760);
#2463=LINE('',#17508,#3761);
#2464=LINE('',#17509,#3762);
#2465=LINE('',#17511,#3763);
#2466=LINE('',#17513,#3764);
#2467=LINE('',#17515,#3765);
#2468=LINE('',#17517,#3766);
#2469=LINE('',#17518,#3767);
#2470=LINE('',#17521,#3768);
#2471=LINE('',#17523,#3769);
#2472=LINE('',#17527,#3770);
#2473=LINE('',#17528,#3771);
#2474=LINE('',#17532,#3772);
#2475=LINE('',#17533,#3773);
#2476=LINE('',#17535,#3774);
#2477=LINE('',#17537,#3775);
#2478=LINE('',#17538,#3776);
#2479=LINE('',#17539,#3777);
#2480=LINE('',#17541,#3778);
#2481=LINE('',#17543,#3779);
#2482=LINE('',#17553,#3780);
#2483=LINE('',#17555,#3781);
#2484=LINE('',#17557,#3782);
#2485=LINE('',#17559,#3783);
#2486=LINE('',#17561,#3784);
#2487=LINE('',#17562,#3785);
#2488=LINE('',#17565,#3786);
#2489=LINE('',#17567,#3787);
#2490=LINE('',#17568,#3788);
#2491=LINE('',#17571,#3789);
#2492=LINE('',#17573,#3790);
#2493=LINE('',#17574,#3791);
#2494=LINE('',#17577,#3792);
#2495=LINE('',#17579,#3793);
#2496=LINE('',#17580,#3794);
#2497=LINE('',#17583,#3795);
#2498=LINE('',#17585,#3796);
#2499=LINE('',#17587,#3797);
#2500=LINE('',#17589,#3798);
#2501=LINE('',#17590,#3799);
#2502=LINE('',#17603,#3800);
#2503=LINE('',#17605,#3801);
#2504=LINE('',#17607,#3802);
#2505=LINE('',#17609,#3803);
#2506=LINE('',#17611,#3804);
#2507=LINE('',#17612,#3805);
#2508=LINE('',#17615,#3806);
#2509=LINE('',#17617,#3807);
#2510=LINE('',#17618,#3808);
#2511=LINE('',#17621,#3809);
#2512=LINE('',#17623,#3810);
#2513=LINE('',#17624,#3811);
#2514=LINE('',#17627,#3812);
#2515=LINE('',#17629,#3813);
#2516=LINE('',#17630,#3814);
#2517=LINE('',#17633,#3815);
#2518=LINE('',#17635,#3816);
#2519=LINE('',#17637,#3817);
#2520=LINE('',#17639,#3818);
#2521=LINE('',#17640,#3819);
#2522=LINE('',#17653,#3820);
#2523=LINE('',#17655,#3821);
#2524=LINE('',#17657,#3822);
#2525=LINE('',#17659,#3823);
#2526=LINE('',#17661,#3824);
#2527=LINE('',#17662,#3825);
#2528=LINE('',#17665,#3826);
#2529=LINE('',#17667,#3827);
#2530=LINE('',#17668,#3828);
#2531=LINE('',#17671,#3829);
#2532=LINE('',#17673,#3830);
#2533=LINE('',#17674,#3831);
#2534=LINE('',#17677,#3832);
#2535=LINE('',#17679,#3833);
#2536=LINE('',#17680,#3834);
#2537=LINE('',#17683,#3835);
#2538=LINE('',#17685,#3836);
#2539=LINE('',#17687,#3837);
#2540=LINE('',#17689,#3838);
#2541=LINE('',#17690,#3839);
#2542=LINE('',#17708,#3840);
#2543=LINE('',#17714,#3841);
#2544=LINE('',#17716,#3842);
#2545=LINE('',#17718,#3843);
#2546=LINE('',#17719,#3844);
#2547=LINE('',#17722,#3845);
#2548=LINE('',#17724,#3846);
#2549=LINE('',#17725,#3847);
#2550=LINE('',#17728,#3848);
#2551=LINE('',#17730,#3849);
#2552=LINE('',#17731,#3850);
#2553=LINE('',#17733,#3851);
#2554=LINE('',#17734,#3852);
#2555=LINE('',#17737,#3853);
#2556=LINE('',#17739,#3854);
#2557=LINE('',#17740,#3855);
#2558=LINE('',#17743,#3856);
#2559=LINE('',#17744,#3857);
#2560=LINE('',#17748,#3858);
#2561=LINE('',#17749,#3859);
#2562=LINE('',#17751,#3860);
#2563=LINE('',#17756,#3861);
#2564=LINE('',#17758,#3862);
#2565=LINE('',#17760,#3863);
#2566=LINE('',#17761,#3864);
#2567=LINE('',#17764,#3865);
#2568=LINE('',#17766,#3866);
#2569=LINE('',#17767,#3867);
#2570=LINE('',#17770,#3868);
#2571=LINE('',#17772,#3869);
#2572=LINE('',#17773,#3870);
#2573=LINE('',#17775,#3871);
#2574=LINE('',#17776,#3872);
#2575=LINE('',#17782,#3873);
#2576=LINE('',#17784,#3874);
#2577=LINE('',#17786,#3875);
#2578=LINE('',#17787,#3876);
#2579=LINE('',#17790,#3877);
#2580=LINE('',#17792,#3878);
#2581=LINE('',#17793,#3879);
#2582=LINE('',#17799,#3880);
#2583=LINE('',#17802,#3881);
#2584=LINE('',#17804,#3882);
#2585=LINE('',#17805,#3883);
#2586=LINE('',#17811,#3884);
#2587=LINE('',#17813,#3885);
#2588=LINE('',#17814,#3886);
#2589=LINE('',#17820,#3887);
#2590=LINE('',#17822,#3888);
#2591=LINE('',#17824,#3889);
#2592=LINE('',#17825,#3890);
#2593=LINE('',#17828,#3891);
#2594=LINE('',#17830,#3892);
#2595=LINE('',#17831,#3893);
#2596=LINE('',#17836,#3894);
#2597=LINE('',#17840,#3895);
#2598=LINE('',#17842,#3896);
#2599=LINE('',#17843,#3897);
#2600=LINE('',#17848,#3898);
#2601=LINE('',#17851,#3899);
#2602=LINE('',#17852,#3900);
#2603=LINE('',#17858,#3901);
#2604=LINE('',#17860,#3902);
#2605=LINE('',#17862,#3903);
#2606=LINE('',#17863,#3904);
#2607=LINE('',#17866,#3905);
#2608=LINE('',#17868,#3906);
#2609=LINE('',#17869,#3907);
#2610=LINE('',#17875,#3908);
#2611=LINE('',#17878,#3909);
#2612=LINE('',#17880,#3910);
#2613=LINE('',#17881,#3911);
#2614=LINE('',#17887,#3912);
#2615=LINE('',#17889,#3913);
#2616=LINE('',#17890,#3914);
#2617=LINE('',#17896,#3915);
#2618=LINE('',#17898,#3916);
#2619=LINE('',#17900,#3917);
#2620=LINE('',#17901,#3918);
#2621=LINE('',#17904,#3919);
#2622=LINE('',#17906,#3920);
#2623=LINE('',#17907,#3921);
#2624=LINE('',#17913,#3922);
#2625=LINE('',#17916,#3923);
#2626=LINE('',#17918,#3924);
#2627=LINE('',#17919,#3925);
#2628=LINE('',#17925,#3926);
#2629=LINE('',#17927,#3927);
#2630=LINE('',#17928,#3928);
#2631=LINE('',#17934,#3929);
#2632=LINE('',#17936,#3930);
#2633=LINE('',#17938,#3931);
#2634=LINE('',#17939,#3932);
#2635=LINE('',#17942,#3933);
#2636=LINE('',#17944,#3934);
#2637=LINE('',#17945,#3935);
#2638=LINE('',#17951,#3936);
#2639=LINE('',#17954,#3937);
#2640=LINE('',#17956,#3938);
#2641=LINE('',#17957,#3939);
#2642=LINE('',#17963,#3940);
#2643=LINE('',#17965,#3941);
#2644=LINE('',#17966,#3942);
#2645=LINE('',#17972,#3943);
#2646=LINE('',#17974,#3944);
#2647=LINE('',#17976,#3945);
#2648=LINE('',#17977,#3946);
#2649=LINE('',#17980,#3947);
#2650=LINE('',#17982,#3948);
#2651=LINE('',#17983,#3949);
#2652=LINE('',#17988,#3950);
#2653=LINE('',#17992,#3951);
#2654=LINE('',#17994,#3952);
#2655=LINE('',#17995,#3953);
#2656=LINE('',#18000,#3954);
#2657=LINE('',#18003,#3955);
#2658=LINE('',#18004,#3956);
#2659=LINE('',#18010,#3957);
#2660=LINE('',#18012,#3958);
#2661=LINE('',#18014,#3959);
#2662=LINE('',#18015,#3960);
#2663=LINE('',#18018,#3961);
#2664=LINE('',#18020,#3962);
#2665=LINE('',#18021,#3963);
#2666=LINE('',#18026,#3964);
#2667=LINE('',#18030,#3965);
#2668=LINE('',#18032,#3966);
#2669=LINE('',#18033,#3967);
#2670=LINE('',#18038,#3968);
#2671=LINE('',#18041,#3969);
#2672=LINE('',#18042,#3970);
#2673=LINE('',#18048,#3971);
#2674=LINE('',#18050,#3972);
#2675=LINE('',#18052,#3973);
#2676=LINE('',#18053,#3974);
#2677=LINE('',#18056,#3975);
#2678=LINE('',#18058,#3976);
#2679=LINE('',#18059,#3977);
#2680=LINE('',#18064,#3978);
#2681=LINE('',#18068,#3979);
#2682=LINE('',#18070,#3980);
#2683=LINE('',#18071,#3981);
#2684=LINE('',#18076,#3982);
#2685=LINE('',#18079,#3983);
#2686=LINE('',#18080,#3984);
#2687=LINE('',#18086,#3985);
#2688=LINE('',#18088,#3986);
#2689=LINE('',#18090,#3987);
#2690=LINE('',#18091,#3988);
#2691=LINE('',#18094,#3989);
#2692=LINE('',#18096,#3990);
#2693=LINE('',#18097,#3991);
#2694=LINE('',#18100,#3992);
#2695=LINE('',#18102,#3993);
#2696=LINE('',#18103,#3994);
#2697=LINE('',#18105,#3995);
#2698=LINE('',#18106,#3996);
#2699=LINE('',#18112,#3997);
#2700=LINE('',#18114,#3998);
#2701=LINE('',#18116,#3999);
#2702=LINE('',#18117,#4000);
#2703=LINE('',#18120,#4001);
#2704=LINE('',#18122,#4002);
#2705=LINE('',#18123,#4003);
#2706=LINE('',#18126,#4004);
#2707=LINE('',#18128,#4005);
#2708=LINE('',#18129,#4006);
#2709=LINE('',#18131,#4007);
#2710=LINE('',#18132,#4008);
#2711=LINE('',#18138,#4009);
#2712=LINE('',#18140,#4010);
#2713=LINE('',#18142,#4011);
#2714=LINE('',#18143,#4012);
#2715=LINE('',#18146,#4013);
#2716=LINE('',#18148,#4014);
#2717=LINE('',#18149,#4015);
#2718=LINE('',#18152,#4016);
#2719=LINE('',#18154,#4017);
#2720=LINE('',#18155,#4018);
#2721=LINE('',#18157,#4019);
#2722=LINE('',#18158,#4020);
#2723=LINE('',#18164,#4021);
#2724=LINE('',#18166,#4022);
#2725=LINE('',#18168,#4023);
#2726=LINE('',#18169,#4024);
#2727=LINE('',#18172,#4025);
#2728=LINE('',#18174,#4026);
#2729=LINE('',#18175,#4027);
#2730=LINE('',#18178,#4028);
#2731=LINE('',#18180,#4029);
#2732=LINE('',#18181,#4030);
#2733=LINE('',#18183,#4031);
#2734=LINE('',#18184,#4032);
#2735=LINE('',#18190,#4033);
#2736=LINE('',#18192,#4034);
#2737=LINE('',#18194,#4035);
#2738=LINE('',#18195,#4036);
#2739=LINE('',#18198,#4037);
#2740=LINE('',#18200,#4038);
#2741=LINE('',#18201,#4039);
#2742=LINE('',#18204,#4040);
#2743=LINE('',#18206,#4041);
#2744=LINE('',#18207,#4042);
#2745=LINE('',#18209,#4043);
#2746=LINE('',#18210,#4044);
#2747=LINE('',#18216,#4045);
#2748=LINE('',#18218,#4046);
#2749=LINE('',#18220,#4047);
#2750=LINE('',#18221,#4048);
#2751=LINE('',#18224,#4049);
#2752=LINE('',#18226,#4050);
#2753=LINE('',#18227,#4051);
#2754=LINE('',#18230,#4052);
#2755=LINE('',#18232,#4053);
#2756=LINE('',#18233,#4054);
#2757=LINE('',#18235,#4055);
#2758=LINE('',#18236,#4056);
#2759=LINE('',#18242,#4057);
#2760=LINE('',#18244,#4058);
#2761=LINE('',#18246,#4059);
#2762=LINE('',#18247,#4060);
#2763=LINE('',#18250,#4061);
#2764=LINE('',#18252,#4062);
#2765=LINE('',#18253,#4063);
#2766=LINE('',#18256,#4064);
#2767=LINE('',#18258,#4065);
#2768=LINE('',#18259,#4066);
#2769=LINE('',#18261,#4067);
#2770=LINE('',#18262,#4068);
#2771=LINE('',#18268,#4069);
#2772=LINE('',#18270,#4070);
#2773=LINE('',#18272,#4071);
#2774=LINE('',#18273,#4072);
#2775=LINE('',#18276,#4073);
#2776=LINE('',#18278,#4074);
#2777=LINE('',#18279,#4075);
#2778=LINE('',#18282,#4076);
#2779=LINE('',#18284,#4077);
#2780=LINE('',#18285,#4078);
#2781=LINE('',#18287,#4079);
#2782=LINE('',#18288,#4080);
#2783=LINE('',#18330,#4081);
#2784=LINE('',#18331,#4082);
#2785=LINE('',#18347,#4083);
#2786=LINE('',#18348,#4084);
#2787=LINE('',#18350,#4085);
#2788=LINE('',#18351,#4086);
#2789=LINE('',#18360,#4087);
#2790=LINE('',#18361,#4088);
#2791=LINE('',#18363,#4089);
#2792=LINE('',#18364,#4090);
#2793=LINE('',#18366,#4091);
#2794=LINE('',#18367,#4092);
#2795=LINE('',#18369,#4093);
#2796=LINE('',#18370,#4094);
#2797=LINE('',#18372,#4095);
#2798=LINE('',#18373,#4096);
#2799=LINE('',#18375,#4097);
#2800=LINE('',#18376,#4098);
#2801=LINE('',#18378,#4099);
#2802=LINE('',#18379,#4100);
#2803=LINE('',#18381,#4101);
#2804=LINE('',#18382,#4102);
#2805=LINE('',#18384,#4103);
#2806=LINE('',#18385,#4104);
#2807=LINE('',#18428,#4105);
#2808=LINE('',#18429,#4106);
#2809=LINE('',#18445,#4107);
#2810=LINE('',#18446,#4108);
#2811=LINE('',#18448,#4109);
#2812=LINE('',#18449,#4110);
#2813=LINE('',#18458,#4111);
#2814=LINE('',#18459,#4112);
#2815=LINE('',#18461,#4113);
#2816=LINE('',#18462,#4114);
#2817=LINE('',#18464,#4115);
#2818=LINE('',#18465,#4116);
#2819=LINE('',#18467,#4117);
#2820=LINE('',#18468,#4118);
#2821=LINE('',#18470,#4119);
#2822=LINE('',#18471,#4120);
#2823=LINE('',#18473,#4121);
#2824=LINE('',#18474,#4122);
#2825=LINE('',#18476,#4123);
#2826=LINE('',#18477,#4124);
#2827=LINE('',#18479,#4125);
#2828=LINE('',#18480,#4126);
#2829=LINE('',#18482,#4127);
#2830=LINE('',#18483,#4128);
#2831=LINE('',#18493,#4129);
#2832=LINE('',#18495,#4130);
#2833=LINE('',#18497,#4131);
#2834=LINE('',#18498,#4132);
#2835=LINE('',#18501,#4133);
#2836=LINE('',#18503,#4134);
#2837=LINE('',#18504,#4135);
#2838=LINE('',#18507,#4136);
#2839=LINE('',#18509,#4137);
#2840=LINE('',#18510,#4138);
#2841=LINE('',#18512,#4139);
#2842=LINE('',#18513,#4140);
#2843=LINE('',#18523,#4141);
#2844=LINE('',#18525,#4142);
#2845=LINE('',#18527,#4143);
#2846=LINE('',#18528,#4144);
#2847=LINE('',#18531,#4145);
#2848=LINE('',#18533,#4146);
#2849=LINE('',#18534,#4147);
#2850=LINE('',#18537,#4148);
#2851=LINE('',#18539,#4149);
#2852=LINE('',#18540,#4150);
#2853=LINE('',#18543,#4151);
#2854=LINE('',#18545,#4152);
#2855=LINE('',#18546,#4153);
#2856=LINE('',#18549,#4154);
#2857=LINE('',#18551,#4155);
#2858=LINE('',#18552,#4156);
#2859=LINE('',#18558,#4157);
#2860=LINE('',#18561,#4158);
#2861=LINE('',#18563,#4159);
#2862=LINE('',#18564,#4160);
#2863=LINE('',#18570,#4161);
#2864=LINE('',#18576,#4162);
#2865=LINE('',#18579,#4163);
#2866=LINE('',#18581,#4164);
#2867=LINE('',#18582,#4165);
#2868=LINE('',#18588,#4166);
#2869=LINE('',#18594,#4167);
#2870=LINE('',#18597,#4168);
#2871=LINE('',#18599,#4169);
#2872=LINE('',#18600,#4170);
#2873=LINE('',#18606,#4171);
#2874=LINE('',#18609,#4172);
#2875=LINE('',#18611,#4173);
#2876=LINE('',#18612,#4174);
#2877=LINE('',#18615,#4175);
#2878=LINE('',#18617,#4176);
#2879=LINE('',#18618,#4177);
#2880=LINE('',#18621,#4178);
#2881=LINE('',#18623,#4179);
#2882=LINE('',#18624,#4180);
#2883=LINE('',#18630,#4181);
#2884=LINE('',#18633,#4182);
#2885=LINE('',#18635,#4183);
#2886=LINE('',#18636,#4184);
#2887=LINE('',#18642,#4185);
#2888=LINE('',#18645,#4186);
#2889=LINE('',#18647,#4187);
#2890=LINE('',#18648,#4188);
#2891=LINE('',#18651,#4189);
#2892=LINE('',#18653,#4190);
#2893=LINE('',#18654,#4191);
#2894=LINE('',#18656,#4192);
#2895=LINE('',#18657,#4193);
#2896=LINE('',#18663,#4194);
#2897=LINE('',#18665,#4195);
#2898=LINE('',#18667,#4196);
#2899=LINE('',#18668,#4197);
#2900=LINE('',#18671,#4198);
#2901=LINE('',#18673,#4199);
#2902=LINE('',#18674,#4200);
#2903=LINE('',#18677,#4201);
#2904=LINE('',#18679,#4202);
#2905=LINE('',#18680,#4203);
#2906=LINE('',#18683,#4204);
#2907=LINE('',#18685,#4205);
#2908=LINE('',#18686,#4206);
#2909=LINE('',#18689,#4207);
#2910=LINE('',#18691,#4208);
#2911=LINE('',#18692,#4209);
#2912=LINE('',#18697,#4210);
#2913=LINE('',#18701,#4211);
#2914=LINE('',#18703,#4212);
#2915=LINE('',#18704,#4213);
#2916=LINE('',#18709,#4214);
#2917=LINE('',#18713,#4215);
#2918=LINE('',#18715,#4216);
#2919=LINE('',#18716,#4217);
#2920=LINE('',#18721,#4218);
#2921=LINE('',#18725,#4219);
#2922=LINE('',#18727,#4220);
#2923=LINE('',#18728,#4221);
#2924=LINE('',#18731,#4222);
#2925=LINE('',#18733,#4223);
#2926=LINE('',#18734,#4224);
#2927=LINE('',#18739,#4225);
#2928=LINE('',#18743,#4226);
#2929=LINE('',#18745,#4227);
#2930=LINE('',#18746,#4228);
#2931=LINE('',#18751,#4229);
#2932=LINE('',#18755,#4230);
#2933=LINE('',#18757,#4231);
#2934=LINE('',#18758,#4232);
#2935=LINE('',#18763,#4233);
#2936=LINE('',#18766,#4234);
#2937=LINE('',#18767,#4235);
#2938=LINE('',#18773,#4236);
#2939=LINE('',#18775,#4237);
#2940=LINE('',#18777,#4238);
#2941=LINE('',#18778,#4239);
#2942=LINE('',#18781,#4240);
#2943=LINE('',#18783,#4241);
#2944=LINE('',#18784,#4242);
#2945=LINE('',#18787,#4243);
#2946=LINE('',#18789,#4244);
#2947=LINE('',#18790,#4245);
#2948=LINE('',#18793,#4246);
#2949=LINE('',#18795,#4247);
#2950=LINE('',#18796,#4248);
#2951=LINE('',#18799,#4249);
#2952=LINE('',#18801,#4250);
#2953=LINE('',#18802,#4251);
#2954=LINE('',#18807,#4252);
#2955=LINE('',#18811,#4253);
#2956=LINE('',#18813,#4254);
#2957=LINE('',#18814,#4255);
#2958=LINE('',#18819,#4256);
#2959=LINE('',#18823,#4257);
#2960=LINE('',#18825,#4258);
#2961=LINE('',#18826,#4259);
#2962=LINE('',#18831,#4260);
#2963=LINE('',#18835,#4261);
#2964=LINE('',#18837,#4262);
#2965=LINE('',#18838,#4263);
#2966=LINE('',#18841,#4264);
#2967=LINE('',#18843,#4265);
#2968=LINE('',#18844,#4266);
#2969=LINE('',#18849,#4267);
#2970=LINE('',#18853,#4268);
#2971=LINE('',#18855,#4269);
#2972=LINE('',#18856,#4270);
#2973=LINE('',#18861,#4271);
#2974=LINE('',#18865,#4272);
#2975=LINE('',#18867,#4273);
#2976=LINE('',#18868,#4274);
#2977=LINE('',#18873,#4275);
#2978=LINE('',#18876,#4276);
#2979=LINE('',#18877,#4277);
#2980=LINE('',#18883,#4278);
#2981=LINE('',#18885,#4279);
#2982=LINE('',#18887,#4280);
#2983=LINE('',#18888,#4281);
#2984=LINE('',#18891,#4282);
#2985=LINE('',#18893,#4283);
#2986=LINE('',#18894,#4284);
#2987=LINE('',#18897,#4285);
#2988=LINE('',#18899,#4286);
#2989=LINE('',#18900,#4287);
#2990=LINE('',#18903,#4288);
#2991=LINE('',#18905,#4289);
#2992=LINE('',#18906,#4290);
#2993=LINE('',#18909,#4291);
#2994=LINE('',#18911,#4292);
#2995=LINE('',#18912,#4293);
#2996=LINE('',#18917,#4294);
#2997=LINE('',#18921,#4295);
#2998=LINE('',#18923,#4296);
#2999=LINE('',#18924,#4297);
#3000=LINE('',#18929,#4298);
#3001=LINE('',#18933,#4299);
#3002=LINE('',#18935,#4300);
#3003=LINE('',#18936,#4301);
#3004=LINE('',#18941,#4302);
#3005=LINE('',#18945,#4303);
#3006=LINE('',#18947,#4304);
#3007=LINE('',#18948,#4305);
#3008=LINE('',#18951,#4306);
#3009=LINE('',#18953,#4307);
#3010=LINE('',#18954,#4308);
#3011=LINE('',#18959,#4309);
#3012=LINE('',#18963,#4310);
#3013=LINE('',#18965,#4311);
#3014=LINE('',#18966,#4312);
#3015=LINE('',#18971,#4313);
#3016=LINE('',#18975,#4314);
#3017=LINE('',#18977,#4315);
#3018=LINE('',#18978,#4316);
#3019=LINE('',#18983,#4317);
#3020=LINE('',#18986,#4318);
#3021=LINE('',#18987,#4319);
#3022=LINE('',#18993,#4320);
#3023=LINE('',#18995,#4321);
#3024=LINE('',#18997,#4322);
#3025=LINE('',#18998,#4323);
#3026=LINE('',#19001,#4324);
#3027=LINE('',#19003,#4325);
#3028=LINE('',#19004,#4326);
#3029=LINE('',#19007,#4327);
#3030=LINE('',#19009,#4328);
#3031=LINE('',#19010,#4329);
#3032=LINE('',#19013,#4330);
#3033=LINE('',#19015,#4331);
#3034=LINE('',#19016,#4332);
#3035=LINE('',#19019,#4333);
#3036=LINE('',#19021,#4334);
#3037=LINE('',#19022,#4335);
#3038=LINE('',#19027,#4336);
#3039=LINE('',#19031,#4337);
#3040=LINE('',#19033,#4338);
#3041=LINE('',#19034,#4339);
#3042=LINE('',#19039,#4340);
#3043=LINE('',#19045,#4341);
#3044=LINE('',#19049,#4342);
#3045=LINE('',#19051,#4343);
#3046=LINE('',#19052,#4344);
#3047=LINE('',#19057,#4345);
#3048=LINE('',#19063,#4346);
#3049=LINE('',#19067,#4347);
#3050=LINE('',#19069,#4348);
#3051=LINE('',#19070,#4349);
#3052=LINE('',#19075,#4350);
#3053=LINE('',#19079,#4351);
#3054=LINE('',#19081,#4352);
#3055=LINE('',#19082,#4353);
#3056=LINE('',#19085,#4354);
#3057=LINE('',#19087,#4355);
#3058=LINE('',#19088,#4356);
#3059=LINE('',#19091,#4357);
#3060=LINE('',#19093,#4358);
#3061=LINE('',#19094,#4359);
#3062=LINE('',#19099,#4360);
#3063=LINE('',#19103,#4361);
#3064=LINE('',#19105,#4362);
#3065=LINE('',#19106,#4363);
#3066=LINE('',#19111,#4364);
#3067=LINE('',#19115,#4365);
#3068=LINE('',#19117,#4366);
#3069=LINE('',#19118,#4367);
#3070=LINE('',#19121,#4368);
#3071=LINE('',#19123,#4369);
#3072=LINE('',#19124,#4370);
#3073=LINE('',#19126,#4371);
#3074=LINE('',#19127,#4372);
#3075=LINE('',#19133,#4373);
#3076=LINE('',#19135,#4374);
#3077=LINE('',#19137,#4375);
#3078=LINE('',#19138,#4376);
#3079=LINE('',#19141,#4377);
#3080=LINE('',#19143,#4378);
#3081=LINE('',#19144,#4379);
#3082=LINE('',#19147,#4380);
#3083=LINE('',#19149,#4381);
#3084=LINE('',#19150,#4382);
#3085=LINE('',#19153,#4383);
#3086=LINE('',#19155,#4384);
#3087=LINE('',#19156,#4385);
#3088=LINE('',#19159,#4386);
#3089=LINE('',#19161,#4387);
#3090=LINE('',#19162,#4388);
#3091=LINE('',#19167,#4389);
#3092=LINE('',#19171,#4390);
#3093=LINE('',#19173,#4391);
#3094=LINE('',#19174,#4392);
#3095=LINE('',#19179,#4393);
#3096=LINE('',#19183,#4394);
#3097=LINE('',#19185,#4395);
#3098=LINE('',#19186,#4396);
#3099=LINE('',#19191,#4397);
#3100=LINE('',#19195,#4398);
#3101=LINE('',#19197,#4399);
#3102=LINE('',#19198,#4400);
#3103=LINE('',#19201,#4401);
#3104=LINE('',#19203,#4402);
#3105=LINE('',#19204,#4403);
#3106=LINE('',#19209,#4404);
#3107=LINE('',#19213,#4405);
#3108=LINE('',#19215,#4406);
#3109=LINE('',#19216,#4407);
#3110=LINE('',#19221,#4408);
#3111=LINE('',#19225,#4409);
#3112=LINE('',#19227,#4410);
#3113=LINE('',#19228,#4411);
#3114=LINE('',#19233,#4412);
#3115=LINE('',#19236,#4413);
#3116=LINE('',#19237,#4414);
#3117=LINE('',#19243,#4415);
#3118=LINE('',#19245,#4416);
#3119=LINE('',#19247,#4417);
#3120=LINE('',#19249,#4418);
#3121=LINE('',#19251,#4419);
#3122=LINE('',#19253,#4420);
#3123=LINE('',#19255,#4421);
#3124=LINE('',#19257,#4422);
#3125=LINE('',#19259,#4423);
#3126=LINE('',#19261,#4424);
#3127=LINE('',#19263,#4425);
#3128=LINE('',#19265,#4426);
#3129=LINE('',#19267,#4427);
#3130=LINE('',#19269,#4428);
#3131=LINE('',#19271,#4429);
#3132=LINE('',#19273,#4430);
#3133=LINE('',#19275,#4431);
#3134=LINE('',#19277,#4432);
#3135=LINE('',#19279,#4433);
#3136=LINE('',#19280,#4434);
#3137=LINE('',#19284,#4435);
#3138=LINE('',#19286,#4436);
#3139=LINE('',#19288,#4437);
#3140=LINE('',#19290,#4438);
#3141=LINE('',#19292,#4439);
#3142=LINE('',#19294,#4440);
#3143=LINE('',#19296,#4441);
#3144=LINE('',#19298,#4442);
#3145=LINE('',#19300,#4443);
#3146=LINE('',#19302,#4444);
#3147=LINE('',#19304,#4445);
#3148=LINE('',#19306,#4446);
#3149=LINE('',#19308,#4447);
#3150=LINE('',#19310,#4448);
#3151=LINE('',#19312,#4449);
#3152=LINE('',#19314,#4450);
#3153=LINE('',#19316,#4451);
#3154=LINE('',#19318,#4452);
#3155=LINE('',#19320,#4453);
#3156=LINE('',#19321,#4454);
#3157=LINE('',#19324,#4455);
#3158=LINE('',#19326,#4456);
#3159=LINE('',#19328,#4457);
#3160=LINE('',#19330,#4458);
#3161=LINE('',#19332,#4459);
#3162=LINE('',#19334,#4460);
#3163=LINE('',#19336,#4461);
#3164=LINE('',#19338,#4462);
#3165=LINE('',#19340,#4463);
#3166=LINE('',#19342,#4464);
#3167=LINE('',#19344,#4465);
#3168=LINE('',#19345,#4466);
#3169=LINE('',#19349,#4467);
#3170=LINE('',#19350,#4468);
#3171=LINE('',#19351,#4469);
#3172=LINE('',#19355,#4470);
#3173=LINE('',#19357,#4471);
#3174=LINE('',#19359,#4472);
#3175=LINE('',#19360,#4473);
#3176=LINE('',#19363,#4474);
#3177=LINE('',#19365,#4475);
#3178=LINE('',#19367,#4476);
#3179=LINE('',#19368,#4477);
#3180=LINE('',#19371,#4478);
#3181=LINE('',#19373,#4479);
#3182=LINE('',#19375,#4480);
#3183=LINE('',#19376,#4481);
#3184=LINE('',#19379,#4482);
#3185=LINE('',#19381,#4483);
#3186=LINE('',#19383,#4484);
#3187=LINE('',#19384,#4485);
#3188=LINE('',#19387,#4486);
#3189=LINE('',#19389,#4487);
#3190=LINE('',#19391,#4488);
#3191=LINE('',#19392,#4489);
#3192=LINE('',#19396,#4490);
#3193=LINE('',#19397,#4491);
#3194=LINE('',#19398,#4492);
#3195=LINE('',#19401,#4493);
#3196=LINE('',#19403,#4494);
#3197=LINE('',#19404,#4495);
#3198=LINE('',#19407,#4496);
#3199=LINE('',#19409,#4497);
#3200=LINE('',#19410,#4498);
#3201=LINE('',#19412,#4499);
#3202=LINE('',#19414,#4500);
#3203=LINE('',#19415,#4501);
#3204=LINE('',#19419,#4502);
#3205=LINE('',#19421,#4503);
#3206=LINE('',#19423,#4504);
#3207=LINE('',#19425,#4505);
#3208=LINE('',#19427,#4506);
#3209=LINE('',#19429,#4507);
#3210=LINE('',#19431,#4508);
#3211=LINE('',#19433,#4509);
#3212=LINE('',#19435,#4510);
#3213=LINE('',#19437,#4511);
#3214=LINE('',#19439,#4512);
#3215=LINE('',#19441,#4513);
#3216=LINE('',#19443,#4514);
#3217=LINE('',#19445,#4515);
#3218=LINE('',#19447,#4516);
#3219=LINE('',#19448,#4517);
#3220=LINE('',#19450,#4518);
#3221=LINE('',#19452,#4519);
#3222=LINE('',#19453,#4520);
#3223=LINE('',#19455,#4521);
#3224=LINE('',#19457,#4522);
#3225=LINE('',#19459,#4523);
#3226=LINE('',#19461,#4524);
#3227=LINE('',#19463,#4525);
#3228=LINE('',#19465,#4526);
#3229=LINE('',#19467,#4527);
#3230=LINE('',#19469,#4528);
#3231=LINE('',#19471,#4529);
#3232=LINE('',#19473,#4530);
#3233=LINE('',#19475,#4531);
#3234=LINE('',#19477,#4532);
#3235=LINE('',#19479,#4533);
#3236=LINE('',#19481,#4534);
#3237=LINE('',#19482,#4535);
#3238=LINE('',#19484,#4536);
#3239=LINE('',#19485,#4537);
#3240=LINE('',#19487,#4538);
#3241=LINE('',#19488,#4539);
#3242=LINE('',#19490,#4540);
#3243=LINE('',#19491,#4541);
#3244=LINE('',#19494,#4542);
#3245=LINE('',#19496,#4543);
#3246=LINE('',#19497,#4544);
#3247=LINE('',#19500,#4545);
#3248=LINE('',#19502,#4546);
#3249=LINE('',#19503,#4547);
#3250=LINE('',#19507,#4548);
#3251=LINE('',#19508,#4549);
#3252=LINE('',#19509,#4550);
#3253=LINE('',#19512,#4551);
#3254=LINE('',#19514,#4552);
#3255=LINE('',#19515,#4553);
#3256=LINE('',#19518,#4554);
#3257=LINE('',#19519,#4555);
#3258=LINE('',#19521,#4556);
#3259=LINE('',#19522,#4557);
#3260=LINE('',#19525,#4558);
#3261=LINE('',#19526,#4559);
#3262=LINE('',#19528,#4560);
#3263=LINE('',#19529,#4561);
#3264=LINE('',#19532,#4562);
#3265=LINE('',#19534,#4563);
#3266=LINE('',#19536,#4564);
#3267=LINE('',#19537,#4565);
#3268=LINE('',#19541,#4566);
#3269=LINE('',#19542,#4567);
#3270=LINE('',#19544,#4568);
#3271=LINE('',#19546,#4569);
#3272=LINE('',#19548,#4570);
#3273=LINE('',#19549,#4571);
#3274=LINE('',#19552,#4572);
#3275=LINE('',#19554,#4573);
#3276=LINE('',#19555,#4574);
#3277=LINE('',#19556,#4575);
#3278=LINE('',#19559,#4576);
#3279=LINE('',#19561,#4577);
#3280=LINE('',#19563,#4578);
#3281=LINE('',#19565,#4579);
#3282=LINE('',#19567,#4580);
#3283=LINE('',#19568,#4581);
#3284=LINE('',#19570,#4582);
#3285=LINE('',#19572,#4583);
#3286=LINE('',#19574,#4584);
#3287=LINE('',#19575,#4585);
#3288=LINE('',#19578,#4586);
#3289=LINE('',#19579,#4587);
#3290=LINE('',#19580,#4588);
#3291=LINE('',#19583,#4589);
#3292=LINE('',#19585,#4590);
#3293=LINE('',#19586,#4591);
#3294=LINE('',#19587,#4592);
#3295=LINE('',#19589,#4593);
#3296=LINE('',#19591,#4594);
#3297=LINE('',#19593,#4595);
#3298=LINE('',#19594,#4596);
#3299=LINE('',#19596,#4597);
#3300=LINE('',#19599,#4598);
#3301=LINE('',#19604,#4599);
#3302=LINE('',#19605,#4600);
#3303=LINE('',#19607,#4601);
#3304=LINE('',#19609,#4602);
#3305=LINE('',#19610,#4603);
#3306=LINE('',#19612,#4604);
#3307=LINE('',#19614,#4605);
#3308=LINE('',#19615,#4606);
#3309=LINE('',#19618,#4607);
#3310=LINE('',#19619,#4608);
#3311=LINE('',#19621,#4609);
#3312=LINE('',#19622,#4610);
#3313=LINE('',#19626,#4611);
#3314=LINE('',#19631,#4612);
#3315=LINE('',#19632,#4613);
#3316=LINE('',#19634,#4614);
#3317=LINE('',#19639,#4615);
#3318=LINE('',#19640,#4616);
#3319=LINE('',#19641,#4617);
#3320=LINE('',#19643,#4618);
#3321=LINE('',#19644,#4619);
#3322=LINE('',#19645,#4620);
#3323=LINE('',#19647,#4621);
#3324=LINE('',#19648,#4622);
#3325=LINE('',#19649,#4623);
#3326=LINE('',#19651,#4624);
#3327=LINE('',#19652,#4625);
#3328=LINE('',#19653,#4626);
#3329=LINE('',#19665,#4627);
#3330=LINE('',#19667,#4628);
#3331=LINE('',#19669,#4629);
#3332=LINE('',#19670,#4630);
#3333=LINE('',#19673,#4631);
#3334=LINE('',#19675,#4632);
#3335=LINE('',#19677,#4633);
#3336=LINE('',#19678,#4634);
#3337=LINE('',#19682,#4635);
#3338=LINE('',#19683,#4636);
#3339=LINE('',#19684,#4637);
#3340=LINE('',#19688,#4638);
#3341=LINE('',#19690,#4639);
#3342=LINE('',#19692,#4640);
#3343=LINE('',#19693,#4641);
#3344=LINE('',#19697,#4642);
#3345=LINE('',#19698,#4643);
#3346=LINE('',#19699,#4644);
#3347=LINE('',#19702,#4645);
#3348=LINE('',#19704,#4646);
#3349=LINE('',#19705,#4647);
#3350=LINE('',#19709,#4648);
#3351=LINE('',#19710,#4649);
#3352=LINE('',#19711,#4650);
#3353=LINE('',#19714,#4651);
#3354=LINE('',#19715,#4652);
#3355=LINE('',#19719,#4653);
#3356=LINE('',#19721,#4654);
#3357=LINE('',#19722,#4655);
#3358=LINE('',#19724,#4656);
#3359=LINE('',#19725,#4657);
#3360=LINE('',#19728,#4658);
#3361=LINE('',#19730,#4659);
#3362=LINE('',#19731,#4660);
#3363=LINE('',#19734,#4661);
#3364=LINE('',#19736,#4662);
#3365=LINE('',#19737,#4663);
#3366=LINE('',#19739,#4664);
#3367=LINE('',#19740,#4665);
#3368=LINE('',#19743,#4666);
#3369=LINE('',#19744,#4667);
#3370=LINE('',#19747,#4668);
#3371=LINE('',#19748,#4669);
#3372=LINE('',#19751,#4670);
#3373=LINE('',#19752,#4671);
#3374=LINE('',#19753,#4672);
#3375=LINE('',#19755,#4673);
#3376=LINE('',#19758,#4674);
#3377=LINE('',#19759,#4675);
#3378=LINE('',#19761,#4676);
#3379=LINE('',#19762,#4677);
#3380=LINE('',#19765,#4678);
#3381=LINE('',#19767,#4679);
#3382=LINE('',#19768,#4680);
#3383=LINE('',#19770,#4681);
#3384=LINE('',#19771,#4682);
#3385=LINE('',#19774,#4683);
#3386=LINE('',#19776,#4684);
#3387=LINE('',#19777,#4685);
#3388=LINE('',#19779,#4686);
#3389=LINE('',#19780,#4687);
#3390=LINE('',#19782,#4688);
#3391=LINE('',#19784,#4689);
#3392=LINE('',#19785,#4690);
#3393=LINE('',#19788,#4691);
#3394=LINE('',#19790,#4692);
#3395=LINE('',#19792,#4693);
#3396=LINE('',#19794,#4694);
#3397=LINE('',#19796,#4695);
#3398=LINE('',#19798,#4696);
#3399=LINE('',#19800,#4697);
#3400=LINE('',#19802,#4698);
#3401=LINE('',#19804,#4699);
#3402=LINE('',#19806,#4700);
#3403=LINE('',#19808,#4701);
#3404=LINE('',#19810,#4702);
#3405=LINE('',#19812,#4703);
#3406=LINE('',#19814,#4704);
#3407=LINE('',#19838,#4705);
#3408=LINE('',#19839,#4706);
#3409=LINE('',#19869,#4707);
#3410=LINE('',#19870,#4708);
#3411=LINE('',#19872,#4709);
#3412=LINE('',#19873,#4710);
#3413=LINE('',#19889,#4711);
#3414=LINE('',#19890,#4712);
#3415=LINE('',#19892,#4713);
#3416=LINE('',#19893,#4714);
#3417=LINE('',#19895,#4715);
#3418=LINE('',#19896,#4716);
#3419=LINE('',#19898,#4717);
#3420=LINE('',#19899,#4718);
#3421=LINE('',#19901,#4719);
#3422=LINE('',#19902,#4720);
#3423=LINE('',#19904,#4721);
#3424=LINE('',#19905,#4722);
#3425=LINE('',#19907,#4723);
#3426=LINE('',#19908,#4724);
#3427=LINE('',#19910,#4725);
#3428=LINE('',#19911,#4726);
#3429=LINE('',#19913,#4727);
#3430=LINE('',#19914,#4728);
#3431=LINE('',#19935,#4729);
#3432=LINE('',#19936,#4730);
#3433=LINE('',#19966,#4731);
#3434=LINE('',#19967,#4732);
#3435=LINE('',#19969,#4733);
#3436=LINE('',#19970,#4734);
#3437=LINE('',#19986,#4735);
#3438=LINE('',#19987,#4736);
#3439=LINE('',#19989,#4737);
#3440=LINE('',#19990,#4738);
#3441=LINE('',#19992,#4739);
#3442=LINE('',#19993,#4740);
#3443=LINE('',#19995,#4741);
#3444=LINE('',#19996,#4742);
#3445=LINE('',#19998,#4743);
#3446=LINE('',#19999,#4744);
#3447=LINE('',#20001,#4745);
#3448=LINE('',#20002,#4746);
#3449=LINE('',#20004,#4747);
#3450=LINE('',#20005,#4748);
#3451=LINE('',#20007,#4749);
#3452=LINE('',#20008,#4750);
#3453=LINE('',#20010,#4751);
#3454=LINE('',#20011,#4752);
#3455=LINE('',#20020,#4753);
#3456=LINE('',#20022,#4754);
#3457=LINE('',#20024,#4755);
#3458=LINE('',#20025,#4756);
#3459=LINE('',#20029,#4757);
#3460=LINE('',#20031,#4758);
#3461=LINE('',#20033,#4759);
#3462=LINE('',#20034,#4760);
#3463=LINE('',#20036,#4761);
#3464=LINE('',#20037,#4762);
#3465=LINE('',#20039,#4763);
#3466=LINE('',#20041,#4764);
#3467=LINE('',#20049,#4765);
#3468=LINE('',#20051,#4766);
#3469=LINE('',#20053,#4767);
#3470=LINE('',#20055,#4768);
#3471=LINE('',#20057,#4769);
#3472=LINE('',#20058,#4770);
#3473=LINE('',#20061,#4771);
#3474=LINE('',#20063,#4772);
#3475=LINE('',#20065,#4773);
#3476=LINE('',#20066,#4774);
#3477=LINE('',#20070,#4775);
#3478=LINE('',#20072,#4776);
#3479=LINE('',#20074,#4777);
#3480=LINE('',#20076,#4778);
#3481=LINE('',#20078,#4779);
#3482=LINE('',#20079,#4780);
#3483=LINE('',#20082,#4781);
#3484=LINE('',#20084,#4782);
#3485=LINE('',#20086,#4783);
#3486=LINE('',#20087,#4784);
#3487=LINE('',#20089,#4785);
#3488=LINE('',#20090,#4786);
#3489=LINE('',#20092,#4787);
#3490=LINE('',#20093,#4788);
#3491=LINE('',#20097,#4789);
#3492=LINE('',#20099,#4790);
#3493=LINE('',#20101,#4791);
#3494=LINE('',#20102,#4792);
#3495=LINE('',#20104,#4793);
#3496=LINE('',#20106,#4794);
#3497=LINE('',#20108,#4795);
#3498=LINE('',#20110,#4796);
#3499=LINE('',#20112,#4797);
#3500=LINE('',#20113,#4798);
#3501=LINE('',#20116,#4799);
#3502=LINE('',#20118,#4800);
#3503=LINE('',#20119,#4801);
#3504=LINE('',#20123,#4802);
#3505=LINE('',#20125,#4803);
#3506=LINE('',#20127,#4804);
#3507=LINE('',#20129,#4805);
#3508=LINE('',#20131,#4806);
#3509=LINE('',#20133,#4807);
#3510=LINE('',#20135,#4808);
#3511=LINE('',#20136,#4809);
#3512=LINE('',#20139,#4810);
#3513=LINE('',#20141,#4811);
#3514=LINE('',#20142,#4812);
#3515=LINE('',#20145,#4813);
#3516=LINE('',#20146,#4814);
#3517=LINE('',#20149,#4815);
#3518=LINE('',#20151,#4816);
#3519=LINE('',#20152,#4817);
#3520=LINE('',#20154,#4818);
#3521=LINE('',#20156,#4819);
#3522=LINE('',#20157,#4820);
#3523=LINE('',#20160,#4821);
#3524=LINE('',#20161,#4822);
#3525=LINE('',#20164,#4823);
#3526=LINE('',#20166,#4824);
#3527=LINE('',#20167,#4825);
#3528=LINE('',#20169,#4826);
#3529=LINE('',#20171,#4827);
#3530=LINE('',#20172,#4828);
#3531=LINE('',#20174,#4829);
#3532=LINE('',#20178,#4830);
#3533=LINE('',#20179,#4831);
#3534=LINE('',#20182,#4832);
#3535=LINE('',#20183,#4833);
#3536=LINE('',#20215,#4834);
#3537=LINE('',#20230,#4835);
#3538=LINE('',#20238,#4836);
#3539=LINE('',#20240,#4837);
#3540=LINE('',#20242,#4838);
#3541=LINE('',#20243,#4839);
#3542=LINE('',#20245,#4840);
#3543=LINE('',#20246,#4841);
#3544=LINE('',#20248,#4842);
#3545=LINE('',#20249,#4843);
#3546=LINE('',#20251,#4844);
#3547=LINE('',#20252,#4845);
#3548=LINE('',#20254,#4846);
#3549=LINE('',#20256,#4847);
#3550=LINE('',#20258,#4848);
#3551=LINE('',#20259,#4849);
#3552=LINE('',#20266,#4850);
#3553=LINE('',#20268,#4851);
#3554=LINE('',#20269,#4852);
#3555=LINE('',#20273,#4853);
#3556=LINE('',#20275,#4854);
#3557=LINE('',#20277,#4855);
#3558=LINE('',#20279,#4856);
#3559=LINE('',#20281,#4857);
#3560=LINE('',#20283,#4858);
#3561=LINE('',#20285,#4859);
#3562=LINE('',#20286,#4860);
#3563=LINE('',#20289,#4861);
#3564=LINE('',#20291,#4862);
#3565=LINE('',#20292,#4863);
#3566=LINE('',#20295,#4864);
#3567=LINE('',#20296,#4865);
#3568=LINE('',#20299,#4866);
#3569=LINE('',#20300,#4867);
#3570=LINE('',#20303,#4868);
#3571=LINE('',#20305,#4869);
#3572=LINE('',#20306,#4870);
#3573=LINE('',#20308,#4871);
#3574=LINE('',#20310,#4872);
#3575=LINE('',#20311,#4873);
#3576=LINE('',#20314,#4874);
#3577=LINE('',#20315,#4875);
#3578=LINE('',#20318,#4876);
#3579=LINE('',#20319,#4877);
#3580=LINE('',#20322,#4878);
#3581=LINE('',#20323,#4879);
#3582=LINE('',#20326,#4880);
#3583=LINE('',#20327,#4881);
#3584=LINE('',#20330,#4882);
#3585=LINE('',#20331,#4883);
#3586=LINE('',#20334,#4884);
#3587=LINE('',#20336,#4885);
#3588=LINE('',#20337,#4886);
#3589=LINE('',#20339,#4887);
#3590=LINE('',#20340,#4888);
#3591=LINE('',#20344,#4889);
#3592=LINE('',#20345,#4890);
#3593=LINE('',#20348,#4891);
#3594=LINE('',#20349,#4892);
#3595=LINE('',#20382,#4893);
#3596=LINE('',#20396,#4894);
#3597=LINE('',#20398,#4895);
#3598=LINE('',#20399,#4896);
#3599=LINE('',#20407,#4897);
#3600=LINE('',#20409,#4898);
#3601=LINE('',#20411,#4899);
#3602=LINE('',#20412,#4900);
#3603=LINE('',#20414,#4901);
#3604=LINE('',#20416,#4902);
#3605=LINE('',#20418,#4903);
#3606=LINE('',#20419,#4904);
#3607=LINE('',#20421,#4905);
#3608=LINE('',#20422,#4906);
#3609=LINE('',#20424,#4907);
#3610=LINE('',#20425,#4908);
#3611=LINE('',#20433,#4909);
#3612=LINE('',#20435,#4910);
#3613=LINE('',#20437,#4911);
#3614=LINE('',#20438,#4912);
#3615=LINE('',#20442,#4913);
#3616=LINE('',#20444,#4914);
#3617=LINE('',#20446,#4915);
#3618=LINE('',#20447,#4916);
#3619=LINE('',#20449,#4917);
#3620=LINE('',#20450,#4918);
#3621=LINE('',#20452,#4919);
#3622=LINE('',#20454,#4920);
#3623=LINE('',#20459,#4921);
#3624=LINE('',#20461,#4922);
#3625=LINE('',#20463,#4923);
#3626=LINE('',#20464,#4924);
#3627=LINE('',#20467,#4925);
#3628=LINE('',#20469,#4926);
#3629=LINE('',#20470,#4927);
#3630=LINE('',#20473,#4928);
#3631=LINE('',#20475,#4929);
#3632=LINE('',#20476,#4930);
#3633=LINE('',#20478,#4931);
#3634=LINE('',#20479,#4932);
#3635=LINE('',#20500,#4933);
#3636=LINE('',#20501,#4934);
#3637=LINE('',#20531,#4935);
#3638=LINE('',#20532,#4936);
#3639=LINE('',#20534,#4937);
#3640=LINE('',#20535,#4938);
#3641=LINE('',#20551,#4939);
#3642=LINE('',#20552,#4940);
#3643=LINE('',#20554,#4941);
#3644=LINE('',#20555,#4942);
#3645=LINE('',#20557,#4943);
#3646=LINE('',#20558,#4944);
#3647=LINE('',#20560,#4945);
#3648=LINE('',#20561,#4946);
#3649=LINE('',#20563,#4947);
#3650=LINE('',#20564,#4948);
#3651=LINE('',#20566,#4949);
#3652=LINE('',#20567,#4950);
#3653=LINE('',#20569,#4951);
#3654=LINE('',#20570,#4952);
#3655=LINE('',#20572,#4953);
#3656=LINE('',#20573,#4954);
#3657=LINE('',#20575,#4955);
#3658=LINE('',#20576,#4956);
#3659=LINE('',#20597,#4957);
#3660=LINE('',#20598,#4958);
#3661=LINE('',#20628,#4959);
#3662=LINE('',#20629,#4960);
#3663=LINE('',#20631,#4961);
#3664=LINE('',#20632,#4962);
#3665=LINE('',#20648,#4963);
#3666=LINE('',#20649,#4964);
#3667=LINE('',#20651,#4965);
#3668=LINE('',#20652,#4966);
#3669=LINE('',#20654,#4967);
#3670=LINE('',#20655,#4968);
#3671=LINE('',#20657,#4969);
#3672=LINE('',#20658,#4970);
#3673=LINE('',#20660,#4971);
#3674=LINE('',#20661,#4972);
#3675=LINE('',#20663,#4973);
#3676=LINE('',#20664,#4974);
#3677=LINE('',#20666,#4975);
#3678=LINE('',#20667,#4976);
#3679=LINE('',#20669,#4977);
#3680=LINE('',#20670,#4978);
#3681=LINE('',#20672,#4979);
#3682=LINE('',#20673,#4980);
#3683=LINE('',#20682,#4981);
#3684=LINE('',#20684,#4982);
#3685=LINE('',#20686,#4983);
#3686=LINE('',#20687,#4984);
#3687=LINE('',#20691,#4985);
#3688=LINE('',#20693,#4986);
#3689=LINE('',#20695,#4987);
#3690=LINE('',#20696,#4988);
#3691=LINE('',#20698,#4989);
#3692=LINE('',#20699,#4990);
#3693=LINE('',#20701,#4991);
#3694=LINE('',#20703,#4992);
#3695=VECTOR('',#13666,0.5);
#3696=VECTOR('',#13673,0.175);
#3697=VECTOR('',#13680,0.175);
#3698=VECTOR('',#13687,0.1);
#3699=VECTOR('',#13694,0.5);
#3700=VECTOR('',#13701,0.1);
#3701=VECTOR('',#13708,0.1);
#3702=VECTOR('',#13715,0.1);
#3703=VECTOR('',#13722,1.55);
#3704=VECTOR('',#13729,0.1);
#3705=VECTOR('',#13736,0.1);
#3706=VECTOR('',#13743,0.1);
#3707=VECTOR('',#13748,10.);
#3708=VECTOR('',#13751,10.);
#3709=VECTOR('',#13758,0.1);
#3710=VECTOR('',#13765,0.1);
#3711=VECTOR('',#13772,0.1);
#3712=VECTOR('',#13777,10.);
#3713=VECTOR('',#13780,10.);
#3714=VECTOR('',#13787,0.1);
#3715=VECTOR('',#13792,10.);
#3716=VECTOR('',#13795,10.);
#3717=VECTOR('',#13802,0.1);
#3718=VECTOR('',#13809,0.5);
#3719=VECTOR('',#13816,0.1);
#3720=VECTOR('',#13823,0.1);
#3721=VECTOR('',#13830,0.1);
#3722=VECTOR('',#13835,10.);
#3723=VECTOR('',#13836,10.);
#3724=VECTOR('',#13837,10.);
#3725=VECTOR('',#13840,10.);
#3726=VECTOR('',#13841,10.);
#3727=VECTOR('',#13842,10.);
#3728=VECTOR('',#13845,10.);
#3729=VECTOR('',#13846,10.);
#3730=VECTOR('',#13849,10.);
#3731=VECTOR('',#13850,10.);
#3732=VECTOR('',#13855,10.);
#3733=VECTOR('',#13858,10.);
#3734=VECTOR('',#13861,10.);
#3735=VECTOR('',#13868,10.);
#3736=VECTOR('',#13871,10.);
#3737=VECTOR('',#13874,10.);
#3738=VECTOR('',#13879,10.);
#3739=VECTOR('',#13882,10.);
#3740=VECTOR('',#13885,10.);
#3741=VECTOR('',#13888,10.);
#3742=VECTOR('',#13891,10.);
#3743=VECTOR('',#13894,10.);
#3744=VECTOR('',#13907,1000.);
#3745=VECTOR('',#13908,1000.);
#3746=VECTOR('',#13909,1000.);
#3747=VECTOR('',#13910,1000.);
#3748=VECTOR('',#13913,1000.);
#3749=VECTOR('',#13914,1000.);
#3750=VECTOR('',#13915,1000.);
#3751=VECTOR('',#13918,1000.);
#3752=VECTOR('',#13919,1000.);
#3753=VECTOR('',#13920,1000.);
#3754=VECTOR('',#13923,1000.);
#3755=VECTOR('',#13926,1000.);
#3756=VECTOR('',#13933,1000.);
#3757=VECTOR('',#13936,1000.);
#3758=VECTOR('',#13941,1000.);
#3759=VECTOR('',#13944,1000.);
#3760=VECTOR('',#13947,1000.);
#3761=VECTOR('',#13948,1000.);
#3762=VECTOR('',#13949,1000.);
#3763=VECTOR('',#13950,1000.);
#3764=VECTOR('',#13951,1000.);
#3765=VECTOR('',#13952,1000.);
#3766=VECTOR('',#13953,1000.);
#3767=VECTOR('',#13954,1000.);
#3768=VECTOR('',#13957,1000.);
#3769=VECTOR('',#13958,1000.);
#3770=VECTOR('',#13961,1000.);
#3771=VECTOR('',#13962,1000.);
#3772=VECTOR('',#13965,1000.);
#3773=VECTOR('',#13966,1000.);
#3774=VECTOR('',#13967,1000.);
#3775=VECTOR('',#13968,1000.);
#3776=VECTOR('',#13969,1000.);
#3777=VECTOR('',#13970,1000.);
#3778=VECTOR('',#13973,1000.);
#3779=VECTOR('',#13976,1000.);
#3780=VECTOR('',#13991,1000.);
#3781=VECTOR('',#13992,1000.);
#3782=VECTOR('',#13993,1000.);
#3783=VECTOR('',#13994,1000.);
#3784=VECTOR('',#13995,1000.);
#3785=VECTOR('',#13996,1000.);
#3786=VECTOR('',#13999,1000.);
#3787=VECTOR('',#14000,1000.);
#3788=VECTOR('',#14001,1000.);
#3789=VECTOR('',#14004,1000.);
#3790=VECTOR('',#14005,1000.);
#3791=VECTOR('',#14006,1000.);
#3792=VECTOR('',#14009,1000.);
#3793=VECTOR('',#14010,1000.);
#3794=VECTOR('',#14011,1000.);
#3795=VECTOR('',#14014,1000.);
#3796=VECTOR('',#14015,1000.);
#3797=VECTOR('',#14016,1000.);
#3798=VECTOR('',#14017,1000.);
#3799=VECTOR('',#14018,1000.);
#3800=VECTOR('',#14039,1000.);
#3801=VECTOR('',#14040,1000.);
#3802=VECTOR('',#14041,1000.);
#3803=VECTOR('',#14042,1000.);
#3804=VECTOR('',#14043,1000.);
#3805=VECTOR('',#14044,1000.);
#3806=VECTOR('',#14047,1000.);
#3807=VECTOR('',#14048,1000.);
#3808=VECTOR('',#14049,1000.);
#3809=VECTOR('',#14052,1000.);
#3810=VECTOR('',#14053,1000.);
#3811=VECTOR('',#14054,1000.);
#3812=VECTOR('',#14057,1000.);
#3813=VECTOR('',#14058,1000.);
#3814=VECTOR('',#14059,1000.);
#3815=VECTOR('',#14062,1000.);
#3816=VECTOR('',#14063,1000.);
#3817=VECTOR('',#14064,1000.);
#3818=VECTOR('',#14065,1000.);
#3819=VECTOR('',#14066,1000.);
#3820=VECTOR('',#14087,1000.);
#3821=VECTOR('',#14088,1000.);
#3822=VECTOR('',#14089,1000.);
#3823=VECTOR('',#14090,1000.);
#3824=VECTOR('',#14091,1000.);
#3825=VECTOR('',#14092,1000.);
#3826=VECTOR('',#14095,1000.);
#3827=VECTOR('',#14096,1000.);
#3828=VECTOR('',#14097,1000.);
#3829=VECTOR('',#14100,1000.);
#3830=VECTOR('',#14101,1000.);
#3831=VECTOR('',#14102,1000.);
#3832=VECTOR('',#14105,1000.);
#3833=VECTOR('',#14106,1000.);
#3834=VECTOR('',#14107,1000.);
#3835=VECTOR('',#14110,1000.);
#3836=VECTOR('',#14111,1000.);
#3837=VECTOR('',#14112,1000.);
#3838=VECTOR('',#14113,1000.);
#3839=VECTOR('',#14114,1000.);
#3840=VECTOR('',#14145,0.0750000000000001);
#3841=VECTOR('',#14152,10.);
#3842=VECTOR('',#14153,10.);
#3843=VECTOR('',#14154,10.);
#3844=VECTOR('',#14155,10.);
#3845=VECTOR('',#14158,10.);
#3846=VECTOR('',#14159,10.);
#3847=VECTOR('',#14160,10.);
#3848=VECTOR('',#14163,10.);
#3849=VECTOR('',#14164,10.);
#3850=VECTOR('',#14165,10.);
#3851=VECTOR('',#14168,10.);
#3852=VECTOR('',#14169,10.);
#3853=VECTOR('',#14172,10.);
#3854=VECTOR('',#14173,10.);
#3855=VECTOR('',#14174,10.);
#3856=VECTOR('',#14177,10.);
#3857=VECTOR('',#14178,10.);
#3858=VECTOR('',#14183,10.);
#3859=VECTOR('',#14184,10.);
#3860=VECTOR('',#14187,10.);
#3861=VECTOR('',#14192,10.);
#3862=VECTOR('',#14193,10.);
#3863=VECTOR('',#14194,10.);
#3864=VECTOR('',#14195,10.);
#3865=VECTOR('',#14198,10.);
#3866=VECTOR('',#14199,10.);
#3867=VECTOR('',#14200,10.);
#3868=VECTOR('',#14203,10.);
#3869=VECTOR('',#14204,10.);
#3870=VECTOR('',#14205,10.);
#3871=VECTOR('',#14208,10.);
#3872=VECTOR('',#14209,10.);
#3873=VECTOR('',#14216,10.);
#3874=VECTOR('',#14217,10.);
#3875=VECTOR('',#14218,10.);
#3876=VECTOR('',#14219,10.);
#3877=VECTOR('',#14222,10.);
#3878=VECTOR('',#14223,10.);
#3879=VECTOR('',#14224,10.);
#3880=VECTOR('',#14231,10.);
#3881=VECTOR('',#14234,10.);
#3882=VECTOR('',#14235,10.);
#3883=VECTOR('',#14236,10.);
#3884=VECTOR('',#14243,10.);
#3885=VECTOR('',#14246,10.);
#3886=VECTOR('',#14247,10.);
#3887=VECTOR('',#14254,10.);
#3888=VECTOR('',#14255,10.);
#3889=VECTOR('',#14256,10.);
#3890=VECTOR('',#14257,10.);
#3891=VECTOR('',#14260,10.);
#3892=VECTOR('',#14261,10.);
#3893=VECTOR('',#14262,10.);
#3894=VECTOR('',#14267,10.);
#3895=VECTOR('',#14272,10.);
#3896=VECTOR('',#14273,10.);
#3897=VECTOR('',#14274,10.);
#3898=VECTOR('',#14279,10.);
#3899=VECTOR('',#14284,10.);
#3900=VECTOR('',#14285,10.);
#3901=VECTOR('',#14292,10.);
#3902=VECTOR('',#14293,10.);
#3903=VECTOR('',#14294,10.);
#3904=VECTOR('',#14295,10.);
#3905=VECTOR('',#14298,10.);
#3906=VECTOR('',#14299,10.);
#3907=VECTOR('',#14300,10.);
#3908=VECTOR('',#14307,10.);
#3909=VECTOR('',#14310,10.);
#3910=VECTOR('',#14311,10.);
#3911=VECTOR('',#14312,10.);
#3912=VECTOR('',#14319,10.);
#3913=VECTOR('',#14322,10.);
#3914=VECTOR('',#14323,10.);
#3915=VECTOR('',#14330,10.);
#3916=VECTOR('',#14331,10.);
#3917=VECTOR('',#14332,10.);
#3918=VECTOR('',#14333,10.);
#3919=VECTOR('',#14336,10.);
#3920=VECTOR('',#14337,10.);
#3921=VECTOR('',#14338,10.);
#3922=VECTOR('',#14345,10.);
#3923=VECTOR('',#14348,10.);
#3924=VECTOR('',#14349,10.);
#3925=VECTOR('',#14350,10.);
#3926=VECTOR('',#14357,10.);
#3927=VECTOR('',#14360,10.);
#3928=VECTOR('',#14361,10.);
#3929=VECTOR('',#14368,10.);
#3930=VECTOR('',#14369,10.);
#3931=VECTOR('',#14370,10.);
#3932=VECTOR('',#14371,10.);
#3933=VECTOR('',#14374,10.);
#3934=VECTOR('',#14375,10.);
#3935=VECTOR('',#14376,10.);
#3936=VECTOR('',#14383,10.);
#3937=VECTOR('',#14386,10.);
#3938=VECTOR('',#14387,10.);
#3939=VECTOR('',#14388,10.);
#3940=VECTOR('',#14395,10.);
#3941=VECTOR('',#14398,10.);
#3942=VECTOR('',#14399,10.);
#3943=VECTOR('',#14406,10.);
#3944=VECTOR('',#14407,10.);
#3945=VECTOR('',#14408,10.);
#3946=VECTOR('',#14409,10.);
#3947=VECTOR('',#14412,10.);
#3948=VECTOR('',#14413,10.);
#3949=VECTOR('',#14414,10.);
#3950=VECTOR('',#14419,10.);
#3951=VECTOR('',#14424,10.);
#3952=VECTOR('',#14425,10.);
#3953=VECTOR('',#14426,10.);
#3954=VECTOR('',#14431,10.);
#3955=VECTOR('',#14436,10.);
#3956=VECTOR('',#14437,10.);
#3957=VECTOR('',#14444,10.);
#3958=VECTOR('',#14445,10.);
#3959=VECTOR('',#14446,10.);
#3960=VECTOR('',#14447,10.);
#3961=VECTOR('',#14450,10.);
#3962=VECTOR('',#14451,10.);
#3963=VECTOR('',#14452,10.);
#3964=VECTOR('',#14457,10.);
#3965=VECTOR('',#14462,10.);
#3966=VECTOR('',#14463,10.);
#3967=VECTOR('',#14464,10.);
#3968=VECTOR('',#14469,10.);
#3969=VECTOR('',#14474,10.);
#3970=VECTOR('',#14475,10.);
#3971=VECTOR('',#14482,10.);
#3972=VECTOR('',#14483,10.);
#3973=VECTOR('',#14484,10.);
#3974=VECTOR('',#14485,10.);
#3975=VECTOR('',#14488,10.);
#3976=VECTOR('',#14489,10.);
#3977=VECTOR('',#14490,10.);
#3978=VECTOR('',#14495,10.);
#3979=VECTOR('',#14500,10.);
#3980=VECTOR('',#14501,10.);
#3981=VECTOR('',#14502,10.);
#3982=VECTOR('',#14507,10.);
#3983=VECTOR('',#14512,10.);
#3984=VECTOR('',#14513,10.);
#3985=VECTOR('',#14520,10.);
#3986=VECTOR('',#14521,10.);
#3987=VECTOR('',#14522,10.);
#3988=VECTOR('',#14523,10.);
#3989=VECTOR('',#14526,10.);
#3990=VECTOR('',#14527,10.);
#3991=VECTOR('',#14528,10.);
#3992=VECTOR('',#14531,10.);
#3993=VECTOR('',#14532,10.);
#3994=VECTOR('',#14533,10.);
#3995=VECTOR('',#14536,10.);
#3996=VECTOR('',#14537,10.);
#3997=VECTOR('',#14544,10.);
#3998=VECTOR('',#14545,10.);
#3999=VECTOR('',#14546,10.);
#4000=VECTOR('',#14547,10.);
#4001=VECTOR('',#14550,10.);
#4002=VECTOR('',#14551,10.);
#4003=VECTOR('',#14552,10.);
#4004=VECTOR('',#14555,10.);
#4005=VECTOR('',#14556,10.);
#4006=VECTOR('',#14557,10.);
#4007=VECTOR('',#14560,10.);
#4008=VECTOR('',#14561,10.);
#4009=VECTOR('',#14568,10.);
#4010=VECTOR('',#14569,10.);
#4011=VECTOR('',#14570,10.);
#4012=VECTOR('',#14571,10.);
#4013=VECTOR('',#14574,10.);
#4014=VECTOR('',#14575,10.);
#4015=VECTOR('',#14576,10.);
#4016=VECTOR('',#14579,10.);
#4017=VECTOR('',#14580,10.);
#4018=VECTOR('',#14581,10.);
#4019=VECTOR('',#14584,10.);
#4020=VECTOR('',#14585,10.);
#4021=VECTOR('',#14592,10.);
#4022=VECTOR('',#14593,10.);
#4023=VECTOR('',#14594,10.);
#4024=VECTOR('',#14595,10.);
#4025=VECTOR('',#14598,10.);
#4026=VECTOR('',#14599,10.);
#4027=VECTOR('',#14600,10.);
#4028=VECTOR('',#14603,10.);
#4029=VECTOR('',#14604,10.);
#4030=VECTOR('',#14605,10.);
#4031=VECTOR('',#14608,10.);
#4032=VECTOR('',#14609,10.);
#4033=VECTOR('',#14616,10.);
#4034=VECTOR('',#14617,10.);
#4035=VECTOR('',#14618,10.);
#4036=VECTOR('',#14619,10.);
#4037=VECTOR('',#14622,10.);
#4038=VECTOR('',#14623,10.);
#4039=VECTOR('',#14624,10.);
#4040=VECTOR('',#14627,10.);
#4041=VECTOR('',#14628,10.);
#4042=VECTOR('',#14629,10.);
#4043=VECTOR('',#14632,10.);
#4044=VECTOR('',#14633,10.);
#4045=VECTOR('',#14640,10.);
#4046=VECTOR('',#14641,10.);
#4047=VECTOR('',#14642,10.);
#4048=VECTOR('',#14643,10.);
#4049=VECTOR('',#14646,10.);
#4050=VECTOR('',#14647,10.);
#4051=VECTOR('',#14648,10.);
#4052=VECTOR('',#14651,10.);
#4053=VECTOR('',#14652,10.);
#4054=VECTOR('',#14653,10.);
#4055=VECTOR('',#14656,10.);
#4056=VECTOR('',#14657,10.);
#4057=VECTOR('',#14664,10.);
#4058=VECTOR('',#14665,10.);
#4059=VECTOR('',#14666,10.);
#4060=VECTOR('',#14667,10.);
#4061=VECTOR('',#14670,10.);
#4062=VECTOR('',#14671,10.);
#4063=VECTOR('',#14672,10.);
#4064=VECTOR('',#14675,10.);
#4065=VECTOR('',#14676,10.);
#4066=VECTOR('',#14677,10.);
#4067=VECTOR('',#14680,10.);
#4068=VECTOR('',#14681,10.);
#4069=VECTOR('',#14688,10.);
#4070=VECTOR('',#14689,10.);
#4071=VECTOR('',#14690,10.);
#4072=VECTOR('',#14691,10.);
#4073=VECTOR('',#14694,10.);
#4074=VECTOR('',#14695,10.);
#4075=VECTOR('',#14696,10.);
#4076=VECTOR('',#14699,10.);
#4077=VECTOR('',#14700,10.);
#4078=VECTOR('',#14701,10.);
#4079=VECTOR('',#14704,10.);
#4080=VECTOR('',#14705,10.);
#4081=VECTOR('',#14758,10.);
#4082=VECTOR('',#14759,10.);
#4083=VECTOR('',#14778,10.);
#4084=VECTOR('',#14779,10.);
#4085=VECTOR('',#14782,10.);
#4086=VECTOR('',#14783,10.);
#4087=VECTOR('',#14794,10.);
#4088=VECTOR('',#14795,10.);
#4089=VECTOR('',#14798,10.);
#4090=VECTOR('',#14799,10.);
#4091=VECTOR('',#14802,10.);
#4092=VECTOR('',#14803,10.);
#4093=VECTOR('',#14806,10.);
#4094=VECTOR('',#14807,10.);
#4095=VECTOR('',#14810,10.);
#4096=VECTOR('',#14811,10.);
#4097=VECTOR('',#14814,10.);
#4098=VECTOR('',#14815,10.);
#4099=VECTOR('',#14818,10.);
#4100=VECTOR('',#14819,10.);
#4101=VECTOR('',#14822,10.);
#4102=VECTOR('',#14823,10.);
#4103=VECTOR('',#14826,10.);
#4104=VECTOR('',#14827,10.);
#4105=VECTOR('',#14882,10.);
#4106=VECTOR('',#14883,10.);
#4107=VECTOR('',#14902,10.);
#4108=VECTOR('',#14903,10.);
#4109=VECTOR('',#14906,10.);
#4110=VECTOR('',#14907,10.);
#4111=VECTOR('',#14918,10.);
#4112=VECTOR('',#14919,10.);
#4113=VECTOR('',#14922,10.);
#4114=VECTOR('',#14923,10.);
#4115=VECTOR('',#14926,10.);
#4116=VECTOR('',#14927,10.);
#4117=VECTOR('',#14930,10.);
#4118=VECTOR('',#14931,10.);
#4119=VECTOR('',#14934,10.);
#4120=VECTOR('',#14935,10.);
#4121=VECTOR('',#14938,10.);
#4122=VECTOR('',#14939,10.);
#4123=VECTOR('',#14942,10.);
#4124=VECTOR('',#14943,10.);
#4125=VECTOR('',#14946,10.);
#4126=VECTOR('',#14947,10.);
#4127=VECTOR('',#14950,10.);
#4128=VECTOR('',#14951,10.);
#4129=VECTOR('',#14966,10.);
#4130=VECTOR('',#14967,10.);
#4131=VECTOR('',#14968,10.);
#4132=VECTOR('',#14969,10.);
#4133=VECTOR('',#14972,10.);
#4134=VECTOR('',#14973,10.);
#4135=VECTOR('',#14974,10.);
#4136=VECTOR('',#14977,10.);
#4137=VECTOR('',#14978,10.);
#4138=VECTOR('',#14979,10.);
#4139=VECTOR('',#14982,10.);
#4140=VECTOR('',#14983,10.);
#4141=VECTOR('',#14998,1000.);
#4142=VECTOR('',#14999,1000.);
#4143=VECTOR('',#15000,1000.);
#4144=VECTOR('',#15001,1000.);
#4145=VECTOR('',#15004,1000.);
#4146=VECTOR('',#15005,1000.);
#4147=VECTOR('',#15006,1000.);
#4148=VECTOR('',#15009,1000.);
#4149=VECTOR('',#15010,1000.);
#4150=VECTOR('',#15011,1000.);
#4151=VECTOR('',#15014,1000.);
#4152=VECTOR('',#15015,1000.);
#4153=VECTOR('',#15016,1000.);
#4154=VECTOR('',#15019,1000.);
#4155=VECTOR('',#15020,1000.);
#4156=VECTOR('',#15021,1000.);
#4157=VECTOR('',#15028,1000.);
#4158=VECTOR('',#15031,1000.);
#4159=VECTOR('',#15032,1000.);
#4160=VECTOR('',#15033,1000.);
#4161=VECTOR('',#15040,1000.);
#4162=VECTOR('',#15047,1000.);
#4163=VECTOR('',#15050,1000.);
#4164=VECTOR('',#15051,1000.);
#4165=VECTOR('',#15052,1000.);
#4166=VECTOR('',#15059,1000.);
#4167=VECTOR('',#15066,1000.);
#4168=VECTOR('',#15069,1000.);
#4169=VECTOR('',#15070,1000.);
#4170=VECTOR('',#15071,1000.);
#4171=VECTOR('',#15078,1000.);
#4172=VECTOR('',#15081,1000.);
#4173=VECTOR('',#15082,1000.);
#4174=VECTOR('',#15083,1000.);
#4175=VECTOR('',#15086,1000.);
#4176=VECTOR('',#15087,1000.);
#4177=VECTOR('',#15088,1000.);
#4178=VECTOR('',#15091,1000.);
#4179=VECTOR('',#15092,1000.);
#4180=VECTOR('',#15093,1000.);
#4181=VECTOR('',#15100,1000.);
#4182=VECTOR('',#15103,1000.);
#4183=VECTOR('',#15104,1000.);
#4184=VECTOR('',#15105,1000.);
#4185=VECTOR('',#15112,1000.);
#4186=VECTOR('',#15115,1000.);
#4187=VECTOR('',#15116,1000.);
#4188=VECTOR('',#15117,1000.);
#4189=VECTOR('',#15120,1000.);
#4190=VECTOR('',#15121,1000.);
#4191=VECTOR('',#15122,1000.);
#4192=VECTOR('',#15125,1000.);
#4193=VECTOR('',#15126,1000.);
#4194=VECTOR('',#15133,1000.);
#4195=VECTOR('',#15134,1000.);
#4196=VECTOR('',#15135,1000.);
#4197=VECTOR('',#15136,1000.);
#4198=VECTOR('',#15139,1000.);
#4199=VECTOR('',#15140,1000.);
#4200=VECTOR('',#15141,1000.);
#4201=VECTOR('',#15144,1000.);
#4202=VECTOR('',#15145,1000.);
#4203=VECTOR('',#15146,1000.);
#4204=VECTOR('',#15149,1000.);
#4205=VECTOR('',#15150,1000.);
#4206=VECTOR('',#15151,1000.);
#4207=VECTOR('',#15154,1000.);
#4208=VECTOR('',#15155,1000.);
#4209=VECTOR('',#15156,1000.);
#4210=VECTOR('',#15161,1000.);
#4211=VECTOR('',#15166,1000.);
#4212=VECTOR('',#15167,1000.);
#4213=VECTOR('',#15168,1000.);
#4214=VECTOR('',#15173,1000.);
#4215=VECTOR('',#15178,1000.);
#4216=VECTOR('',#15179,1000.);
#4217=VECTOR('',#15180,1000.);
#4218=VECTOR('',#15185,1000.);
#4219=VECTOR('',#15190,1000.);
#4220=VECTOR('',#15191,1000.);
#4221=VECTOR('',#15192,1000.);
#4222=VECTOR('',#15195,1000.);
#4223=VECTOR('',#15196,1000.);
#4224=VECTOR('',#15197,1000.);
#4225=VECTOR('',#15202,1000.);
#4226=VECTOR('',#15207,1000.);
#4227=VECTOR('',#15208,1000.);
#4228=VECTOR('',#15209,1000.);
#4229=VECTOR('',#15214,1000.);
#4230=VECTOR('',#15219,1000.);
#4231=VECTOR('',#15220,1000.);
#4232=VECTOR('',#15221,1000.);
#4233=VECTOR('',#15226,1000.);
#4234=VECTOR('',#15231,1000.);
#4235=VECTOR('',#15232,1000.);
#4236=VECTOR('',#15239,1000.);
#4237=VECTOR('',#15240,1000.);
#4238=VECTOR('',#15241,1000.);
#4239=VECTOR('',#15242,1000.);
#4240=VECTOR('',#15245,1000.);
#4241=VECTOR('',#15246,1000.);
#4242=VECTOR('',#15247,1000.);
#4243=VECTOR('',#15250,1000.);
#4244=VECTOR('',#15251,1000.);
#4245=VECTOR('',#15252,1000.);
#4246=VECTOR('',#15255,1000.);
#4247=VECTOR('',#15256,1000.);
#4248=VECTOR('',#15257,1000.);
#4249=VECTOR('',#15260,1000.);
#4250=VECTOR('',#15261,1000.);
#4251=VECTOR('',#15262,1000.);
#4252=VECTOR('',#15267,1000.);
#4253=VECTOR('',#15272,1000.);
#4254=VECTOR('',#15273,1000.);
#4255=VECTOR('',#15274,1000.);
#4256=VECTOR('',#15279,1000.);
#4257=VECTOR('',#15284,1000.);
#4258=VECTOR('',#15285,1000.);
#4259=VECTOR('',#15286,1000.);
#4260=VECTOR('',#15291,1000.);
#4261=VECTOR('',#15296,1000.);
#4262=VECTOR('',#15297,1000.);
#4263=VECTOR('',#15298,1000.);
#4264=VECTOR('',#15301,1000.);
#4265=VECTOR('',#15302,1000.);
#4266=VECTOR('',#15303,1000.);
#4267=VECTOR('',#15308,1000.);
#4268=VECTOR('',#15313,1000.);
#4269=VECTOR('',#15314,1000.);
#4270=VECTOR('',#15315,1000.);
#4271=VECTOR('',#15320,1000.);
#4272=VECTOR('',#15325,1000.);
#4273=VECTOR('',#15326,1000.);
#4274=VECTOR('',#15327,1000.);
#4275=VECTOR('',#15332,1000.);
#4276=VECTOR('',#15337,1000.);
#4277=VECTOR('',#15338,1000.);
#4278=VECTOR('',#15345,1000.);
#4279=VECTOR('',#15346,1000.);
#4280=VECTOR('',#15347,1000.);
#4281=VECTOR('',#15348,1000.);
#4282=VECTOR('',#15351,1000.);
#4283=VECTOR('',#15352,1000.);
#4284=VECTOR('',#15353,1000.);
#4285=VECTOR('',#15356,1000.);
#4286=VECTOR('',#15357,1000.);
#4287=VECTOR('',#15358,1000.);
#4288=VECTOR('',#15361,1000.);
#4289=VECTOR('',#15362,1000.);
#4290=VECTOR('',#15363,1000.);
#4291=VECTOR('',#15366,1000.);
#4292=VECTOR('',#15367,1000.);
#4293=VECTOR('',#15368,1000.);
#4294=VECTOR('',#15373,1000.);
#4295=VECTOR('',#15378,1000.);
#4296=VECTOR('',#15379,1000.);
#4297=VECTOR('',#15380,1000.);
#4298=VECTOR('',#15385,1000.);
#4299=VECTOR('',#15390,1000.);
#4300=VECTOR('',#15391,1000.);
#4301=VECTOR('',#15392,1000.);
#4302=VECTOR('',#15397,1000.);
#4303=VECTOR('',#15402,1000.);
#4304=VECTOR('',#15403,1000.);
#4305=VECTOR('',#15404,1000.);
#4306=VECTOR('',#15407,1000.);
#4307=VECTOR('',#15408,1000.);
#4308=VECTOR('',#15409,1000.);
#4309=VECTOR('',#15414,1000.);
#4310=VECTOR('',#15419,1000.);
#4311=VECTOR('',#15420,1000.);
#4312=VECTOR('',#15421,1000.);
#4313=VECTOR('',#15426,1000.);
#4314=VECTOR('',#15431,1000.);
#4315=VECTOR('',#15432,1000.);
#4316=VECTOR('',#15433,1000.);
#4317=VECTOR('',#15438,1000.);
#4318=VECTOR('',#15443,1000.);
#4319=VECTOR('',#15444,1000.);
#4320=VECTOR('',#15451,1000.);
#4321=VECTOR('',#15452,1000.);
#4322=VECTOR('',#15453,1000.);
#4323=VECTOR('',#15454,1000.);
#4324=VECTOR('',#15457,1000.);
#4325=VECTOR('',#15458,1000.);
#4326=VECTOR('',#15459,1000.);
#4327=VECTOR('',#15462,1000.);
#4328=VECTOR('',#15463,1000.);
#4329=VECTOR('',#15464,1000.);
#4330=VECTOR('',#15467,1000.);
#4331=VECTOR('',#15468,1000.);
#4332=VECTOR('',#15469,1000.);
#4333=VECTOR('',#15472,1000.);
#4334=VECTOR('',#15473,1000.);
#4335=VECTOR('',#15474,1000.);
#4336=VECTOR('',#15479,1000.);
#4337=VECTOR('',#15484,1000.);
#4338=VECTOR('',#15485,1000.);
#4339=VECTOR('',#15486,1000.);
#4340=VECTOR('',#15491,1000.);
#4341=VECTOR('',#15498,1000.);
#4342=VECTOR('',#15503,1000.);
#4343=VECTOR('',#15504,1000.);
#4344=VECTOR('',#15505,1000.);
#4345=VECTOR('',#15510,1000.);
#4346=VECTOR('',#15517,1000.);
#4347=VECTOR('',#15522,1000.);
#4348=VECTOR('',#15523,1000.);
#4349=VECTOR('',#15524,1000.);
#4350=VECTOR('',#15529,1000.);
#4351=VECTOR('',#15534,1000.);
#4352=VECTOR('',#15535,1000.);
#4353=VECTOR('',#15536,1000.);
#4354=VECTOR('',#15539,1000.);
#4355=VECTOR('',#15540,1000.);
#4356=VECTOR('',#15541,1000.);
#4357=VECTOR('',#15544,1000.);
#4358=VECTOR('',#15545,1000.);
#4359=VECTOR('',#15546,1000.);
#4360=VECTOR('',#15551,1000.);
#4361=VECTOR('',#15556,1000.);
#4362=VECTOR('',#15557,1000.);
#4363=VECTOR('',#15558,1000.);
#4364=VECTOR('',#15563,1000.);
#4365=VECTOR('',#15568,1000.);
#4366=VECTOR('',#15569,1000.);
#4367=VECTOR('',#15570,1000.);
#4368=VECTOR('',#15573,1000.);
#4369=VECTOR('',#15574,1000.);
#4370=VECTOR('',#15575,1000.);
#4371=VECTOR('',#15578,1000.);
#4372=VECTOR('',#15579,1000.);
#4373=VECTOR('',#15586,1000.);
#4374=VECTOR('',#15587,1000.);
#4375=VECTOR('',#15588,1000.);
#4376=VECTOR('',#15589,1000.);
#4377=VECTOR('',#15592,1000.);
#4378=VECTOR('',#15593,1000.);
#4379=VECTOR('',#15594,1000.);
#4380=VECTOR('',#15597,1000.);
#4381=VECTOR('',#15598,1000.);
#4382=VECTOR('',#15599,1000.);
#4383=VECTOR('',#15602,1000.);
#4384=VECTOR('',#15603,1000.);
#4385=VECTOR('',#15604,1000.);
#4386=VECTOR('',#15607,1000.);
#4387=VECTOR('',#15608,1000.);
#4388=VECTOR('',#15609,1000.);
#4389=VECTOR('',#15614,1000.);
#4390=VECTOR('',#15619,1000.);
#4391=VECTOR('',#15620,1000.);
#4392=VECTOR('',#15621,1000.);
#4393=VECTOR('',#15626,1000.);
#4394=VECTOR('',#15631,1000.);
#4395=VECTOR('',#15632,1000.);
#4396=VECTOR('',#15633,1000.);
#4397=VECTOR('',#15638,1000.);
#4398=VECTOR('',#15643,1000.);
#4399=VECTOR('',#15644,1000.);
#4400=VECTOR('',#15645,1000.);
#4401=VECTOR('',#15648,1000.);
#4402=VECTOR('',#15649,1000.);
#4403=VECTOR('',#15650,1000.);
#4404=VECTOR('',#15655,1000.);
#4405=VECTOR('',#15660,1000.);
#4406=VECTOR('',#15661,1000.);
#4407=VECTOR('',#15662,1000.);
#4408=VECTOR('',#15667,1000.);
#4409=VECTOR('',#15672,1000.);
#4410=VECTOR('',#15673,1000.);
#4411=VECTOR('',#15674,1000.);
#4412=VECTOR('',#15679,1000.);
#4413=VECTOR('',#15684,1000.);
#4414=VECTOR('',#15685,1000.);
#4415=VECTOR('',#15692,1000.);
#4416=VECTOR('',#15693,1000.);
#4417=VECTOR('',#15694,1000.);
#4418=VECTOR('',#15695,1000.);
#4419=VECTOR('',#15696,1000.);
#4420=VECTOR('',#15697,1000.);
#4421=VECTOR('',#15698,1000.);
#4422=VECTOR('',#15699,1000.);
#4423=VECTOR('',#15700,1000.);
#4424=VECTOR('',#15701,1000.);
#4425=VECTOR('',#15702,1000.);
#4426=VECTOR('',#15703,1000.);
#4427=VECTOR('',#15704,1000.);
#4428=VECTOR('',#15705,1000.);
#4429=VECTOR('',#15706,1000.);
#4430=VECTOR('',#15707,1000.);
#4431=VECTOR('',#15708,1000.);
#4432=VECTOR('',#15709,1000.);
#4433=VECTOR('',#15710,1000.);
#4434=VECTOR('',#15711,1000.);
#4435=VECTOR('',#15714,1000.);
#4436=VECTOR('',#15715,1000.);
#4437=VECTOR('',#15716,1000.);
#4438=VECTOR('',#15717,1000.);
#4439=VECTOR('',#15718,1000.);
#4440=VECTOR('',#15719,1000.);
#4441=VECTOR('',#15720,1000.);
#4442=VECTOR('',#15721,1000.);
#4443=VECTOR('',#15722,1000.);
#4444=VECTOR('',#15723,1000.);
#4445=VECTOR('',#15724,1000.);
#4446=VECTOR('',#15725,1000.);
#4447=VECTOR('',#15726,1000.);
#4448=VECTOR('',#15727,1000.);
#4449=VECTOR('',#15728,1000.);
#4450=VECTOR('',#15729,1000.);
#4451=VECTOR('',#15730,1000.);
#4452=VECTOR('',#15731,1000.);
#4453=VECTOR('',#15732,1000.);
#4454=VECTOR('',#15733,1000.);
#4455=VECTOR('',#15734,1000.);
#4456=VECTOR('',#15735,1000.);
#4457=VECTOR('',#15736,1000.);
#4458=VECTOR('',#15737,1000.);
#4459=VECTOR('',#15738,1000.);
#4460=VECTOR('',#15739,1000.);
#4461=VECTOR('',#15740,1000.);
#4462=VECTOR('',#15741,1000.);
#4463=VECTOR('',#15742,1000.);
#4464=VECTOR('',#15743,1000.);
#4465=VECTOR('',#15744,1000.);
#4466=VECTOR('',#15745,1000.);
#4467=VECTOR('',#15748,1000.);
#4468=VECTOR('',#15749,1000.);
#4469=VECTOR('',#15750,1000.);
#4470=VECTOR('',#15753,1000.);
#4471=VECTOR('',#15754,1000.);
#4472=VECTOR('',#15755,1000.);
#4473=VECTOR('',#15756,1000.);
#4474=VECTOR('',#15757,1000.);
#4475=VECTOR('',#15758,1000.);
#4476=VECTOR('',#15759,1000.);
#4477=VECTOR('',#15760,1000.);
#4478=VECTOR('',#15761,1000.);
#4479=VECTOR('',#15762,1000.);
#4480=VECTOR('',#15763,1000.);
#4481=VECTOR('',#15764,1000.);
#4482=VECTOR('',#15765,1000.);
#4483=VECTOR('',#15766,1000.);
#4484=VECTOR('',#15767,1000.);
#4485=VECTOR('',#15768,1000.);
#4486=VECTOR('',#15769,1000.);
#4487=VECTOR('',#15770,1000.);
#4488=VECTOR('',#15771,1000.);
#4489=VECTOR('',#15772,1000.);
#4490=VECTOR('',#15775,1000.);
#4491=VECTOR('',#15776,1000.);
#4492=VECTOR('',#15777,1000.);
#4493=VECTOR('',#15780,1000.);
#4494=VECTOR('',#15781,1000.);
#4495=VECTOR('',#15782,1000.);
#4496=VECTOR('',#15785,1000.);
#4497=VECTOR('',#15786,1000.);
#4498=VECTOR('',#15787,1000.);
#4499=VECTOR('',#15788,1000.);
#4500=VECTOR('',#15789,1000.);
#4501=VECTOR('',#15790,1000.);
#4502=VECTOR('',#15793,1000.);
#4503=VECTOR('',#15794,1000.);
#4504=VECTOR('',#15795,1000.);
#4505=VECTOR('',#15796,1000.);
#4506=VECTOR('',#15797,1000.);
#4507=VECTOR('',#15798,1000.);
#4508=VECTOR('',#15799,1000.);
#4509=VECTOR('',#15800,1000.);
#4510=VECTOR('',#15801,1000.);
#4511=VECTOR('',#15802,1000.);
#4512=VECTOR('',#15803,1000.);
#4513=VECTOR('',#15804,1000.);
#4514=VECTOR('',#15805,1000.);
#4515=VECTOR('',#15806,1000.);
#4516=VECTOR('',#15807,1000.);
#4517=VECTOR('',#15808,1000.);
#4518=VECTOR('',#15809,1000.);
#4519=VECTOR('',#15810,1000.);
#4520=VECTOR('',#15811,1000.);
#4521=VECTOR('',#15812,1000.);
#4522=VECTOR('',#15813,1000.);
#4523=VECTOR('',#15814,1000.);
#4524=VECTOR('',#15815,1000.);
#4525=VECTOR('',#15816,1000.);
#4526=VECTOR('',#15817,1000.);
#4527=VECTOR('',#15818,1000.);
#4528=VECTOR('',#15819,1000.);
#4529=VECTOR('',#15820,1000.);
#4530=VECTOR('',#15821,1000.);
#4531=VECTOR('',#15822,1000.);
#4532=VECTOR('',#15823,1000.);
#4533=VECTOR('',#15824,1000.);
#4534=VECTOR('',#15825,1000.);
#4535=VECTOR('',#15826,1000.);
#4536=VECTOR('',#15829,1000.);
#4537=VECTOR('',#15830,1000.);
#4538=VECTOR('',#15833,1000.);
#4539=VECTOR('',#15834,1000.);
#4540=VECTOR('',#15837,1000.);
#4541=VECTOR('',#15838,1000.);
#4542=VECTOR('',#15841,1000.);
#4543=VECTOR('',#15842,1000.);
#4544=VECTOR('',#15843,1000.);
#4545=VECTOR('',#15846,1000.);
#4546=VECTOR('',#15847,1000.);
#4547=VECTOR('',#15848,1000.);
#4548=VECTOR('',#15851,1000.);
#4549=VECTOR('',#15852,1000.);
#4550=VECTOR('',#15853,1000.);
#4551=VECTOR('',#15856,1000.);
#4552=VECTOR('',#15857,1000.);
#4553=VECTOR('',#15858,1000.);
#4554=VECTOR('',#15861,1000.);
#4555=VECTOR('',#15862,1000.);
#4556=VECTOR('',#15863,1000.);
#4557=VECTOR('',#15864,1000.);
#4558=VECTOR('',#15867,1000.);
#4559=VECTOR('',#15868,1000.);
#4560=VECTOR('',#15869,1000.);
#4561=VECTOR('',#15870,1000.);
#4562=VECTOR('',#15873,1000.);
#4563=VECTOR('',#15874,1000.);
#4564=VECTOR('',#15875,1000.);
#4565=VECTOR('',#15876,1000.);
#4566=VECTOR('',#15879,1000.);
#4567=VECTOR('',#15880,1000.);
#4568=VECTOR('',#15881,1000.);
#4569=VECTOR('',#15882,1000.);
#4570=VECTOR('',#15883,1000.);
#4571=VECTOR('',#15884,1000.);
#4572=VECTOR('',#15887,1000.);
#4573=VECTOR('',#15888,1000.);
#4574=VECTOR('',#15889,1000.);
#4575=VECTOR('',#15890,1000.);
#4576=VECTOR('',#15893,1000.);
#4577=VECTOR('',#15894,1000.);
#4578=VECTOR('',#15895,1000.);
#4579=VECTOR('',#15896,1000.);
#4580=VECTOR('',#15897,1000.);
#4581=VECTOR('',#15898,1000.);
#4582=VECTOR('',#15899,1000.);
#4583=VECTOR('',#15900,1000.);
#4584=VECTOR('',#15901,1000.);
#4585=VECTOR('',#15902,1000.);
#4586=VECTOR('',#15905,1000.);
#4587=VECTOR('',#15906,1000.);
#4588=VECTOR('',#15907,1000.);
#4589=VECTOR('',#15910,1000.);
#4590=VECTOR('',#15911,1000.);
#4591=VECTOR('',#15912,1000.);
#4592=VECTOR('',#15913,1000.);
#4593=VECTOR('',#15916,1000.);
#4594=VECTOR('',#15919,1000.);
#4595=VECTOR('',#15922,1000.);
#4596=VECTOR('',#15923,1000.);
#4597=VECTOR('',#15926,1000.);
#4598=VECTOR('',#15931,1000.);
#4599=VECTOR('',#15936,1000.);
#4600=VECTOR('',#15937,1000.);
#4601=VECTOR('',#15938,1000.);
#4602=VECTOR('',#15939,1000.);
#4603=VECTOR('',#15940,1000.);
#4604=VECTOR('',#15943,1000.);
#4605=VECTOR('',#15944,1000.);
#4606=VECTOR('',#15945,1000.);
#4607=VECTOR('',#15948,1000.);
#4608=VECTOR('',#15949,1000.);
#4609=VECTOR('',#15952,1000.);
#4610=VECTOR('',#15953,1000.);
#4611=VECTOR('',#15960,1000.);
#4612=VECTOR('',#15967,1000.);
#4613=VECTOR('',#15968,1000.);
#4614=VECTOR('',#15971,1000.);
#4615=VECTOR('',#15980,1000.);
#4616=VECTOR('',#15981,1000.);
#4617=VECTOR('',#15982,1000.);
#4618=VECTOR('',#15985,1000.);
#4619=VECTOR('',#15986,1000.);
#4620=VECTOR('',#15987,1000.);
#4621=VECTOR('',#15990,1000.);
#4622=VECTOR('',#15991,1000.);
#4623=VECTOR('',#15992,1000.);
#4624=VECTOR('',#15995,1000.);
#4625=VECTOR('',#15996,1000.);
#4626=VECTOR('',#15997,1000.);
#4627=VECTOR('',#16016,1000.);
#4628=VECTOR('',#16017,1000.);
#4629=VECTOR('',#16018,1000.);
#4630=VECTOR('',#16019,1000.);
#4631=VECTOR('',#16022,1000.);
#4632=VECTOR('',#16023,1000.);
#4633=VECTOR('',#16024,1000.);
#4634=VECTOR('',#16025,1000.);
#4635=VECTOR('',#16028,1000.);
#4636=VECTOR('',#16029,1000.);
#4637=VECTOR('',#16030,1000.);
#4638=VECTOR('',#16033,1000.);
#4639=VECTOR('',#16034,1000.);
#4640=VECTOR('',#16035,1000.);
#4641=VECTOR('',#16036,1000.);
#4642=VECTOR('',#16039,1000.);
#4643=VECTOR('',#16040,1000.);
#4644=VECTOR('',#16041,1000.);
#4645=VECTOR('',#16044,1000.);
#4646=VECTOR('',#16045,1000.);
#4647=VECTOR('',#16046,1000.);
#4648=VECTOR('',#16049,1000.);
#4649=VECTOR('',#16050,1000.);
#4650=VECTOR('',#16051,1000.);
#4651=VECTOR('',#16054,1000.);
#4652=VECTOR('',#16055,1000.);
#4653=VECTOR('',#16058,1000.);
#4654=VECTOR('',#16059,1000.);
#4655=VECTOR('',#16060,1000.);
#4656=VECTOR('',#16061,1000.);
#4657=VECTOR('',#16062,1000.);
#4658=VECTOR('',#16065,1000.);
#4659=VECTOR('',#16066,1000.);
#4660=VECTOR('',#16067,1000.);
#4661=VECTOR('',#16070,1000.);
#4662=VECTOR('',#16071,1000.);
#4663=VECTOR('',#16072,1000.);
#4664=VECTOR('',#16075,1000.);
#4665=VECTOR('',#16076,1000.);
#4666=VECTOR('',#16079,1000.);
#4667=VECTOR('',#16080,1000.);
#4668=VECTOR('',#16083,1000.);
#4669=VECTOR('',#16084,1000.);
#4670=VECTOR('',#16087,1000.);
#4671=VECTOR('',#16088,1000.);
#4672=VECTOR('',#16089,1000.);
#4673=VECTOR('',#16092,1000.);
#4674=VECTOR('',#16095,1000.);
#4675=VECTOR('',#16096,1000.);
#4676=VECTOR('',#16099,1000.);
#4677=VECTOR('',#16100,1000.);
#4678=VECTOR('',#16103,1000.);
#4679=VECTOR('',#16104,1000.);
#4680=VECTOR('',#16105,1000.);
#4681=VECTOR('',#16108,1000.);
#4682=VECTOR('',#16109,1000.);
#4683=VECTOR('',#16112,1000.);
#4684=VECTOR('',#16113,1000.);
#4685=VECTOR('',#16114,1000.);
#4686=VECTOR('',#16117,1000.);
#4687=VECTOR('',#16118,1000.);
#4688=VECTOR('',#16121,1000.);
#4689=VECTOR('',#16124,1000.);
#4690=VECTOR('',#16125,1000.);
#4691=VECTOR('',#16130,1000.);
#4692=VECTOR('',#16133,1000.);
#4693=VECTOR('',#16136,1000.);
#4694=VECTOR('',#16139,1000.);
#4695=VECTOR('',#16142,1000.);
#4696=VECTOR('',#16145,1000.);
#4697=VECTOR('',#16148,1000.);
#4698=VECTOR('',#16151,1000.);
#4699=VECTOR('',#16154,1000.);
#4700=VECTOR('',#16157,1000.);
#4701=VECTOR('',#16160,1000.);
#4702=VECTOR('',#16163,1000.);
#4703=VECTOR('',#16166,1000.);
#4704=VECTOR('',#16169,1000.);
#4705=VECTOR('',#16204,1.);
#4706=VECTOR('',#16205,1.);
#4707=VECTOR('',#16240,1.);
#4708=VECTOR('',#16241,1.);
#4709=VECTOR('',#16244,1.);
#4710=VECTOR('',#16245,1.);
#4711=VECTOR('',#16264,1.);
#4712=VECTOR('',#16265,1.);
#4713=VECTOR('',#16268,1.);
#4714=VECTOR('',#16269,1.);
#4715=VECTOR('',#16272,1.);
#4716=VECTOR('',#16273,1.);
#4717=VECTOR('',#16276,1.);
#4718=VECTOR('',#16277,1.);
#4719=VECTOR('',#16280,1.);
#4720=VECTOR('',#16281,1.);
#4721=VECTOR('',#16284,1.);
#4722=VECTOR('',#16285,1.);
#4723=VECTOR('',#16288,1.);
#4724=VECTOR('',#16289,1.);
#4725=VECTOR('',#16292,1.);
#4726=VECTOR('',#16293,1.);
#4727=VECTOR('',#16296,1.);
#4728=VECTOR('',#16297,1.);
#4729=VECTOR('',#16326,1.);
#4730=VECTOR('',#16327,1.);
#4731=VECTOR('',#16362,1.);
#4732=VECTOR('',#16363,1.);
#4733=VECTOR('',#16366,1.);
#4734=VECTOR('',#16367,1.);
#4735=VECTOR('',#16386,1.);
#4736=VECTOR('',#16387,1.);
#4737=VECTOR('',#16390,1.);
#4738=VECTOR('',#16391,1.);
#4739=VECTOR('',#16394,1.);
#4740=VECTOR('',#16395,1.);
#4741=VECTOR('',#16398,1.);
#4742=VECTOR('',#16399,1.);
#4743=VECTOR('',#16402,1.);
#4744=VECTOR('',#16403,1.);
#4745=VECTOR('',#16406,1.);
#4746=VECTOR('',#16407,1.);
#4747=VECTOR('',#16410,1.);
#4748=VECTOR('',#16411,1.);
#4749=VECTOR('',#16414,1.);
#4750=VECTOR('',#16415,1.);
#4751=VECTOR('',#16418,1.);
#4752=VECTOR('',#16419,1.);
#4753=VECTOR('',#16432,1.);
#4754=VECTOR('',#16433,1.);
#4755=VECTOR('',#16434,1.);
#4756=VECTOR('',#16435,1.);
#4757=VECTOR('',#16438,1.);
#4758=VECTOR('',#16439,1.);
#4759=VECTOR('',#16440,1.);
#4760=VECTOR('',#16441,1.);
#4761=VECTOR('',#16444,1.);
#4762=VECTOR('',#16445,1.);
#4763=VECTOR('',#16448,1.);
#4764=VECTOR('',#16451,1.);
#4765=VECTOR('',#16462,10.);
#4766=VECTOR('',#16463,10.);
#4767=VECTOR('',#16464,10.);
#4768=VECTOR('',#16465,10.);
#4769=VECTOR('',#16466,10.);
#4770=VECTOR('',#16467,10.);
#4771=VECTOR('',#16468,10.);
#4772=VECTOR('',#16469,10.);
#4773=VECTOR('',#16470,10.);
#4774=VECTOR('',#16471,10.);
#4775=VECTOR('',#16474,10.);
#4776=VECTOR('',#16475,10.);
#4777=VECTOR('',#16476,10.);
#4778=VECTOR('',#16477,10.);
#4779=VECTOR('',#16478,10.);
#4780=VECTOR('',#16479,10.);
#4781=VECTOR('',#16480,10.);
#4782=VECTOR('',#16481,10.);
#4783=VECTOR('',#16482,10.);
#4784=VECTOR('',#16483,10.);
#4785=VECTOR('',#16486,10.);
#4786=VECTOR('',#16487,10.);
#4787=VECTOR('',#16490,10.);
#4788=VECTOR('',#16491,10.);
#4789=VECTOR('',#16496,10.);
#4790=VECTOR('',#16497,10.);
#4791=VECTOR('',#16498,10.);
#4792=VECTOR('',#16499,10.);
#4793=VECTOR('',#16500,10.);
#4794=VECTOR('',#16501,10.);
#4795=VECTOR('',#16502,10.);
#4796=VECTOR('',#16503,10.);
#4797=VECTOR('',#16504,10.);
#4798=VECTOR('',#16505,10.);
#4799=VECTOR('',#16508,10.);
#4800=VECTOR('',#16509,10.);
#4801=VECTOR('',#16510,10.);
#4802=VECTOR('',#16513,10.);
#4803=VECTOR('',#16514,10.);
#4804=VECTOR('',#16515,10.);
#4805=VECTOR('',#16516,10.);
#4806=VECTOR('',#16517,10.);
#4807=VECTOR('',#16518,10.);
#4808=VECTOR('',#16519,10.);
#4809=VECTOR('',#16520,10.);
#4810=VECTOR('',#16523,10.);
#4811=VECTOR('',#16524,10.);
#4812=VECTOR('',#16525,10.);
#4813=VECTOR('',#16528,10.);
#4814=VECTOR('',#16529,10.);
#4815=VECTOR('',#16532,10.);
#4816=VECTOR('',#16533,10.);
#4817=VECTOR('',#16534,10.);
#4818=VECTOR('',#16537,10.);
#4819=VECTOR('',#16538,10.);
#4820=VECTOR('',#16539,10.);
#4821=VECTOR('',#16542,10.);
#4822=VECTOR('',#16543,10.);
#4823=VECTOR('',#16546,10.);
#4824=VECTOR('',#16547,10.);
#4825=VECTOR('',#16548,10.);
#4826=VECTOR('',#16551,10.);
#4827=VECTOR('',#16552,10.);
#4828=VECTOR('',#16553,10.);
#4829=VECTOR('',#16556,10.);
#4830=VECTOR('',#16561,10.);
#4831=VECTOR('',#16562,10.);
#4832=VECTOR('',#16565,10.);
#4833=VECTOR('',#16566,10.);
#4834=VECTOR('',#16609,10.);
#4835=VECTOR('',#16630,10.);
#4836=VECTOR('',#16641,10.);
#4837=VECTOR('',#16644,10.);
#4838=VECTOR('',#16647,10.);
#4839=VECTOR('',#16648,10.);
#4840=VECTOR('',#16651,10.);
#4841=VECTOR('',#16652,10.);
#4842=VECTOR('',#16655,10.);
#4843=VECTOR('',#16656,10.);
#4844=VECTOR('',#16659,10.);
#4845=VECTOR('',#16660,10.);
#4846=VECTOR('',#16663,10.);
#4847=VECTOR('',#16666,10.);
#4848=VECTOR('',#16669,10.);
#4849=VECTOR('',#16670,10.);
#4850=VECTOR('',#16681,10.);
#4851=VECTOR('',#16682,10.);
#4852=VECTOR('',#16683,10.);
#4853=VECTOR('',#16686,10.);
#4854=VECTOR('',#16687,10.);
#4855=VECTOR('',#16688,10.);
#4856=VECTOR('',#16689,10.);
#4857=VECTOR('',#16690,10.);
#4858=VECTOR('',#16691,10.);
#4859=VECTOR('',#16692,10.);
#4860=VECTOR('',#16693,10.);
#4861=VECTOR('',#16696,10.);
#4862=VECTOR('',#16697,10.);
#4863=VECTOR('',#16698,10.);
#4864=VECTOR('',#16701,10.);
#4865=VECTOR('',#16702,10.);
#4866=VECTOR('',#16705,10.);
#4867=VECTOR('',#16706,10.);
#4868=VECTOR('',#16709,10.);
#4869=VECTOR('',#16710,10.);
#4870=VECTOR('',#16711,10.);
#4871=VECTOR('',#16714,10.);
#4872=VECTOR('',#16715,10.);
#4873=VECTOR('',#16716,10.);
#4874=VECTOR('',#16719,10.);
#4875=VECTOR('',#16720,10.);
#4876=VECTOR('',#16723,10.);
#4877=VECTOR('',#16724,10.);
#4878=VECTOR('',#16727,10.);
#4879=VECTOR('',#16728,10.);
#4880=VECTOR('',#16731,10.);
#4881=VECTOR('',#16732,10.);
#4882=VECTOR('',#16735,10.);
#4883=VECTOR('',#16736,10.);
#4884=VECTOR('',#16739,10.);
#4885=VECTOR('',#16740,10.);
#4886=VECTOR('',#16741,10.);
#4887=VECTOR('',#16744,10.);
#4888=VECTOR('',#16745,10.);
#4889=VECTOR('',#16750,10.);
#4890=VECTOR('',#16751,10.);
#4891=VECTOR('',#16754,10.);
#4892=VECTOR('',#16755,10.);
#4893=VECTOR('',#16798,10.);
#4894=VECTOR('',#16817,10.);
#4895=VECTOR('',#16820,10.);
#4896=VECTOR('',#16821,10.);
#4897=VECTOR('',#16834,10.);
#4898=VECTOR('',#16837,10.);
#4899=VECTOR('',#16840,10.);
#4900=VECTOR('',#16841,10.);
#4901=VECTOR('',#16844,10.);
#4902=VECTOR('',#16847,10.);
#4903=VECTOR('',#16850,10.);
#4904=VECTOR('',#16851,10.);
#4905=VECTOR('',#16854,10.);
#4906=VECTOR('',#16855,10.);
#4907=VECTOR('',#16858,10.);
#4908=VECTOR('',#16859,10.);
#4909=VECTOR('',#16870,10.);
#4910=VECTOR('',#16871,10.);
#4911=VECTOR('',#16872,10.);
#4912=VECTOR('',#16873,10.);
#4913=VECTOR('',#16876,10.);
#4914=VECTOR('',#16877,10.);
#4915=VECTOR('',#16878,10.);
#4916=VECTOR('',#16879,10.);
#4917=VECTOR('',#16882,10.);
#4918=VECTOR('',#16883,10.);
#4919=VECTOR('',#16886,10.);
#4920=VECTOR('',#16889,10.);
#4921=VECTOR('',#16894,10.);
#4922=VECTOR('',#16895,10.);
#4923=VECTOR('',#16896,10.);
#4924=VECTOR('',#16897,10.);
#4925=VECTOR('',#16900,10.);
#4926=VECTOR('',#16901,10.);
#4927=VECTOR('',#16902,10.);
#4928=VECTOR('',#16905,10.);
#4929=VECTOR('',#16906,10.);
#4930=VECTOR('',#16907,10.);
#4931=VECTOR('',#16910,10.);
#4932=VECTOR('',#16911,10.);
#4933=VECTOR('',#16940,1.);
#4934=VECTOR('',#16941,1.);
#4935=VECTOR('',#16976,1.);
#4936=VECTOR('',#16977,1.);
#4937=VECTOR('',#16980,1.);
#4938=VECTOR('',#16981,1.);
#4939=VECTOR('',#17000,1.);
#4940=VECTOR('',#17001,1.);
#4941=VECTOR('',#17004,1.);
#4942=VECTOR('',#17005,1.);
#4943=VECTOR('',#17008,1.);
#4944=VECTOR('',#17009,1.);
#4945=VECTOR('',#17012,1.);
#4946=VECTOR('',#17013,1.);
#4947=VECTOR('',#17016,1.);
#4948=VECTOR('',#17017,1.);
#4949=VECTOR('',#17020,1.);
#4950=VECTOR('',#17021,1.);
#4951=VECTOR('',#17024,1.);
#4952=VECTOR('',#17025,1.);
#4953=VECTOR('',#17028,1.);
#4954=VECTOR('',#17029,1.);
#4955=VECTOR('',#17032,1.);
#4956=VECTOR('',#17033,1.);
#4957=VECTOR('',#17062,1.);
#4958=VECTOR('',#17063,1.);
#4959=VECTOR('',#17098,1.);
#4960=VECTOR('',#17099,1.);
#4961=VECTOR('',#17102,1.);
#4962=VECTOR('',#17103,1.);
#4963=VECTOR('',#17122,1.);
#4964=VECTOR('',#17123,1.);
#4965=VECTOR('',#17126,1.);
#4966=VECTOR('',#17127,1.);
#4967=VECTOR('',#17130,1.);
#4968=VECTOR('',#17131,1.);
#4969=VECTOR('',#17134,1.);
#4970=VECTOR('',#17135,1.);
#4971=VECTOR('',#17138,1.);
#4972=VECTOR('',#17139,1.);
#4973=VECTOR('',#17142,1.);
#4974=VECTOR('',#17143,1.);
#4975=VECTOR('',#17146,1.);
#4976=VECTOR('',#17147,1.);
#4977=VECTOR('',#17150,1.);
#4978=VECTOR('',#17151,1.);
#4979=VECTOR('',#17154,1.);
#4980=VECTOR('',#17155,1.);
#4981=VECTOR('',#17168,1.);
#4982=VECTOR('',#17169,1.);
#4983=VECTOR('',#17170,1.);
#4984=VECTOR('',#17171,1.);
#4985=VECTOR('',#17174,1.);
#4986=VECTOR('',#17175,1.);
#4987=VECTOR('',#17176,1.);
#4988=VECTOR('',#17177,1.);
#4989=VECTOR('',#17180,1.);
#4990=VECTOR('',#17181,1.);
#4991=VECTOR('',#17184,1.);
#4992=VECTOR('',#17187,1.);
#4993=CIRCLE('',#12517,0.5);
#4994=CIRCLE('',#12518,0.5);
#4995=CIRCLE('',#12520,0.175);
#4996=CIRCLE('',#12521,0.175);
#4997=CIRCLE('',#12523,0.175);
#4998=CIRCLE('',#12524,0.175);
#4999=CIRCLE('',#12526,0.1);
#5000=CIRCLE('',#12527,0.1);
#5001=CIRCLE('',#12529,0.5);
#5002=CIRCLE('',#12530,0.5);
#5003=CIRCLE('',#12532,0.1);
#5004=CIRCLE('',#12533,0.1);
#5005=CIRCLE('',#12535,0.1);
#5006=CIRCLE('',#12536,0.1);
#5007=CIRCLE('',#12538,0.1);
#5008=CIRCLE('',#12539,0.1);
#5009=CIRCLE('',#12541,1.55);
#5010=CIRCLE('',#12542,1.55);
#5011=CIRCLE('',#12544,0.1);
#5012=CIRCLE('',#12545,0.1);
#5013=CIRCLE('',#12547,0.1);
#5014=CIRCLE('',#12548,0.1);
#5015=CIRCLE('',#12550,0.1);
#5016=CIRCLE('',#12551,0.1);
#5017=CIRCLE('',#12553,0.5);
#5018=CIRCLE('',#12554,0.5);
#5019=CIRCLE('',#12556,0.1);
#5020=CIRCLE('',#12557,0.1);
#5021=CIRCLE('',#12559,0.1);
#5022=CIRCLE('',#12560,0.1);
#5023=CIRCLE('',#12562,0.1);
#5024=CIRCLE('',#12563,0.1);
#5025=CIRCLE('',#12565,0.5);
#5026=CIRCLE('',#12566,0.5);
#5027=CIRCLE('',#12568,0.1);
#5028=CIRCLE('',#12569,0.1);
#5029=CIRCLE('',#12571,0.5);
#5030=CIRCLE('',#12572,0.5);
#5031=CIRCLE('',#12574,0.1);
#5032=CIRCLE('',#12575,0.1);
#5033=CIRCLE('',#12577,0.5);
#5034=CIRCLE('',#12578,0.5);
#5035=CIRCLE('',#12580,0.1);
#5036=CIRCLE('',#12581,0.1);
#5037=CIRCLE('',#12583,0.1);
#5038=CIRCLE('',#12584,0.1);
#5039=CIRCLE('',#12586,0.1);
#5040=CIRCLE('',#12587,0.1);
#5041=CIRCLE('',#12593,0.699999999999999);
#5042=CIRCLE('',#12594,0.7);
#5043=CIRCLE('',#12595,0.7);
#5044=CIRCLE('',#12596,0.7);
#5045=CIRCLE('',#12598,0.7);
#5046=CIRCLE('',#12599,0.7);
#5047=CIRCLE('',#12600,0.7);
#5048=CIRCLE('',#12601,0.699999999999999);
#5049=CIRCLE('',#12620,0.25625);
#5050=CIRCLE('',#12621,0.25625);
#5051=CIRCLE('',#12623,0.25625);
#5052=CIRCLE('',#12624,0.25625);
#5053=CIRCLE('',#12627,0.25625);
#5054=CIRCLE('',#12633,0.25625);
#5055=CIRCLE('',#12643,0.20625);
#5056=CIRCLE('',#12645,0.25625);
#5057=CIRCLE('',#12647,0.25625);
#5058=CIRCLE('',#12648,0.20625);
#5059=CIRCLE('',#12657,0.20625);
#5060=CIRCLE('',#12659,0.25625);
#5061=CIRCLE('',#12661,0.25625);
#5062=CIRCLE('',#12662,0.20625);
#5063=CIRCLE('',#12671,0.20625);
#5064=CIRCLE('',#12673,0.25625);
#5065=CIRCLE('',#12675,0.25625);
#5066=CIRCLE('',#12676,0.20625);
#5067=CIRCLE('',#12684,0.0750000000000001);
#5068=CIRCLE('',#12685,0.0750000000000001);
#5069=CIRCLE('',#12706,0.15);
#5070=CIRCLE('',#12707,0.15);
#5071=CIRCLE('',#12710,0.15);
#5072=CIRCLE('',#12711,0.15);
#5073=CIRCLE('',#12718,0.15);
#5074=CIRCLE('',#12719,0.15);
#5075=CIRCLE('',#12722,0.15);
#5076=CIRCLE('',#12723,0.15);
#5077=CIRCLE('',#12730,0.15);
#5078=CIRCLE('',#12731,0.15);
#5079=CIRCLE('',#12734,0.15);
#5080=CIRCLE('',#12735,0.15);
#5081=CIRCLE('',#12742,0.15);
#5082=CIRCLE('',#12743,0.15);
#5083=CIRCLE('',#12746,0.15);
#5084=CIRCLE('',#12747,0.15);
#5085=CIRCLE('',#12754,0.15);
#5086=CIRCLE('',#12755,0.15);
#5087=CIRCLE('',#12758,0.15);
#5088=CIRCLE('',#12759,0.15);
#5089=CIRCLE('',#12766,0.15);
#5090=CIRCLE('',#12767,0.15);
#5091=CIRCLE('',#12770,0.15);
#5092=CIRCLE('',#12771,0.15);
#5093=CIRCLE('',#12778,0.15);
#5094=CIRCLE('',#12779,0.15);
#5095=CIRCLE('',#12782,0.15);
#5096=CIRCLE('',#12783,0.15);
#5097=CIRCLE('',#12790,0.15);
#5098=CIRCLE('',#12791,0.15);
#5099=CIRCLE('',#12794,0.15);
#5100=CIRCLE('',#12795,0.15);
#5101=CIRCLE('',#12851,0.02);
#5102=CIRCLE('',#12852,0.02);
#5103=CIRCLE('',#12853,0.02);
#5104=CIRCLE('',#12855,0.02);
#5105=CIRCLE('',#12856,0.02);
#5106=CIRCLE('',#12857,0.02);
#5107=CIRCLE('',#12859,0.02);
#5108=CIRCLE('',#12860,0.02);
#5109=CIRCLE('',#12861,0.02);
#5110=CIRCLE('',#12863,0.02);
#5111=CIRCLE('',#12864,0.02);
#5112=CIRCLE('',#12865,0.02);
#5113=CIRCLE('',#12867,0.02);
#5114=CIRCLE('',#12868,0.02);
#5115=CIRCLE('',#12869,0.02);
#5116=CIRCLE('',#12872,0.02);
#5117=CIRCLE('',#12873,0.02);
#5118=CIRCLE('',#12874,0.02);
#5119=CIRCLE('',#12876,0.02);
#5120=CIRCLE('',#12877,0.02);
#5121=CIRCLE('',#12878,0.02);
#5122=CIRCLE('',#12882,0.02);
#5123=CIRCLE('',#12883,0.02);
#5124=CIRCLE('',#12884,0.02);
#5125=CIRCLE('',#12901,0.02);
#5126=CIRCLE('',#12902,0.02);
#5127=CIRCLE('',#12903,0.02);
#5128=CIRCLE('',#12905,0.02);
#5129=CIRCLE('',#12906,0.02);
#5130=CIRCLE('',#12907,0.02);
#5131=CIRCLE('',#12909,0.02);
#5132=CIRCLE('',#12910,0.02);
#5133=CIRCLE('',#12911,0.02);
#5134=CIRCLE('',#12913,0.02);
#5135=CIRCLE('',#12914,0.02);
#5136=CIRCLE('',#12915,0.02);
#5137=CIRCLE('',#12917,0.02);
#5138=CIRCLE('',#12918,0.02);
#5139=CIRCLE('',#12919,0.02);
#5140=CIRCLE('',#12922,0.02);
#5141=CIRCLE('',#12923,0.02);
#5142=CIRCLE('',#12924,0.02);
#5143=CIRCLE('',#12926,0.02);
#5144=CIRCLE('',#12927,0.02);
#5145=CIRCLE('',#12928,0.02);
#5146=CIRCLE('',#12932,0.02);
#5147=CIRCLE('',#12933,0.02);
#5148=CIRCLE('',#12934,0.02);
#5149=CIRCLE('',#12966,0.0499999999999997);
#5150=CIRCLE('',#12967,0.0499999999999997);
#5151=CIRCLE('',#12970,0.0499999999999997);
#5152=CIRCLE('',#12971,0.0499999999999997);
#5153=CIRCLE('',#12973,0.0500000000000001);
#5154=CIRCLE('',#12974,0.0500000000000001);
#5155=CIRCLE('',#12977,0.0500000000000001);
#5156=CIRCLE('',#12978,0.0500000000000001);
#5157=CIRCLE('',#12980,0.0499999999999997);
#5158=CIRCLE('',#12981,0.0499999999999997);
#5159=CIRCLE('',#12984,0.0499999999999997);
#5160=CIRCLE('',#12985,0.0499999999999997);
#5161=CIRCLE('',#12990,0.1);
#5162=CIRCLE('',#12991,0.1);
#5163=CIRCLE('',#12994,0.0999999999999998);
#5164=CIRCLE('',#12995,0.0999999999999998);
#5165=CIRCLE('',#13007,0.1);
#5166=CIRCLE('',#13008,0.1);
#5167=CIRCLE('',#13011,0.1);
#5168=CIRCLE('',#13012,0.1);
#5169=CIRCLE('',#13015,0.100000000000001);
#5170=CIRCLE('',#13016,0.100000000000001);
#5171=CIRCLE('',#13020,0.1);
#5172=CIRCLE('',#13021,0.1);
#5173=CIRCLE('',#13024,0.0999999999999999);
#5174=CIRCLE('',#13025,0.0999999999999999);
#5175=CIRCLE('',#13028,0.0999999999999999);
#5176=CIRCLE('',#13029,0.0999999999999999);
#5177=CIRCLE('',#13039,0.1);
#5178=CIRCLE('',#13040,0.1);
#5179=CIRCLE('',#13043,0.1);
#5180=CIRCLE('',#13044,0.1);
#5181=CIRCLE('',#13047,0.100000000000001);
#5182=CIRCLE('',#13048,0.100000000000001);
#5183=CIRCLE('',#13052,0.1);
#5184=CIRCLE('',#13053,0.1);
#5185=CIRCLE('',#13056,0.0999999999999999);
#5186=CIRCLE('',#13057,0.0999999999999999);
#5187=CIRCLE('',#13060,0.0999999999999999);
#5188=CIRCLE('',#13061,0.0999999999999999);
#5189=CIRCLE('',#13071,0.1);
#5190=CIRCLE('',#13072,0.1);
#5191=CIRCLE('',#13075,0.1);
#5192=CIRCLE('',#13076,0.1);
#5193=CIRCLE('',#13079,0.100000000000001);
#5194=CIRCLE('',#13080,0.100000000000001);
#5195=CIRCLE('',#13084,0.1);
#5196=CIRCLE('',#13085,0.1);
#5197=CIRCLE('',#13088,0.0999999999999999);
#5198=CIRCLE('',#13089,0.0999999999999999);
#5199=CIRCLE('',#13092,0.0999999999999999);
#5200=CIRCLE('',#13093,0.0999999999999999);
#5201=CIRCLE('',#13103,0.0499999999999997);
#5202=CIRCLE('',#13104,0.0499999999999997);
#5203=CIRCLE('',#13107,0.0499999999999997);
#5204=CIRCLE('',#13108,0.0499999999999997);
#5205=CIRCLE('',#13110,0.0500000000000001);
#5206=CIRCLE('',#13111,0.0500000000000001);
#5207=CIRCLE('',#13114,0.0500000000000001);
#5208=CIRCLE('',#13115,0.0500000000000001);
#5209=CIRCLE('',#13117,0.0499999999999997);
#5210=CIRCLE('',#13118,0.0499999999999997);
#5211=CIRCLE('',#13121,0.0499999999999997);
#5212=CIRCLE('',#13122,0.0499999999999997);
#5213=CIRCLE('',#13127,0.1);
#5214=CIRCLE('',#13128,0.1);
#5215=CIRCLE('',#13131,0.0999999999999998);
#5216=CIRCLE('',#13132,0.0999999999999998);
#5217=CIRCLE('',#13144,0.1);
#5218=CIRCLE('',#13145,0.1);
#5219=CIRCLE('',#13148,0.1);
#5220=CIRCLE('',#13149,0.1);
#5221=CIRCLE('',#13152,0.100000000000001);
#5222=CIRCLE('',#13153,0.100000000000001);
#5223=CIRCLE('',#13157,0.1);
#5224=CIRCLE('',#13158,0.1);
#5225=CIRCLE('',#13161,0.0999999999999999);
#5226=CIRCLE('',#13162,0.0999999999999999);
#5227=CIRCLE('',#13165,0.0999999999999999);
#5228=CIRCLE('',#13166,0.0999999999999999);
#5229=CIRCLE('',#13274,0.024);
#5230=CIRCLE('',#13275,0.024);
#5231=CIRCLE('',#13276,0.024);
#5232=CIRCLE('',#13278,0.024);
#5233=CIRCLE('',#13279,0.024);
#5234=CIRCLE('',#13280,0.024);
#5235=CIRCLE('',#13283,0.024);
#5236=CIRCLE('',#13284,0.024);
#5237=CIRCLE('',#13285,0.024);
#5238=CIRCLE('',#13287,0.024);
#5239=CIRCLE('',#13288,0.024);
#5240=CIRCLE('',#13289,0.024);
#5241=CIRCLE('',#13291,0.024);
#5242=CIRCLE('',#13292,0.024);
#5243=CIRCLE('',#13293,0.024);
#5244=CIRCLE('',#13295,0.024);
#5245=CIRCLE('',#13296,0.024);
#5246=CIRCLE('',#13297,0.024);
#5247=CIRCLE('',#13301,0.024);
#5248=CIRCLE('',#13302,0.024);
#5249=CIRCLE('',#13303,0.024);
#5250=CIRCLE('',#13305,0.024);
#5251=CIRCLE('',#13306,0.024);
#5252=CIRCLE('',#13307,0.024);
#5253=CIRCLE('',#13323,0.024);
#5254=CIRCLE('',#13324,0.024);
#5255=CIRCLE('',#13325,0.024);
#5256=CIRCLE('',#13327,0.024);
#5257=CIRCLE('',#13328,0.024);
#5258=CIRCLE('',#13329,0.024);
#5259=CIRCLE('',#13332,0.024);
#5260=CIRCLE('',#13333,0.024);
#5261=CIRCLE('',#13334,0.024);
#5262=CIRCLE('',#13336,0.024);
#5263=CIRCLE('',#13337,0.024);
#5264=CIRCLE('',#13338,0.024);
#5265=CIRCLE('',#13340,0.024);
#5266=CIRCLE('',#13341,0.024);
#5267=CIRCLE('',#13342,0.024);
#5268=CIRCLE('',#13344,0.024);
#5269=CIRCLE('',#13345,0.024);
#5270=CIRCLE('',#13346,0.024);
#5271=CIRCLE('',#13350,0.024);
#5272=CIRCLE('',#13351,0.024);
#5273=CIRCLE('',#13352,0.024);
#5274=CIRCLE('',#13354,0.024);
#5275=CIRCLE('',#13355,0.024);
#5276=CIRCLE('',#13356,0.024);
#5277=CIRCLE('',#13400,0.000999999999999994);
#5278=CIRCLE('',#13401,0.000999999999999994);
#5279=CIRCLE('',#13402,0.000999999999999994);
#5280=CIRCLE('',#13404,0.000999999999999994);
#5281=CIRCLE('',#13405,0.00100000000000003);
#5282=CIRCLE('',#13406,0.000999999999999994);
#5283=CIRCLE('',#13408,0.000999999999999959);
#5284=CIRCLE('',#13409,0.001);
#5285=CIRCLE('',#13410,0.000999999999999994);
#5286=CIRCLE('',#13412,0.000999999999999994);
#5287=CIRCLE('',#13413,0.000999999999999994);
#5288=CIRCLE('',#13414,0.000999999999999994);
#5289=CIRCLE('',#13416,0.000999999999999994);
#5290=CIRCLE('',#13417,0.001);
#5291=CIRCLE('',#13418,0.0010000000000001);
#5292=CIRCLE('',#13421,0.00100000000000003);
#5293=CIRCLE('',#13422,0.000999999999999994);
#5294=CIRCLE('',#13423,0.000999999999999994);
#5295=CIRCLE('',#13425,0.001);
#5296=CIRCLE('',#13426,0.00100000000000003);
#5297=CIRCLE('',#13427,0.000999999999999994);
#5298=CIRCLE('',#13431,0.00100000000000003);
#5299=CIRCLE('',#13432,0.001);
#5300=CIRCLE('',#13433,0.000999999999999994);
#5301=CIRCLE('',#13465,0.00100000000000003);
#5302=CIRCLE('',#13466,0.000999999999999994);
#5303=CIRCLE('',#13467,0.000999999999999994);
#5304=CIRCLE('',#13469,0.000999999999999994);
#5305=CIRCLE('',#13470,0.000999999999999994);
#5306=CIRCLE('',#13471,0.000999999999999994);
#5307=CIRCLE('',#13473,0.00100000000000003);
#5308=CIRCLE('',#13474,0.001);
#5309=CIRCLE('',#13475,0.000999999999999994);
#5310=CIRCLE('',#13477,0.000999999999999994);
#5311=CIRCLE('',#13478,0.00100000000000003);
#5312=CIRCLE('',#13479,0.000999999999999994);
#5313=CIRCLE('',#13481,0.000999999999999994);
#5314=CIRCLE('',#13482,0.001);
#5315=CIRCLE('',#13483,0.000999999999999994);
#5316=CIRCLE('',#13486,0.000999999999999994);
#5317=CIRCLE('',#13487,0.000999999999999994);
#5318=CIRCLE('',#13488,0.000999999999999994);
#5319=CIRCLE('',#13490,0.001);
#5320=CIRCLE('',#13491,0.00100000000000003);
#5321=CIRCLE('',#13492,0.000999999999999994);
#5322=CIRCLE('',#13496,0.000999999999999959);
#5323=CIRCLE('',#13497,0.001);
#5324=CIRCLE('',#13498,0.000999999999999994);
#5325=CIRCLE('',#13528,0.024);
#5326=CIRCLE('',#13529,0.024);
#5327=CIRCLE('',#13530,0.024);
#5328=CIRCLE('',#13532,0.024);
#5329=CIRCLE('',#13533,0.024);
#5330=CIRCLE('',#13534,0.024);
#5331=CIRCLE('',#13537,0.024);
#5332=CIRCLE('',#13538,0.024);
#5333=CIRCLE('',#13539,0.024);
#5334=CIRCLE('',#13541,0.024);
#5335=CIRCLE('',#13542,0.024);
#5336=CIRCLE('',#13543,0.024);
#5337=CIRCLE('',#13545,0.024);
#5338=CIRCLE('',#13546,0.024);
#5339=CIRCLE('',#13547,0.024);
#5340=CIRCLE('',#13549,0.024);
#5341=CIRCLE('',#13550,0.024);
#5342=CIRCLE('',#13551,0.024);
#5343=CIRCLE('',#13555,0.024);
#5344=CIRCLE('',#13556,0.024);
#5345=CIRCLE('',#13557,0.024);
#5346=CIRCLE('',#13559,0.024);
#5347=CIRCLE('',#13560,0.024);
#5348=CIRCLE('',#13561,0.024);
#5349=CIRCLE('',#13577,0.024);
#5350=CIRCLE('',#13578,0.024);
#5351=CIRCLE('',#13579,0.024);
#5352=CIRCLE('',#13581,0.024);
#5353=CIRCLE('',#13582,0.024);
#5354=CIRCLE('',#13583,0.024);
#5355=CIRCLE('',#13586,0.024);
#5356=CIRCLE('',#13587,0.024);
#5357=CIRCLE('',#13588,0.024);
#5358=CIRCLE('',#13590,0.024);
#5359=CIRCLE('',#13591,0.024);
#5360=CIRCLE('',#13592,0.024);
#5361=CIRCLE('',#13594,0.024);
#5362=CIRCLE('',#13595,0.024);
#5363=CIRCLE('',#13596,0.024);
#5364=CIRCLE('',#13598,0.024);
#5365=CIRCLE('',#13599,0.024);
#5366=CIRCLE('',#13600,0.024);
#5367=CIRCLE('',#13604,0.024);
#5368=CIRCLE('',#13605,0.024);
#5369=CIRCLE('',#13606,0.024);
#5370=CIRCLE('',#13608,0.024);
#5371=CIRCLE('',#13609,0.024);
#5372=CIRCLE('',#13610,0.024);
#5373=VERTEX_POINT('',#17247);
#5374=VERTEX_POINT('',#17249);
#5375=VERTEX_POINT('',#17253);
#5376=VERTEX_POINT('',#17255);
#5377=VERTEX_POINT('',#17259);
#5378=VERTEX_POINT('',#17261);
#5379=VERTEX_POINT('',#17265);
#5380=VERTEX_POINT('',#17267);
#5381=VERTEX_POINT('',#17271);
#5382=VERTEX_POINT('',#17273);
#5383=VERTEX_POINT('',#17277);
#5384=VERTEX_POINT('',#17279);
#5385=VERTEX_POINT('',#17283);
#5386=VERTEX_POINT('',#17285);
#5387=VERTEX_POINT('',#17289);
#5388=VERTEX_POINT('',#17291);
#5389=VERTEX_POINT('',#17295);
#5390=VERTEX_POINT('',#17297);
#5391=VERTEX_POINT('',#17301);
#5392=VERTEX_POINT('',#17303);
#5393=VERTEX_POINT('',#17307);
#5394=VERTEX_POINT('',#17309);
#5395=VERTEX_POINT('',#17313);
#5396=VERTEX_POINT('',#17315);
#5397=VERTEX_POINT('',#17319);
#5398=VERTEX_POINT('',#17320);
#5399=VERTEX_POINT('',#17322);
#5400=VERTEX_POINT('',#17324);
#5401=VERTEX_POINT('',#17328);
#5402=VERTEX_POINT('',#17330);
#5403=VERTEX_POINT('',#17334);
#5404=VERTEX_POINT('',#17336);
#5405=VERTEX_POINT('',#17340);
#5406=VERTEX_POINT('',#17342);
#5407=VERTEX_POINT('',#17346);
#5408=VERTEX_POINT('',#17347);
#5409=VERTEX_POINT('',#17349);
#5410=VERTEX_POINT('',#17351);
#5411=VERTEX_POINT('',#17355);
#5412=VERTEX_POINT('',#17357);
#5413=VERTEX_POINT('',#17361);
#5414=VERTEX_POINT('',#17362);
#5415=VERTEX_POINT('',#17364);
#5416=VERTEX_POINT('',#17366);
#5417=VERTEX_POINT('',#17370);
#5418=VERTEX_POINT('',#17372);
#5419=VERTEX_POINT('',#17376);
#5420=VERTEX_POINT('',#17378);
#5421=VERTEX_POINT('',#17382);
#5422=VERTEX_POINT('',#17384);
#5423=VERTEX_POINT('',#17388);
#5424=VERTEX_POINT('',#17390);
#5425=VERTEX_POINT('',#17394);
#5426=VERTEX_POINT('',#17396);
#5427=VERTEX_POINT('',#17400);
#5428=VERTEX_POINT('',#17402);
#5429=VERTEX_POINT('',#17406);
#5430=VERTEX_POINT('',#17408);
#5431=VERTEX_POINT('',#17418);
#5432=VERTEX_POINT('',#17420);
#5433=VERTEX_POINT('',#17422);
#5434=VERTEX_POINT('',#17424);
#5435=VERTEX_POINT('',#17426);
#5436=VERTEX_POINT('',#17428);
#5437=VERTEX_POINT('',#17432);
#5438=VERTEX_POINT('',#17434);
#5439=VERTEX_POINT('',#17436);
#5440=VERTEX_POINT('',#17438);
#5441=VERTEX_POINT('',#17440);
#5442=VERTEX_POINT('',#17442);
#5443=VERTEX_POINT('',#17463);
#5444=VERTEX_POINT('',#17464);
#5445=VERTEX_POINT('',#17466);
#5446=VERTEX_POINT('',#17468);
#5447=VERTEX_POINT('',#17472);
#5448=VERTEX_POINT('',#17474);
#5449=VERTEX_POINT('',#17478);
#5450=VERTEX_POINT('',#17480);
#5451=VERTEX_POINT('',#17489);
#5452=VERTEX_POINT('',#17490);
#5453=VERTEX_POINT('',#17492);
#5454=VERTEX_POINT('',#17494);
#5455=VERTEX_POINT('',#17498);
#5456=VERTEX_POINT('',#17499);
#5457=VERTEX_POINT('',#17501);
#5458=VERTEX_POINT('',#17503);
#5459=VERTEX_POINT('',#17510);
#5460=VERTEX_POINT('',#17512);
#5461=VERTEX_POINT('',#17514);
#5462=VERTEX_POINT('',#17516);
#5463=VERTEX_POINT('',#17520);
#5464=VERTEX_POINT('',#17522);
#5465=VERTEX_POINT('',#17524);
#5466=VERTEX_POINT('',#17526);
#5467=VERTEX_POINT('',#17530);
#5468=VERTEX_POINT('',#17531);
#5469=VERTEX_POINT('',#17534);
#5470=VERTEX_POINT('',#17536);
#5471=VERTEX_POINT('',#17551);
#5472=VERTEX_POINT('',#17552);
#5473=VERTEX_POINT('',#17554);
#5474=VERTEX_POINT('',#17556);
#5475=VERTEX_POINT('',#17558);
#5476=VERTEX_POINT('',#17560);
#5477=VERTEX_POINT('',#17564);
#5478=VERTEX_POINT('',#17566);
#5479=VERTEX_POINT('',#17570);
#5480=VERTEX_POINT('',#17572);
#5481=VERTEX_POINT('',#17576);
#5482=VERTEX_POINT('',#17578);
#5483=VERTEX_POINT('',#17582);
#5484=VERTEX_POINT('',#17584);
#5485=VERTEX_POINT('',#17586);
#5486=VERTEX_POINT('',#17588);
#5487=VERTEX_POINT('',#17601);
#5488=VERTEX_POINT('',#17602);
#5489=VERTEX_POINT('',#17604);
#5490=VERTEX_POINT('',#17606);
#5491=VERTEX_POINT('',#17608);
#5492=VERTEX_POINT('',#17610);
#5493=VERTEX_POINT('',#17614);
#5494=VERTEX_POINT('',#17616);
#5495=VERTEX_POINT('',#17620);
#5496=VERTEX_POINT('',#17622);
#5497=VERTEX_POINT('',#17626);
#5498=VERTEX_POINT('',#17628);
#5499=VERTEX_POINT('',#17632);
#5500=VERTEX_POINT('',#17634);
#5501=VERTEX_POINT('',#17636);
#5502=VERTEX_POINT('',#17638);
#5503=VERTEX_POINT('',#17651);
#5504=VERTEX_POINT('',#17652);
#5505=VERTEX_POINT('',#17654);
#5506=VERTEX_POINT('',#17656);
#5507=VERTEX_POINT('',#17658);
#5508=VERTEX_POINT('',#17660);
#5509=VERTEX_POINT('',#17664);
#5510=VERTEX_POINT('',#17666);
#5511=VERTEX_POINT('',#17670);
#5512=VERTEX_POINT('',#17672);
#5513=VERTEX_POINT('',#17676);
#5514=VERTEX_POINT('',#17678);
#5515=VERTEX_POINT('',#17682);
#5516=VERTEX_POINT('',#17684);
#5517=VERTEX_POINT('',#17686);
#5518=VERTEX_POINT('',#17688);
#5519=VERTEX_POINT('',#17705);
#5520=VERTEX_POINT('',#17707);
#5521=VERTEX_POINT('',#17712);
#5522=VERTEX_POINT('',#17713);
#5523=VERTEX_POINT('',#17715);
#5524=VERTEX_POINT('',#17717);
#5525=VERTEX_POINT('',#17721);
#5526=VERTEX_POINT('',#17723);
#5527=VERTEX_POINT('',#17727);
#5528=VERTEX_POINT('',#17729);
#5529=VERTEX_POINT('',#17736);
#5530=VERTEX_POINT('',#17738);
#5531=VERTEX_POINT('',#17742);
#5532=VERTEX_POINT('',#17747);
#5533=VERTEX_POINT('',#17754);
#5534=VERTEX_POINT('',#17755);
#5535=VERTEX_POINT('',#17757);
#5536=VERTEX_POINT('',#17759);
#5537=VERTEX_POINT('',#17763);
#5538=VERTEX_POINT('',#17765);
#5539=VERTEX_POINT('',#17769);
#5540=VERTEX_POINT('',#17771);
#5541=VERTEX_POINT('',#17780);
#5542=VERTEX_POINT('',#17781);
#5543=VERTEX_POINT('',#17783);
#5544=VERTEX_POINT('',#17785);
#5545=VERTEX_POINT('',#17789);
#5546=VERTEX_POINT('',#17791);
#5547=VERTEX_POINT('',#17795);
#5548=VERTEX_POINT('',#17797);
#5549=VERTEX_POINT('',#17801);
#5550=VERTEX_POINT('',#17803);
#5551=VERTEX_POINT('',#17807);
#5552=VERTEX_POINT('',#17809);
#5553=VERTEX_POINT('',#17818);
#5554=VERTEX_POINT('',#17819);
#5555=VERTEX_POINT('',#17821);
#5556=VERTEX_POINT('',#17823);
#5557=VERTEX_POINT('',#17827);
#5558=VERTEX_POINT('',#17829);
#5559=VERTEX_POINT('',#17833);
#5560=VERTEX_POINT('',#17835);
#5561=VERTEX_POINT('',#17839);
#5562=VERTEX_POINT('',#17841);
#5563=VERTEX_POINT('',#17845);
#5564=VERTEX_POINT('',#17847);
#5565=VERTEX_POINT('',#17856);
#5566=VERTEX_POINT('',#17857);
#5567=VERTEX_POINT('',#17859);
#5568=VERTEX_POINT('',#17861);
#5569=VERTEX_POINT('',#17865);
#5570=VERTEX_POINT('',#17867);
#5571=VERTEX_POINT('',#17871);
#5572=VERTEX_POINT('',#17873);
#5573=VERTEX_POINT('',#17877);
#5574=VERTEX_POINT('',#17879);
#5575=VERTEX_POINT('',#17883);
#5576=VERTEX_POINT('',#17885);
#5577=VERTEX_POINT('',#17894);
#5578=VERTEX_POINT('',#17895);
#5579=VERTEX_POINT('',#17897);
#5580=VERTEX_POINT('',#17899);
#5581=VERTEX_POINT('',#17903);
#5582=VERTEX_POINT('',#17905);
#5583=VERTEX_POINT('',#17909);
#5584=VERTEX_POINT('',#17911);
#5585=VERTEX_POINT('',#17915);
#5586=VERTEX_POINT('',#17917);
#5587=VERTEX_POINT('',#17921);
#5588=VERTEX_POINT('',#17923);
#5589=VERTEX_POINT('',#17932);
#5590=VERTEX_POINT('',#17933);
#5591=VERTEX_POINT('',#17935);
#5592=VERTEX_POINT('',#17937);
#5593=VERTEX_POINT('',#17941);
#5594=VERTEX_POINT('',#17943);
#5595=VERTEX_POINT('',#17947);
#5596=VERTEX_POINT('',#17949);
#5597=VERTEX_POINT('',#17953);
#5598=VERTEX_POINT('',#17955);
#5599=VERTEX_POINT('',#17959);
#5600=VERTEX_POINT('',#17961);
#5601=VERTEX_POINT('',#17970);
#5602=VERTEX_POINT('',#17971);
#5603=VERTEX_POINT('',#17973);
#5604=VERTEX_POINT('',#17975);
#5605=VERTEX_POINT('',#17979);
#5606=VERTEX_POINT('',#17981);
#5607=VERTEX_POINT('',#17985);
#5608=VERTEX_POINT('',#17987);
#5609=VERTEX_POINT('',#17991);
#5610=VERTEX_POINT('',#17993);
#5611=VERTEX_POINT('',#17997);
#5612=VERTEX_POINT('',#17999);
#5613=VERTEX_POINT('',#18008);
#5614=VERTEX_POINT('',#18009);
#5615=VERTEX_POINT('',#18011);
#5616=VERTEX_POINT('',#18013);
#5617=VERTEX_POINT('',#18017);
#5618=VERTEX_POINT('',#18019);
#5619=VERTEX_POINT('',#18023);
#5620=VERTEX_POINT('',#18025);
#5621=VERTEX_POINT('',#18029);
#5622=VERTEX_POINT('',#18031);
#5623=VERTEX_POINT('',#18035);
#5624=VERTEX_POINT('',#18037);
#5625=VERTEX_POINT('',#18046);
#5626=VERTEX_POINT('',#18047);
#5627=VERTEX_POINT('',#18049);
#5628=VERTEX_POINT('',#18051);
#5629=VERTEX_POINT('',#18055);
#5630=VERTEX_POINT('',#18057);
#5631=VERTEX_POINT('',#18061);
#5632=VERTEX_POINT('',#18063);
#5633=VERTEX_POINT('',#18067);
#5634=VERTEX_POINT('',#18069);
#5635=VERTEX_POINT('',#18073);
#5636=VERTEX_POINT('',#18075);
#5637=VERTEX_POINT('',#18084);
#5638=VERTEX_POINT('',#18085);
#5639=VERTEX_POINT('',#18087);
#5640=VERTEX_POINT('',#18089);
#5641=VERTEX_POINT('',#18093);
#5642=VERTEX_POINT('',#18095);
#5643=VERTEX_POINT('',#18099);
#5644=VERTEX_POINT('',#18101);
#5645=VERTEX_POINT('',#18110);
#5646=VERTEX_POINT('',#18111);
#5647=VERTEX_POINT('',#18113);
#5648=VERTEX_POINT('',#18115);
#5649=VERTEX_POINT('',#18119);
#5650=VERTEX_POINT('',#18121);
#5651=VERTEX_POINT('',#18125);
#5652=VERTEX_POINT('',#18127);
#5653=VERTEX_POINT('',#18136);
#5654=VERTEX_POINT('',#18137);
#5655=VERTEX_POINT('',#18139);
#5656=VERTEX_POINT('',#18141);
#5657=VERTEX_POINT('',#18145);
#5658=VERTEX_POINT('',#18147);
#5659=VERTEX_POINT('',#18151);
#5660=VERTEX_POINT('',#18153);
#5661=VERTEX_POINT('',#18162);
#5662=VERTEX_POINT('',#18163);
#5663=VERTEX_POINT('',#18165);
#5664=VERTEX_POINT('',#18167);
#5665=VERTEX_POINT('',#18171);
#5666=VERTEX_POINT('',#18173);
#5667=VERTEX_POINT('',#18177);
#5668=VERTEX_POINT('',#18179);
#5669=VERTEX_POINT('',#18188);
#5670=VERTEX_POINT('',#18189);
#5671=VERTEX_POINT('',#18191);
#5672=VERTEX_POINT('',#18193);
#5673=VERTEX_POINT('',#18197);
#5674=VERTEX_POINT('',#18199);
#5675=VERTEX_POINT('',#18203);
#5676=VERTEX_POINT('',#18205);
#5677=VERTEX_POINT('',#18214);
#5678=VERTEX_POINT('',#18215);
#5679=VERTEX_POINT('',#18217);
#5680=VERTEX_POINT('',#18219);
#5681=VERTEX_POINT('',#18223);
#5682=VERTEX_POINT('',#18225);
#5683=VERTEX_POINT('',#18229);
#5684=VERTEX_POINT('',#18231);
#5685=VERTEX_POINT('',#18240);
#5686=VERTEX_POINT('',#18241);
#5687=VERTEX_POINT('',#18243);
#5688=VERTEX_POINT('',#18245);
#5689=VERTEX_POINT('',#18249);
#5690=VERTEX_POINT('',#18251);
#5691=VERTEX_POINT('',#18255);
#5692=VERTEX_POINT('',#18257);
#5693=VERTEX_POINT('',#18266);
#5694=VERTEX_POINT('',#18267);
#5695=VERTEX_POINT('',#18269);
#5696=VERTEX_POINT('',#18271);
#5697=VERTEX_POINT('',#18275);
#5698=VERTEX_POINT('',#18277);
#5699=VERTEX_POINT('',#18281);
#5700=VERTEX_POINT('',#18283);
#5701=VERTEX_POINT('',#18295);
#5702=VERTEX_POINT('',#18296);
#5703=VERTEX_POINT('',#18298);
#5704=VERTEX_POINT('',#18302);
#5705=VERTEX_POINT('',#18303);
#5706=VERTEX_POINT('',#18305);
#5707=VERTEX_POINT('',#18309);
#5708=VERTEX_POINT('',#18310);
#5709=VERTEX_POINT('',#18312);
#5710=VERTEX_POINT('',#18316);
#5711=VERTEX_POINT('',#18317);
#5712=VERTEX_POINT('',#18319);
#5713=VERTEX_POINT('',#18323);
#5714=VERTEX_POINT('',#18324);
#5715=VERTEX_POINT('',#18326);
#5716=VERTEX_POINT('',#18333);
#5717=VERTEX_POINT('',#18334);
#5718=VERTEX_POINT('',#18336);
#5719=VERTEX_POINT('',#18340);
#5720=VERTEX_POINT('',#18341);
#5721=VERTEX_POINT('',#18343);
#5722=VERTEX_POINT('',#18353);
#5723=VERTEX_POINT('',#18354);
#5724=VERTEX_POINT('',#18356);
#5725=VERTEX_POINT('',#18393);
#5726=VERTEX_POINT('',#18394);
#5727=VERTEX_POINT('',#18396);
#5728=VERTEX_POINT('',#18400);
#5729=VERTEX_POINT('',#18401);
#5730=VERTEX_POINT('',#18403);
#5731=VERTEX_POINT('',#18407);
#5732=VERTEX_POINT('',#18408);
#5733=VERTEX_POINT('',#18410);
#5734=VERTEX_POINT('',#18414);
#5735=VERTEX_POINT('',#18415);
#5736=VERTEX_POINT('',#18417);
#5737=VERTEX_POINT('',#18421);
#5738=VERTEX_POINT('',#18422);
#5739=VERTEX_POINT('',#18424);
#5740=VERTEX_POINT('',#18431);
#5741=VERTEX_POINT('',#18432);
#5742=VERTEX_POINT('',#18434);
#5743=VERTEX_POINT('',#18438);
#5744=VERTEX_POINT('',#18439);
#5745=VERTEX_POINT('',#18441);
#5746=VERTEX_POINT('',#18451);
#5747=VERTEX_POINT('',#18452);
#5748=VERTEX_POINT('',#18454);
#5749=VERTEX_POINT('',#18491);
#5750=VERTEX_POINT('',#18492);
#5751=VERTEX_POINT('',#18494);
#5752=VERTEX_POINT('',#18496);
#5753=VERTEX_POINT('',#18500);
#5754=VERTEX_POINT('',#18502);
#5755=VERTEX_POINT('',#18506);
#5756=VERTEX_POINT('',#18508);
#5757=VERTEX_POINT('',#18521);
#5758=VERTEX_POINT('',#18522);
#5759=VERTEX_POINT('',#18524);
#5760=VERTEX_POINT('',#18526);
#5761=VERTEX_POINT('',#18530);
#5762=VERTEX_POINT('',#18532);
#5763=VERTEX_POINT('',#18536);
#5764=VERTEX_POINT('',#18538);
#5765=VERTEX_POINT('',#18542);
#5766=VERTEX_POINT('',#18544);
#5767=VERTEX_POINT('',#18548);
#5768=VERTEX_POINT('',#18550);
#5769=VERTEX_POINT('',#18554);
#5770=VERTEX_POINT('',#18556);
#5771=VERTEX_POINT('',#18560);
#5772=VERTEX_POINT('',#18562);
#5773=VERTEX_POINT('',#18566);
#5774=VERTEX_POINT('',#18568);
#5775=VERTEX_POINT('',#18572);
#5776=VERTEX_POINT('',#18574);
#5777=VERTEX_POINT('',#18578);
#5778=VERTEX_POINT('',#18580);
#5779=VERTEX_POINT('',#18584);
#5780=VERTEX_POINT('',#18586);
#5781=VERTEX_POINT('',#18590);
#5782=VERTEX_POINT('',#18592);
#5783=VERTEX_POINT('',#18596);
#5784=VERTEX_POINT('',#18598);
#5785=VERTEX_POINT('',#18602);
#5786=VERTEX_POINT('',#18604);
#5787=VERTEX_POINT('',#18608);
#5788=VERTEX_POINT('',#18610);
#5789=VERTEX_POINT('',#18614);
#5790=VERTEX_POINT('',#18616);
#5791=VERTEX_POINT('',#18620);
#5792=VERTEX_POINT('',#18622);
#5793=VERTEX_POINT('',#18626);
#5794=VERTEX_POINT('',#18628);
#5795=VERTEX_POINT('',#18632);
#5796=VERTEX_POINT('',#18634);
#5797=VERTEX_POINT('',#18638);
#5798=VERTEX_POINT('',#18640);
#5799=VERTEX_POINT('',#18644);
#5800=VERTEX_POINT('',#18646);
#5801=VERTEX_POINT('',#18650);
#5802=VERTEX_POINT('',#18652);
#5803=VERTEX_POINT('',#18661);
#5804=VERTEX_POINT('',#18662);
#5805=VERTEX_POINT('',#18664);
#5806=VERTEX_POINT('',#18666);
#5807=VERTEX_POINT('',#18670);
#5808=VERTEX_POINT('',#18672);
#5809=VERTEX_POINT('',#18676);
#5810=VERTEX_POINT('',#18678);
#5811=VERTEX_POINT('',#18682);
#5812=VERTEX_POINT('',#18684);
#5813=VERTEX_POINT('',#18688);
#5814=VERTEX_POINT('',#18690);
#5815=VERTEX_POINT('',#18694);
#5816=VERTEX_POINT('',#18696);
#5817=VERTEX_POINT('',#18700);
#5818=VERTEX_POINT('',#18702);
#5819=VERTEX_POINT('',#18706);
#5820=VERTEX_POINT('',#18708);
#5821=VERTEX_POINT('',#18712);
#5822=VERTEX_POINT('',#18714);
#5823=VERTEX_POINT('',#18718);
#5824=VERTEX_POINT('',#18720);
#5825=VERTEX_POINT('',#18724);
#5826=VERTEX_POINT('',#18726);
#5827=VERTEX_POINT('',#18730);
#5828=VERTEX_POINT('',#18732);
#5829=VERTEX_POINT('',#18736);
#5830=VERTEX_POINT('',#18738);
#5831=VERTEX_POINT('',#18742);
#5832=VERTEX_POINT('',#18744);
#5833=VERTEX_POINT('',#18748);
#5834=VERTEX_POINT('',#18750);
#5835=VERTEX_POINT('',#18754);
#5836=VERTEX_POINT('',#18756);
#5837=VERTEX_POINT('',#18760);
#5838=VERTEX_POINT('',#18762);
#5839=VERTEX_POINT('',#18771);
#5840=VERTEX_POINT('',#18772);
#5841=VERTEX_POINT('',#18774);
#5842=VERTEX_POINT('',#18776);
#5843=VERTEX_POINT('',#18780);
#5844=VERTEX_POINT('',#18782);
#5845=VERTEX_POINT('',#18786);
#5846=VERTEX_POINT('',#18788);
#5847=VERTEX_POINT('',#18792);
#5848=VERTEX_POINT('',#18794);
#5849=VERTEX_POINT('',#18798);
#5850=VERTEX_POINT('',#18800);
#5851=VERTEX_POINT('',#18804);
#5852=VERTEX_POINT('',#18806);
#5853=VERTEX_POINT('',#18810);
#5854=VERTEX_POINT('',#18812);
#5855=VERTEX_POINT('',#18816);
#5856=VERTEX_POINT('',#18818);
#5857=VERTEX_POINT('',#18822);
#5858=VERTEX_POINT('',#18824);
#5859=VERTEX_POINT('',#18828);
#5860=VERTEX_POINT('',#18830);
#5861=VERTEX_POINT('',#18834);
#5862=VERTEX_POINT('',#18836);
#5863=VERTEX_POINT('',#18840);
#5864=VERTEX_POINT('',#18842);
#5865=VERTEX_POINT('',#18846);
#5866=VERTEX_POINT('',#18848);
#5867=VERTEX_POINT('',#18852);
#5868=VERTEX_POINT('',#18854);
#5869=VERTEX_POINT('',#18858);
#5870=VERTEX_POINT('',#18860);
#5871=VERTEX_POINT('',#18864);
#5872=VERTEX_POINT('',#18866);
#5873=VERTEX_POINT('',#18870);
#5874=VERTEX_POINT('',#18872);
#5875=VERTEX_POINT('',#18881);
#5876=VERTEX_POINT('',#18882);
#5877=VERTEX_POINT('',#18884);
#5878=VERTEX_POINT('',#18886);
#5879=VERTEX_POINT('',#18890);
#5880=VERTEX_POINT('',#18892);
#5881=VERTEX_POINT('',#18896);
#5882=VERTEX_POINT('',#18898);
#5883=VERTEX_POINT('',#18902);
#5884=VERTEX_POINT('',#18904);
#5885=VERTEX_POINT('',#18908);
#5886=VERTEX_POINT('',#18910);
#5887=VERTEX_POINT('',#18914);
#5888=VERTEX_POINT('',#18916);
#5889=VERTEX_POINT('',#18920);
#5890=VERTEX_POINT('',#18922);
#5891=VERTEX_POINT('',#18926);
#5892=VERTEX_POINT('',#18928);
#5893=VERTEX_POINT('',#18932);
#5894=VERTEX_POINT('',#18934);
#5895=VERTEX_POINT('',#18938);
#5896=VERTEX_POINT('',#18940);
#5897=VERTEX_POINT('',#18944);
#5898=VERTEX_POINT('',#18946);
#5899=VERTEX_POINT('',#18950);
#5900=VERTEX_POINT('',#18952);
#5901=VERTEX_POINT('',#18956);
#5902=VERTEX_POINT('',#18958);
#5903=VERTEX_POINT('',#18962);
#5904=VERTEX_POINT('',#18964);
#5905=VERTEX_POINT('',#18968);
#5906=VERTEX_POINT('',#18970);
#5907=VERTEX_POINT('',#18974);
#5908=VERTEX_POINT('',#18976);
#5909=VERTEX_POINT('',#18980);
#5910=VERTEX_POINT('',#18982);
#5911=VERTEX_POINT('',#18991);
#5912=VERTEX_POINT('',#18992);
#5913=VERTEX_POINT('',#18994);
#5914=VERTEX_POINT('',#18996);
#5915=VERTEX_POINT('',#19000);
#5916=VERTEX_POINT('',#19002);
#5917=VERTEX_POINT('',#19006);
#5918=VERTEX_POINT('',#19008);
#5919=VERTEX_POINT('',#19012);
#5920=VERTEX_POINT('',#19014);
#5921=VERTEX_POINT('',#19018);
#5922=VERTEX_POINT('',#19020);
#5923=VERTEX_POINT('',#19024);
#5924=VERTEX_POINT('',#19026);
#5925=VERTEX_POINT('',#19030);
#5926=VERTEX_POINT('',#19032);
#5927=VERTEX_POINT('',#19036);
#5928=VERTEX_POINT('',#19038);
#5929=VERTEX_POINT('',#19042);
#5930=VERTEX_POINT('',#19044);
#5931=VERTEX_POINT('',#19048);
#5932=VERTEX_POINT('',#19050);
#5933=VERTEX_POINT('',#19054);
#5934=VERTEX_POINT('',#19056);
#5935=VERTEX_POINT('',#19060);
#5936=VERTEX_POINT('',#19062);
#5937=VERTEX_POINT('',#19066);
#5938=VERTEX_POINT('',#19068);
#5939=VERTEX_POINT('',#19072);
#5940=VERTEX_POINT('',#19074);
#5941=VERTEX_POINT('',#19078);
#5942=VERTEX_POINT('',#19080);
#5943=VERTEX_POINT('',#19084);
#5944=VERTEX_POINT('',#19086);
#5945=VERTEX_POINT('',#19090);
#5946=VERTEX_POINT('',#19092);
#5947=VERTEX_POINT('',#19096);
#5948=VERTEX_POINT('',#19098);
#5949=VERTEX_POINT('',#19102);
#5950=VERTEX_POINT('',#19104);
#5951=VERTEX_POINT('',#19108);
#5952=VERTEX_POINT('',#19110);
#5953=VERTEX_POINT('',#19114);
#5954=VERTEX_POINT('',#19116);
#5955=VERTEX_POINT('',#19120);
#5956=VERTEX_POINT('',#19122);
#5957=VERTEX_POINT('',#19131);
#5958=VERTEX_POINT('',#19132);
#5959=VERTEX_POINT('',#19134);
#5960=VERTEX_POINT('',#19136);
#5961=VERTEX_POINT('',#19140);
#5962=VERTEX_POINT('',#19142);
#5963=VERTEX_POINT('',#19146);
#5964=VERTEX_POINT('',#19148);
#5965=VERTEX_POINT('',#19152);
#5966=VERTEX_POINT('',#19154);
#5967=VERTEX_POINT('',#19158);
#5968=VERTEX_POINT('',#19160);
#5969=VERTEX_POINT('',#19164);
#5970=VERTEX_POINT('',#19166);
#5971=VERTEX_POINT('',#19170);
#5972=VERTEX_POINT('',#19172);
#5973=VERTEX_POINT('',#19176);
#5974=VERTEX_POINT('',#19178);
#5975=VERTEX_POINT('',#19182);
#5976=VERTEX_POINT('',#19184);
#5977=VERTEX_POINT('',#19188);
#5978=VERTEX_POINT('',#19190);
#5979=VERTEX_POINT('',#19194);
#5980=VERTEX_POINT('',#19196);
#5981=VERTEX_POINT('',#19200);
#5982=VERTEX_POINT('',#19202);
#5983=VERTEX_POINT('',#19206);
#5984=VERTEX_POINT('',#19208);
#5985=VERTEX_POINT('',#19212);
#5986=VERTEX_POINT('',#19214);
#5987=VERTEX_POINT('',#19218);
#5988=VERTEX_POINT('',#19220);
#5989=VERTEX_POINT('',#19224);
#5990=VERTEX_POINT('',#19226);
#5991=VERTEX_POINT('',#19230);
#5992=VERTEX_POINT('',#19232);
#5993=VERTEX_POINT('',#19241);
#5994=VERTEX_POINT('',#19242);
#5995=VERTEX_POINT('',#19244);
#5996=VERTEX_POINT('',#19246);
#5997=VERTEX_POINT('',#19248);
#5998=VERTEX_POINT('',#19250);
#5999=VERTEX_POINT('',#19252);
#6000=VERTEX_POINT('',#19254);
#6001=VERTEX_POINT('',#19256);
#6002=VERTEX_POINT('',#19258);
#6003=VERTEX_POINT('',#19260);
#6004=VERTEX_POINT('',#19262);
#6005=VERTEX_POINT('',#19264);
#6006=VERTEX_POINT('',#19266);
#6007=VERTEX_POINT('',#19268);
#6008=VERTEX_POINT('',#19270);
#6009=VERTEX_POINT('',#19272);
#6010=VERTEX_POINT('',#19274);
#6011=VERTEX_POINT('',#19276);
#6012=VERTEX_POINT('',#19278);
#6013=VERTEX_POINT('',#19282);
#6014=VERTEX_POINT('',#19283);
#6015=VERTEX_POINT('',#19285);
#6016=VERTEX_POINT('',#19287);
#6017=VERTEX_POINT('',#19289);
#6018=VERTEX_POINT('',#19291);
#6019=VERTEX_POINT('',#19293);
#6020=VERTEX_POINT('',#19295);
#6021=VERTEX_POINT('',#19297);
#6022=VERTEX_POINT('',#19299);
#6023=VERTEX_POINT('',#19301);
#6024=VERTEX_POINT('',#19303);
#6025=VERTEX_POINT('',#19305);
#6026=VERTEX_POINT('',#19307);
#6027=VERTEX_POINT('',#19309);
#6028=VERTEX_POINT('',#19311);
#6029=VERTEX_POINT('',#19313);
#6030=VERTEX_POINT('',#19315);
#6031=VERTEX_POINT('',#19317);
#6032=VERTEX_POINT('',#19319);
#6033=VERTEX_POINT('',#19322);
#6034=VERTEX_POINT('',#19323);
#6035=VERTEX_POINT('',#19325);
#6036=VERTEX_POINT('',#19327);
#6037=VERTEX_POINT('',#19329);
#6038=VERTEX_POINT('',#19331);
#6039=VERTEX_POINT('',#19333);
#6040=VERTEX_POINT('',#19335);
#6041=VERTEX_POINT('',#19337);
#6042=VERTEX_POINT('',#19339);
#6043=VERTEX_POINT('',#19341);
#6044=VERTEX_POINT('',#19343);
#6045=VERTEX_POINT('',#19347);
#6046=VERTEX_POINT('',#19348);
#6047=VERTEX_POINT('',#19353);
#6048=VERTEX_POINT('',#19354);
#6049=VERTEX_POINT('',#19356);
#6050=VERTEX_POINT('',#19358);
#6051=VERTEX_POINT('',#19361);
#6052=VERTEX_POINT('',#19362);
#6053=VERTEX_POINT('',#19364);
#6054=VERTEX_POINT('',#19366);
#6055=VERTEX_POINT('',#19369);
#6056=VERTEX_POINT('',#19370);
#6057=VERTEX_POINT('',#19372);
#6058=VERTEX_POINT('',#19374);
#6059=VERTEX_POINT('',#19377);
#6060=VERTEX_POINT('',#19378);
#6061=VERTEX_POINT('',#19380);
#6062=VERTEX_POINT('',#19382);
#6063=VERTEX_POINT('',#19385);
#6064=VERTEX_POINT('',#19386);
#6065=VERTEX_POINT('',#19388);
#6066=VERTEX_POINT('',#19390);
#6067=VERTEX_POINT('',#19394);
#6068=VERTEX_POINT('',#19395);
#6069=VERTEX_POINT('',#19400);
#6070=VERTEX_POINT('',#19402);
#6071=VERTEX_POINT('',#19406);
#6072=VERTEX_POINT('',#19408);
#6073=VERTEX_POINT('',#19411);
#6074=VERTEX_POINT('',#19413);
#6075=VERTEX_POINT('',#19417);
#6076=VERTEX_POINT('',#19418);
#6077=VERTEX_POINT('',#19420);
#6078=VERTEX_POINT('',#19422);
#6079=VERTEX_POINT('',#19424);
#6080=VERTEX_POINT('',#19426);
#6081=VERTEX_POINT('',#19428);
#6082=VERTEX_POINT('',#19430);
#6083=VERTEX_POINT('',#19432);
#6084=VERTEX_POINT('',#19434);
#6085=VERTEX_POINT('',#19436);
#6086=VERTEX_POINT('',#19438);
#6087=VERTEX_POINT('',#19440);
#6088=VERTEX_POINT('',#19442);
#6089=VERTEX_POINT('',#19444);
#6090=VERTEX_POINT('',#19446);
#6091=VERTEX_POINT('',#19449);
#6092=VERTEX_POINT('',#19451);
#6093=VERTEX_POINT('',#19454);
#6094=VERTEX_POINT('',#19456);
#6095=VERTEX_POINT('',#19458);
#6096=VERTEX_POINT('',#19460);
#6097=VERTEX_POINT('',#19462);
#6098=VERTEX_POINT('',#19464);
#6099=VERTEX_POINT('',#19466);
#6100=VERTEX_POINT('',#19468);
#6101=VERTEX_POINT('',#19470);
#6102=VERTEX_POINT('',#19472);
#6103=VERTEX_POINT('',#19474);
#6104=VERTEX_POINT('',#19476);
#6105=VERTEX_POINT('',#19478);
#6106=VERTEX_POINT('',#19480);
#6107=VERTEX_POINT('',#19493);
#6108=VERTEX_POINT('',#19495);
#6109=VERTEX_POINT('',#19499);
#6110=VERTEX_POINT('',#19501);
#6111=VERTEX_POINT('',#19505);
#6112=VERTEX_POINT('',#19506);
#6113=VERTEX_POINT('',#19511);
#6114=VERTEX_POINT('',#19513);
#6115=VERTEX_POINT('',#19517);
#6116=VERTEX_POINT('',#19520);
#6117=VERTEX_POINT('',#19524);
#6118=VERTEX_POINT('',#19527);
#6119=VERTEX_POINT('',#19531);
#6120=VERTEX_POINT('',#19533);
#6121=VERTEX_POINT('',#19535);
#6122=VERTEX_POINT('',#19539);
#6123=VERTEX_POINT('',#19540);
#6124=VERTEX_POINT('',#19543);
#6125=VERTEX_POINT('',#19545);
#6126=VERTEX_POINT('',#19547);
#6127=VERTEX_POINT('',#19551);
#6128=VERTEX_POINT('',#19553);
#6129=VERTEX_POINT('',#19558);
#6130=VERTEX_POINT('',#19560);
#6131=VERTEX_POINT('',#19562);
#6132=VERTEX_POINT('',#19564);
#6133=VERTEX_POINT('',#19566);
#6134=VERTEX_POINT('',#19569);
#6135=VERTEX_POINT('',#19571);
#6136=VERTEX_POINT('',#19573);
#6137=VERTEX_POINT('',#19577);
#6138=VERTEX_POINT('',#19582);
#6139=VERTEX_POINT('',#19584);
#6140=VERTEX_POINT('',#19602);
#6141=VERTEX_POINT('',#19603);
#6142=VERTEX_POINT('',#19606);
#6143=VERTEX_POINT('',#19608);
#6144=VERTEX_POINT('',#19613);
#6145=VERTEX_POINT('',#19617);
#6146=VERTEX_POINT('',#19630);
#6147=VERTEX_POINT('',#19663);
#6148=VERTEX_POINT('',#19664);
#6149=VERTEX_POINT('',#19666);
#6150=VERTEX_POINT('',#19668);
#6151=VERTEX_POINT('',#19672);
#6152=VERTEX_POINT('',#19674);
#6153=VERTEX_POINT('',#19676);
#6154=VERTEX_POINT('',#19680);
#6155=VERTEX_POINT('',#19681);
#6156=VERTEX_POINT('',#19686);
#6157=VERTEX_POINT('',#19687);
#6158=VERTEX_POINT('',#19689);
#6159=VERTEX_POINT('',#19691);
#6160=VERTEX_POINT('',#19695);
#6161=VERTEX_POINT('',#19696);
#6162=VERTEX_POINT('',#19701);
#6163=VERTEX_POINT('',#19703);
#6164=VERTEX_POINT('',#19707);
#6165=VERTEX_POINT('',#19708);
#6166=VERTEX_POINT('',#19713);
#6167=VERTEX_POINT('',#19717);
#6168=VERTEX_POINT('',#19718);
#6169=VERTEX_POINT('',#19720);
#6170=VERTEX_POINT('',#19723);
#6171=VERTEX_POINT('',#19727);
#6172=VERTEX_POINT('',#19729);
#6173=VERTEX_POINT('',#19733);
#6174=VERTEX_POINT('',#19735);
#6175=VERTEX_POINT('',#19742);
#6176=VERTEX_POINT('',#19746);
#6177=VERTEX_POINT('',#19750);
#6178=VERTEX_POINT('',#19757);
#6179=VERTEX_POINT('',#19764);
#6180=VERTEX_POINT('',#19766);
#6181=VERTEX_POINT('',#19773);
#6182=VERTEX_POINT('',#19775);
#6183=VERTEX_POINT('',#19824);
#6184=VERTEX_POINT('',#19825);
#6185=VERTEX_POINT('',#19827);
#6186=VERTEX_POINT('',#19831);
#6187=VERTEX_POINT('',#19832);
#6188=VERTEX_POINT('',#19834);
#6189=VERTEX_POINT('',#19841);
#6190=VERTEX_POINT('',#19842);
#6191=VERTEX_POINT('',#19844);
#6192=VERTEX_POINT('',#19848);
#6193=VERTEX_POINT('',#19849);
#6194=VERTEX_POINT('',#19851);
#6195=VERTEX_POINT('',#19855);
#6196=VERTEX_POINT('',#19856);
#6197=VERTEX_POINT('',#19858);
#6198=VERTEX_POINT('',#19862);
#6199=VERTEX_POINT('',#19863);
#6200=VERTEX_POINT('',#19865);
#6201=VERTEX_POINT('',#19875);
#6202=VERTEX_POINT('',#19876);
#6203=VERTEX_POINT('',#19878);
#6204=VERTEX_POINT('',#19882);
#6205=VERTEX_POINT('',#19883);
#6206=VERTEX_POINT('',#19885);
#6207=VERTEX_POINT('',#19921);
#6208=VERTEX_POINT('',#19922);
#6209=VERTEX_POINT('',#19924);
#6210=VERTEX_POINT('',#19928);
#6211=VERTEX_POINT('',#19929);
#6212=VERTEX_POINT('',#19931);
#6213=VERTEX_POINT('',#19938);
#6214=VERTEX_POINT('',#19939);
#6215=VERTEX_POINT('',#19941);
#6216=VERTEX_POINT('',#19945);
#6217=VERTEX_POINT('',#19946);
#6218=VERTEX_POINT('',#19948);
#6219=VERTEX_POINT('',#19952);
#6220=VERTEX_POINT('',#19953);
#6221=VERTEX_POINT('',#19955);
#6222=VERTEX_POINT('',#19959);
#6223=VERTEX_POINT('',#19960);
#6224=VERTEX_POINT('',#19962);
#6225=VERTEX_POINT('',#19972);
#6226=VERTEX_POINT('',#19973);
#6227=VERTEX_POINT('',#19975);
#6228=VERTEX_POINT('',#19979);
#6229=VERTEX_POINT('',#19980);
#6230=VERTEX_POINT('',#19982);
#6231=VERTEX_POINT('',#20018);
#6232=VERTEX_POINT('',#20019);
#6233=VERTEX_POINT('',#20021);
#6234=VERTEX_POINT('',#20023);
#6235=VERTEX_POINT('',#20027);
#6236=VERTEX_POINT('',#20028);
#6237=VERTEX_POINT('',#20030);
#6238=VERTEX_POINT('',#20032);
#6239=VERTEX_POINT('',#20047);
#6240=VERTEX_POINT('',#20048);
#6241=VERTEX_POINT('',#20050);
#6242=VERTEX_POINT('',#20052);
#6243=VERTEX_POINT('',#20054);
#6244=VERTEX_POINT('',#20056);
#6245=VERTEX_POINT('',#20059);
#6246=VERTEX_POINT('',#20060);
#6247=VERTEX_POINT('',#20062);
#6248=VERTEX_POINT('',#20064);
#6249=VERTEX_POINT('',#20068);
#6250=VERTEX_POINT('',#20069);
#6251=VERTEX_POINT('',#20071);
#6252=VERTEX_POINT('',#20073);
#6253=VERTEX_POINT('',#20075);
#6254=VERTEX_POINT('',#20077);
#6255=VERTEX_POINT('',#20080);
#6256=VERTEX_POINT('',#20081);
#6257=VERTEX_POINT('',#20083);
#6258=VERTEX_POINT('',#20085);
#6259=VERTEX_POINT('',#20096);
#6260=VERTEX_POINT('',#20098);
#6261=VERTEX_POINT('',#20100);
#6262=VERTEX_POINT('',#20103);
#6263=VERTEX_POINT('',#20105);
#6264=VERTEX_POINT('',#20107);
#6265=VERTEX_POINT('',#20109);
#6266=VERTEX_POINT('',#20111);
#6267=VERTEX_POINT('',#20115);
#6268=VERTEX_POINT('',#20117);
#6269=VERTEX_POINT('',#20121);
#6270=VERTEX_POINT('',#20122);
#6271=VERTEX_POINT('',#20124);
#6272=VERTEX_POINT('',#20126);
#6273=VERTEX_POINT('',#20128);
#6274=VERTEX_POINT('',#20130);
#6275=VERTEX_POINT('',#20132);
#6276=VERTEX_POINT('',#20134);
#6277=VERTEX_POINT('',#20138);
#6278=VERTEX_POINT('',#20140);
#6279=VERTEX_POINT('',#20144);
#6280=VERTEX_POINT('',#20148);
#6281=VERTEX_POINT('',#20150);
#6282=VERTEX_POINT('',#20155);
#6283=VERTEX_POINT('',#20159);
#6284=VERTEX_POINT('',#20163);
#6285=VERTEX_POINT('',#20165);
#6286=VERTEX_POINT('',#20170);
#6287=VERTEX_POINT('',#20177);
#6288=VERTEX_POINT('',#20181);
#6289=VERTEX_POINT('',#20185);
#6290=VERTEX_POINT('',#20187);
#6291=VERTEX_POINT('',#20191);
#6292=VERTEX_POINT('',#20192);
#6293=VERTEX_POINT('',#20194);
#6294=VERTEX_POINT('',#20198);
#6295=VERTEX_POINT('',#20203);
#6296=VERTEX_POINT('',#20204);
#6297=VERTEX_POINT('',#20209);
#6298=VERTEX_POINT('',#20210);
#6299=VERTEX_POINT('',#20217);
#6300=VERTEX_POINT('',#20218);
#6301=VERTEX_POINT('',#20220);
#6302=VERTEX_POINT('',#20224);
#6303=VERTEX_POINT('',#20232);
#6304=VERTEX_POINT('',#20233);
#6305=VERTEX_POINT('',#20265);
#6306=VERTEX_POINT('',#20267);
#6307=VERTEX_POINT('',#20271);
#6308=VERTEX_POINT('',#20272);
#6309=VERTEX_POINT('',#20274);
#6310=VERTEX_POINT('',#20276);
#6311=VERTEX_POINT('',#20278);
#6312=VERTEX_POINT('',#20280);
#6313=VERTEX_POINT('',#20282);
#6314=VERTEX_POINT('',#20284);
#6315=VERTEX_POINT('',#20288);
#6316=VERTEX_POINT('',#20290);
#6317=VERTEX_POINT('',#20294);
#6318=VERTEX_POINT('',#20298);
#6319=VERTEX_POINT('',#20302);
#6320=VERTEX_POINT('',#20304);
#6321=VERTEX_POINT('',#20309);
#6322=VERTEX_POINT('',#20313);
#6323=VERTEX_POINT('',#20317);
#6324=VERTEX_POINT('',#20321);
#6325=VERTEX_POINT('',#20325);
#6326=VERTEX_POINT('',#20329);
#6327=VERTEX_POINT('',#20333);
#6328=VERTEX_POINT('',#20335);
#6329=VERTEX_POINT('',#20343);
#6330=VERTEX_POINT('',#20347);
#6331=VERTEX_POINT('',#20351);
#6332=VERTEX_POINT('',#20352);
#6333=VERTEX_POINT('',#20354);
#6334=VERTEX_POINT('',#20358);
#6335=VERTEX_POINT('',#20359);
#6336=VERTEX_POINT('',#20364);
#6337=VERTEX_POINT('',#20365);
#6338=VERTEX_POINT('',#20370);
#6339=VERTEX_POINT('',#20371);
#6340=VERTEX_POINT('',#20373);
#6341=VERTEX_POINT('',#20377);
#6342=VERTEX_POINT('',#20384);
#6343=VERTEX_POINT('',#20386);
#6344=VERTEX_POINT('',#20390);
#6345=VERTEX_POINT('',#20392);
#6346=VERTEX_POINT('',#20401);
#6347=VERTEX_POINT('',#20431);
#6348=VERTEX_POINT('',#20432);
#6349=VERTEX_POINT('',#20434);
#6350=VERTEX_POINT('',#20436);
#6351=VERTEX_POINT('',#20440);
#6352=VERTEX_POINT('',#20441);
#6353=VERTEX_POINT('',#20443);
#6354=VERTEX_POINT('',#20445);
#6355=VERTEX_POINT('',#20457);
#6356=VERTEX_POINT('',#20458);
#6357=VERTEX_POINT('',#20460);
#6358=VERTEX_POINT('',#20462);
#6359=VERTEX_POINT('',#20466);
#6360=VERTEX_POINT('',#20468);
#6361=VERTEX_POINT('',#20472);
#6362=VERTEX_POINT('',#20474);
#6363=VERTEX_POINT('',#20486);
#6364=VERTEX_POINT('',#20487);
#6365=VERTEX_POINT('',#20489);
#6366=VERTEX_POINT('',#20493);
#6367=VERTEX_POINT('',#20494);
#6368=VERTEX_POINT('',#20496);
#6369=VERTEX_POINT('',#20503);
#6370=VERTEX_POINT('',#20504);
#6371=VERTEX_POINT('',#20506);
#6372=VERTEX_POINT('',#20510);
#6373=VERTEX_POINT('',#20511);
#6374=VERTEX_POINT('',#20513);
#6375=VERTEX_POINT('',#20517);
#6376=VERTEX_POINT('',#20518);
#6377=VERTEX_POINT('',#20520);
#6378=VERTEX_POINT('',#20524);
#6379=VERTEX_POINT('',#20525);
#6380=VERTEX_POINT('',#20527);
#6381=VERTEX_POINT('',#20537);
#6382=VERTEX_POINT('',#20538);
#6383=VERTEX_POINT('',#20540);
#6384=VERTEX_POINT('',#20544);
#6385=VERTEX_POINT('',#20545);
#6386=VERTEX_POINT('',#20547);
#6387=VERTEX_POINT('',#20583);
#6388=VERTEX_POINT('',#20584);
#6389=VERTEX_POINT('',#20586);
#6390=VERTEX_POINT('',#20590);
#6391=VERTEX_POINT('',#20591);
#6392=VERTEX_POINT('',#20593);
#6393=VERTEX_POINT('',#20600);
#6394=VERTEX_POINT('',#20601);
#6395=VERTEX_POINT('',#20603);
#6396=VERTEX_POINT('',#20607);
#6397=VERTEX_POINT('',#20608);
#6398=VERTEX_POINT('',#20610);
#6399=VERTEX_POINT('',#20614);
#6400=VERTEX_POINT('',#20615);
#6401=VERTEX_POINT('',#20617);
#6402=VERTEX_POINT('',#20621);
#6403=VERTEX_POINT('',#20622);
#6404=VERTEX_POINT('',#20624);
#6405=VERTEX_POINT('',#20634);
#6406=VERTEX_POINT('',#20635);
#6407=VERTEX_POINT('',#20637);
#6408=VERTEX_POINT('',#20641);
#6409=VERTEX_POINT('',#20642);
#6410=VERTEX_POINT('',#20644);
#6411=VERTEX_POINT('',#20680);
#6412=VERTEX_POINT('',#20681);
#6413=VERTEX_POINT('',#20683);
#6414=VERTEX_POINT('',#20685);
#6415=VERTEX_POINT('',#20689);
#6416=VERTEX_POINT('',#20690);
#6417=VERTEX_POINT('',#20692);
#6418=VERTEX_POINT('',#20694);
#6419=EDGE_CURVE('',#5373,#5373,#4993,.T.);
#6420=EDGE_CURVE('',#5373,#5374,#2397,.T.);
#6421=EDGE_CURVE('',#5374,#5374,#4994,.T.);
#6422=EDGE_CURVE('',#5375,#5375,#4995,.T.);
#6423=EDGE_CURVE('',#5375,#5376,#2398,.T.);
#6424=EDGE_CURVE('',#5376,#5376,#4996,.T.);
#6425=EDGE_CURVE('',#5377,#5377,#4997,.T.);
#6426=EDGE_CURVE('',#5377,#5378,#2399,.T.);
#6427=EDGE_CURVE('',#5378,#5378,#4998,.T.);
#6428=EDGE_CURVE('',#5379,#5379,#4999,.T.);
#6429=EDGE_CURVE('',#5379,#5380,#2400,.T.);
#6430=EDGE_CURVE('',#5380,#5380,#5000,.T.);
#6431=EDGE_CURVE('',#5381,#5381,#5001,.T.);
#6432=EDGE_CURVE('',#5381,#5382,#2401,.T.);
#6433=EDGE_CURVE('',#5382,#5382,#5002,.T.);
#6434=EDGE_CURVE('',#5383,#5383,#5003,.T.);
#6435=EDGE_CURVE('',#5383,#5384,#2402,.T.);
#6436=EDGE_CURVE('',#5384,#5384,#5004,.T.);
#6437=EDGE_CURVE('',#5385,#5385,#5005,.T.);
#6438=EDGE_CURVE('',#5385,#5386,#2403,.T.);
#6439=EDGE_CURVE('',#5386,#5386,#5006,.T.);
#6440=EDGE_CURVE('',#5387,#5387,#5007,.T.);
#6441=EDGE_CURVE('',#5387,#5388,#2404,.T.);
#6442=EDGE_CURVE('',#5388,#5388,#5008,.T.);
#6443=EDGE_CURVE('',#5389,#5389,#5009,.T.);
#6444=EDGE_CURVE('',#5389,#5390,#2405,.T.);
#6445=EDGE_CURVE('',#5390,#5390,#5010,.T.);
#6446=EDGE_CURVE('',#5391,#5391,#5011,.T.);
#6447=EDGE_CURVE('',#5391,#5392,#2406,.T.);
#6448=EDGE_CURVE('',#5392,#5392,#5012,.T.);
#6449=EDGE_CURVE('',#5393,#5393,#5013,.T.);
#6450=EDGE_CURVE('',#5393,#5394,#2407,.T.);
#6451=EDGE_CURVE('',#5394,#5394,#5014,.T.);
#6452=EDGE_CURVE('',#5395,#5395,#5015,.T.);
#6453=EDGE_CURVE('',#5395,#5396,#2408,.T.);
#6454=EDGE_CURVE('',#5396,#5396,#5016,.T.);
#6455=EDGE_CURVE('',#5397,#5398,#2409,.T.);
#6456=EDGE_CURVE('',#5399,#5397,#5017,.T.);
#6457=EDGE_CURVE('',#5400,#5399,#2410,.T.);
#6458=EDGE_CURVE('',#5398,#5400,#5018,.T.);
#6459=EDGE_CURVE('',#5401,#5401,#5019,.T.);
#6460=EDGE_CURVE('',#5401,#5402,#2411,.T.);
#6461=EDGE_CURVE('',#5402,#5402,#5020,.T.);
#6462=EDGE_CURVE('',#5403,#5403,#5021,.T.);
#6463=EDGE_CURVE('',#5403,#5404,#2412,.T.);
#6464=EDGE_CURVE('',#5404,#5404,#5022,.T.);
#6465=EDGE_CURVE('',#5405,#5405,#5023,.T.);
#6466=EDGE_CURVE('',#5405,#5406,#2413,.T.);
#6467=EDGE_CURVE('',#5406,#5406,#5024,.T.);
#6468=EDGE_CURVE('',#5407,#5408,#2414,.T.);
#6469=EDGE_CURVE('',#5409,#5407,#5025,.T.);
#6470=EDGE_CURVE('',#5410,#5409,#2415,.T.);
#6471=EDGE_CURVE('',#5408,#5410,#5026,.T.);
#6472=EDGE_CURVE('',#5411,#5411,#5027,.T.);
#6473=EDGE_CURVE('',#5411,#5412,#2416,.T.);
#6474=EDGE_CURVE('',#5412,#5412,#5028,.T.);
#6475=EDGE_CURVE('',#5413,#5414,#2417,.T.);
#6476=EDGE_CURVE('',#5415,#5413,#5029,.T.);
#6477=EDGE_CURVE('',#5416,#5415,#2418,.T.);
#6478=EDGE_CURVE('',#5414,#5416,#5030,.T.);
#6479=EDGE_CURVE('',#5417,#5417,#5031,.T.);
#6480=EDGE_CURVE('',#5417,#5418,#2419,.T.);
#6481=EDGE_CURVE('',#5418,#5418,#5032,.T.);
#6482=EDGE_CURVE('',#5419,#5419,#5033,.T.);
#6483=EDGE_CURVE('',#5419,#5420,#2420,.T.);
#6484=EDGE_CURVE('',#5420,#5420,#5034,.T.);
#6485=EDGE_CURVE('',#5421,#5421,#5035,.T.);
#6486=EDGE_CURVE('',#5421,#5422,#2421,.T.);
#6487=EDGE_CURVE('',#5422,#5422,#5036,.T.);
#6488=EDGE_CURVE('',#5423,#5423,#5037,.T.);
#6489=EDGE_CURVE('',#5423,#5424,#2422,.T.);
#6490=EDGE_CURVE('',#5424,#5424,#5038,.T.);
#6491=EDGE_CURVE('',#5425,#5425,#5039,.T.);
#6492=EDGE_CURVE('',#5425,#5426,#2423,.T.);
#6493=EDGE_CURVE('',#5426,#5426,#5040,.T.);
#6494=EDGE_CURVE('',#5427,#5414,#2424,.T.);
#6495=EDGE_CURVE('',#5428,#5427,#2425,.T.);
#6496=EDGE_CURVE('',#5428,#5413,#2426,.T.);
#6497=EDGE_CURVE('',#5409,#5429,#2427,.T.);
#6498=EDGE_CURVE('',#5429,#5430,#2428,.T.);
#6499=EDGE_CURVE('',#5410,#5430,#2429,.T.);
#6500=EDGE_CURVE('',#5416,#5398,#2430,.T.);
#6501=EDGE_CURVE('',#5415,#5397,#2431,.T.);
#6502=EDGE_CURVE('',#5399,#5407,#2432,.T.);
#6503=EDGE_CURVE('',#5400,#5408,#2433,.T.);
#6504=EDGE_CURVE('',#5430,#5431,#5041,.T.);
#6505=EDGE_CURVE('',#5431,#5432,#2434,.T.);
#6506=EDGE_CURVE('',#5432,#5433,#5042,.T.);
#6507=EDGE_CURVE('',#5433,#5434,#2435,.T.);
#6508=EDGE_CURVE('',#5434,#5435,#5043,.T.);
#6509=EDGE_CURVE('',#5435,#5436,#2436,.T.);
#6510=EDGE_CURVE('',#5436,#5427,#5044,.T.);
#6511=EDGE_CURVE('',#5437,#5428,#5045,.T.);
#6512=EDGE_CURVE('',#5438,#5437,#2437,.T.);
#6513=EDGE_CURVE('',#5439,#5438,#5046,.T.);
#6514=EDGE_CURVE('',#5440,#5439,#2438,.T.);
#6515=EDGE_CURVE('',#5441,#5440,#5047,.T.);
#6516=EDGE_CURVE('',#5442,#5441,#2439,.T.);
#6517=EDGE_CURVE('',#5429,#5442,#5048,.T.);
#6518=EDGE_CURVE('',#5442,#5431,#2440,.T.);
#6519=EDGE_CURVE('',#5437,#5436,#2441,.T.);
#6520=EDGE_CURVE('',#5438,#5435,#2442,.T.);
#6521=EDGE_CURVE('',#5439,#5434,#2443,.T.);
#6522=EDGE_CURVE('',#5440,#5433,#2444,.T.);
#6523=EDGE_CURVE('',#5441,#5432,#2445,.T.);
#6524=EDGE_CURVE('',#5443,#5444,#2446,.T.);
#6525=EDGE_CURVE('',#5444,#5445,#2447,.T.);
#6526=EDGE_CURVE('',#5446,#5445,#2448,.T.);
#6527=EDGE_CURVE('',#5443,#5446,#2449,.T.);
#6528=EDGE_CURVE('',#5447,#5443,#2450,.T.);
#6529=EDGE_CURVE('',#5446,#5448,#2451,.T.);
#6530=EDGE_CURVE('',#5448,#5447,#2452,.T.);
#6531=EDGE_CURVE('',#5449,#5444,#2453,.T.);
#6532=EDGE_CURVE('',#5450,#5449,#2454,.T.);
#6533=EDGE_CURVE('',#5445,#5450,#2455,.T.);
#6534=EDGE_CURVE('',#5447,#5449,#2456,.T.);
#6535=EDGE_CURVE('',#5448,#5450,#2457,.T.);
#6536=EDGE_CURVE('',#5451,#5452,#5049,.T.);
#6537=EDGE_CURVE('',#5453,#5451,#2458,.T.);
#6538=EDGE_CURVE('',#5453,#5454,#5050,.T.);
#6539=EDGE_CURVE('',#5452,#5454,#2459,.T.);
#6540=EDGE_CURVE('',#5455,#5456,#5051,.T.);
#6541=EDGE_CURVE('',#5457,#5455,#2460,.T.);
#6542=EDGE_CURVE('',#5458,#5457,#5052,.T.);
#6543=EDGE_CURVE('',#5456,#5458,#2461,.T.);
#6544=EDGE_CURVE('',#5451,#5452,#2462,.T.);
#6545=EDGE_CURVE('',#5457,#5454,#2463,.T.);
#6546=EDGE_CURVE('',#5455,#5456,#2464,.T.);
#6547=EDGE_CURVE('',#5459,#5458,#2465,.T.);
#6548=EDGE_CURVE('',#5460,#5459,#2466,.T.);
#6549=EDGE_CURVE('',#5460,#5461,#2467,.T.);
#6550=EDGE_CURVE('',#5461,#5462,#2468,.T.);
#6551=EDGE_CURVE('',#5453,#5462,#2469,.T.);
#6552=EDGE_CURVE('',#5462,#5463,#2470,.T.);
#6553=EDGE_CURVE('',#5464,#5463,#2471,.T.);
#6554=EDGE_CURVE('',#5465,#5464,#5053,.T.);
#6555=EDGE_CURVE('',#5466,#5465,#2472,.T.);
#6556=EDGE_CURVE('',#5459,#5466,#2473,.T.);
#6557=EDGE_CURVE('',#5467,#5468,#2474,.T.);
#6558=EDGE_CURVE('',#5468,#5464,#2475,.T.);
#6559=EDGE_CURVE('',#5463,#5469,#2476,.T.);
#6560=EDGE_CURVE('',#5470,#5469,#2477,.T.);
#6561=EDGE_CURVE('',#5466,#5470,#2478,.T.);
#6562=EDGE_CURVE('',#5465,#5467,#2479,.T.);
#6563=EDGE_CURVE('',#5469,#5461,#2480,.T.);
#6564=EDGE_CURVE('',#5470,#5460,#2481,.T.);
#6565=EDGE_CURVE('',#5467,#5468,#5054,.T.);
#6566=EDGE_CURVE('',#5471,#5472,#2482,.T.);
#6567=EDGE_CURVE('',#5471,#5473,#2483,.T.);
#6568=EDGE_CURVE('',#5473,#5474,#2484,.T.);
#6569=EDGE_CURVE('',#5475,#5474,#2485,.T.);
#6570=EDGE_CURVE('',#5475,#5476,#2486,.T.);
#6571=EDGE_CURVE('',#5472,#5476,#2487,.T.);
#6572=EDGE_CURVE('',#5472,#5477,#2488,.T.);
#6573=EDGE_CURVE('',#5476,#5478,#2489,.T.);
#6574=EDGE_CURVE('',#5477,#5478,#2490,.T.);
#6575=EDGE_CURVE('',#5477,#5479,#2491,.T.);
#6576=EDGE_CURVE('',#5478,#5480,#2492,.T.);
#6577=EDGE_CURVE('',#5479,#5480,#2493,.T.);
#6578=EDGE_CURVE('',#5479,#5481,#2494,.T.);
#6579=EDGE_CURVE('',#5480,#5482,#2495,.T.);
#6580=EDGE_CURVE('',#5481,#5482,#2496,.T.);
#6581=EDGE_CURVE('',#5481,#5483,#2497,.T.);
#6582=EDGE_CURVE('',#5482,#5484,#2498,.T.);
#6583=EDGE_CURVE('',#5484,#5485,#2499,.T.);
#6584=EDGE_CURVE('',#5485,#5486,#2500,.T.);
#6585=EDGE_CURVE('',#5483,#5486,#2501,.T.);
#6586=EDGE_CURVE('',#5484,#5475,#5055,.T.);
#6587=EDGE_CURVE('',#5483,#5471,#5056,.T.);
#6588=EDGE_CURVE('',#5486,#5473,#5057,.T.);
#6589=EDGE_CURVE('',#5474,#5485,#5058,.T.);
#6590=EDGE_CURVE('',#5487,#5488,#2502,.T.);
#6591=EDGE_CURVE('',#5488,#5489,#2503,.T.);
#6592=EDGE_CURVE('',#5490,#5489,#2504,.T.);
#6593=EDGE_CURVE('',#5490,#5491,#2505,.T.);
#6594=EDGE_CURVE('',#5492,#5491,#2506,.T.);
#6595=EDGE_CURVE('',#5487,#5492,#2507,.T.);
#6596=EDGE_CURVE('',#5488,#5493,#2508,.T.);
#6597=EDGE_CURVE('',#5493,#5494,#2509,.T.);
#6598=EDGE_CURVE('',#5489,#5494,#2510,.T.);
#6599=EDGE_CURVE('',#5493,#5495,#2511,.T.);
#6600=EDGE_CURVE('',#5495,#5496,#2512,.T.);
#6601=EDGE_CURVE('',#5494,#5496,#2513,.T.);
#6602=EDGE_CURVE('',#5495,#5497,#2514,.T.);
#6603=EDGE_CURVE('',#5497,#5498,#2515,.T.);
#6604=EDGE_CURVE('',#5496,#5498,#2516,.T.);
#6605=EDGE_CURVE('',#5497,#5499,#2517,.T.);
#6606=EDGE_CURVE('',#5499,#5500,#2518,.T.);
#6607=EDGE_CURVE('',#5501,#5500,#2519,.T.);
#6608=EDGE_CURVE('',#5502,#5501,#2520,.T.);
#6609=EDGE_CURVE('',#5498,#5502,#2521,.T.);
#6610=EDGE_CURVE('',#5502,#5490,#5059,.T.);
#6611=EDGE_CURVE('',#5499,#5487,#5060,.T.);
#6612=EDGE_CURVE('',#5500,#5492,#5061,.T.);
#6613=EDGE_CURVE('',#5491,#5501,#5062,.T.);
#6614=EDGE_CURVE('',#5503,#5504,#2522,.T.);
#6615=EDGE_CURVE('',#5504,#5505,#2523,.T.);
#6616=EDGE_CURVE('',#5506,#5505,#2524,.T.);
#6617=EDGE_CURVE('',#5506,#5507,#2525,.T.);
#6618=EDGE_CURVE('',#5508,#5507,#2526,.T.);
#6619=EDGE_CURVE('',#5503,#5508,#2527,.T.);
#6620=EDGE_CURVE('',#5504,#5509,#2528,.T.);
#6621=EDGE_CURVE('',#5509,#5510,#2529,.T.);
#6622=EDGE_CURVE('',#5505,#5510,#2530,.T.);
#6623=EDGE_CURVE('',#5509,#5511,#2531,.T.);
#6624=EDGE_CURVE('',#5511,#5512,#2532,.T.);
#6625=EDGE_CURVE('',#5510,#5512,#2533,.T.);
#6626=EDGE_CURVE('',#5511,#5513,#2534,.T.);
#6627=EDGE_CURVE('',#5513,#5514,#2535,.T.);
#6628=EDGE_CURVE('',#5512,#5514,#2536,.T.);
#6629=EDGE_CURVE('',#5513,#5515,#2537,.T.);
#6630=EDGE_CURVE('',#5515,#5516,#2538,.T.);
#6631=EDGE_CURVE('',#5517,#5516,#2539,.T.);
#6632=EDGE_CURVE('',#5518,#5517,#2540,.T.);
#6633=EDGE_CURVE('',#5514,#5518,#2541,.T.);
#6634=EDGE_CURVE('',#5518,#5506,#5063,.T.);
#6635=EDGE_CURVE('',#5515,#5503,#5064,.T.);
#6636=EDGE_CURVE('',#5516,#5508,#5065,.T.);
#6637=EDGE_CURVE('',#5507,#5517,#5066,.T.);
#6638=EDGE_CURVE('',#5519,#5519,#5067,.T.);
#6639=EDGE_CURVE('',#5519,#5520,#2542,.T.);
#6640=EDGE_CURVE('',#5520,#5520,#5068,.T.);
#6641=EDGE_CURVE('',#5521,#5522,#2543,.T.);
#6642=EDGE_CURVE('',#5522,#5523,#2544,.T.);
#6643=EDGE_CURVE('',#5523,#5524,#2545,.T.);
#6644=EDGE_CURVE('',#5524,#5521,#2546,.T.);
#6645=EDGE_CURVE('',#5525,#5523,#2547,.T.);
#6646=EDGE_CURVE('',#5522,#5526,#2548,.T.);
#6647=EDGE_CURVE('',#5525,#5526,#2549,.T.);
#6648=EDGE_CURVE('',#5527,#5521,#2550,.T.);
#6649=EDGE_CURVE('',#5524,#5528,#2551,.T.);
#6650=EDGE_CURVE('',#5528,#5527,#2552,.T.);
#6651=EDGE_CURVE('',#5526,#5527,#2553,.T.);
#6652=EDGE_CURVE('',#5528,#5525,#2554,.T.);
#6653=EDGE_CURVE('',#5524,#5529,#2555,.T.);
#6654=EDGE_CURVE('',#5530,#5529,#2556,.T.);
#6655=EDGE_CURVE('',#5528,#5530,#2557,.T.);
#6656=EDGE_CURVE('',#5523,#5531,#2558,.T.);
#6657=EDGE_CURVE('',#5529,#5531,#2559,.T.);
#6658=EDGE_CURVE('',#5532,#5530,#2560,.T.);
#6659=EDGE_CURVE('',#5525,#5532,#2561,.T.);
#6660=EDGE_CURVE('',#5531,#5532,#2562,.T.);
#6661=EDGE_CURVE('',#5533,#5534,#2563,.T.);
#6662=EDGE_CURVE('',#5534,#5535,#2564,.T.);
#6663=EDGE_CURVE('',#5536,#5535,#2565,.T.);
#6664=EDGE_CURVE('',#5533,#5536,#2566,.T.);
#6665=EDGE_CURVE('',#5537,#5533,#2567,.T.);
#6666=EDGE_CURVE('',#5538,#5536,#2568,.T.);
#6667=EDGE_CURVE('',#5537,#5538,#2569,.T.);
#6668=EDGE_CURVE('',#5539,#5537,#2570,.T.);
#6669=EDGE_CURVE('',#5540,#5538,#2571,.T.);
#6670=EDGE_CURVE('',#5539,#5540,#2572,.T.);
#6671=EDGE_CURVE('',#5534,#5539,#2573,.T.);
#6672=EDGE_CURVE('',#5535,#5540,#2574,.T.);
#6673=EDGE_CURVE('',#5541,#5542,#2575,.T.);
#6674=EDGE_CURVE('',#5541,#5543,#2576,.T.);
#6675=EDGE_CURVE('',#5544,#5543,#2577,.T.);
#6676=EDGE_CURVE('',#5542,#5544,#2578,.T.);
#6677=EDGE_CURVE('',#5545,#5542,#2579,.T.);
#6678=EDGE_CURVE('',#5546,#5544,#2580,.T.);
#6679=EDGE_CURVE('',#5545,#5546,#2581,.T.);
#6680=EDGE_CURVE('',#5547,#5545,#5069,.T.);
#6681=EDGE_CURVE('',#5548,#5546,#5070,.T.);
#6682=EDGE_CURVE('',#5547,#5548,#2582,.T.);
#6683=EDGE_CURVE('',#5549,#5547,#2583,.T.);
#6684=EDGE_CURVE('',#5550,#5548,#2584,.T.);
#6685=EDGE_CURVE('',#5549,#5550,#2585,.T.);
#6686=EDGE_CURVE('',#5551,#5549,#5071,.T.);
#6687=EDGE_CURVE('',#5552,#5550,#5072,.T.);
#6688=EDGE_CURVE('',#5551,#5552,#2586,.T.);
#6689=EDGE_CURVE('',#5541,#5551,#2587,.T.);
#6690=EDGE_CURVE('',#5543,#5552,#2588,.T.);
#6691=EDGE_CURVE('',#5553,#5554,#2589,.T.);
#6692=EDGE_CURVE('',#5554,#5555,#2590,.T.);
#6693=EDGE_CURVE('',#5555,#5556,#2591,.T.);
#6694=EDGE_CURVE('',#5553,#5556,#2592,.T.);
#6695=EDGE_CURVE('',#5557,#5554,#2593,.T.);
#6696=EDGE_CURVE('',#5557,#5558,#2594,.T.);
#6697=EDGE_CURVE('',#5558,#5555,#2595,.T.);
#6698=EDGE_CURVE('',#5559,#5557,#5073,.T.);
#6699=EDGE_CURVE('',#5559,#5560,#2596,.T.);
#6700=EDGE_CURVE('',#5560,#5558,#5074,.T.);
#6701=EDGE_CURVE('',#5561,#5559,#2597,.T.);
#6702=EDGE_CURVE('',#5561,#5562,#2598,.T.);
#6703=EDGE_CURVE('',#5562,#5560,#2599,.T.);
#6704=EDGE_CURVE('',#5563,#5561,#5075,.T.);
#6705=EDGE_CURVE('',#5563,#5564,#2600,.T.);
#6706=EDGE_CURVE('',#5564,#5562,#5076,.T.);
#6707=EDGE_CURVE('',#5553,#5563,#2601,.T.);
#6708=EDGE_CURVE('',#5556,#5564,#2602,.T.);
#6709=EDGE_CURVE('',#5565,#5566,#2603,.T.);
#6710=EDGE_CURVE('',#5565,#5567,#2604,.T.);
#6711=EDGE_CURVE('',#5568,#5567,#2605,.T.);
#6712=EDGE_CURVE('',#5566,#5568,#2606,.T.);
#6713=EDGE_CURVE('',#5569,#5566,#2607,.T.);
#6714=EDGE_CURVE('',#5570,#5568,#2608,.T.);
#6715=EDGE_CURVE('',#5569,#5570,#2609,.T.);
#6716=EDGE_CURVE('',#5571,#5569,#5077,.T.);
#6717=EDGE_CURVE('',#5572,#5570,#5078,.T.);
#6718=EDGE_CURVE('',#5571,#5572,#2610,.T.);
#6719=EDGE_CURVE('',#5573,#5571,#2611,.T.);
#6720=EDGE_CURVE('',#5574,#5572,#2612,.T.);
#6721=EDGE_CURVE('',#5573,#5574,#2613,.T.);
#6722=EDGE_CURVE('',#5575,#5573,#5079,.T.);
#6723=EDGE_CURVE('',#5576,#5574,#5080,.T.);
#6724=EDGE_CURVE('',#5575,#5576,#2614,.T.);
#6725=EDGE_CURVE('',#5565,#5575,#2615,.T.);
#6726=EDGE_CURVE('',#5567,#5576,#2616,.T.);
#6727=EDGE_CURVE('',#5577,#5578,#2617,.T.);
#6728=EDGE_CURVE('',#5577,#5579,#2618,.T.);
#6729=EDGE_CURVE('',#5580,#5579,#2619,.T.);
#6730=EDGE_CURVE('',#5578,#5580,#2620,.T.);
#6731=EDGE_CURVE('',#5581,#5578,#2621,.T.);
#6732=EDGE_CURVE('',#5582,#5580,#2622,.T.);
#6733=EDGE_CURVE('',#5581,#5582,#2623,.T.);
#6734=EDGE_CURVE('',#5583,#5581,#5081,.T.);
#6735=EDGE_CURVE('',#5584,#5582,#5082,.T.);
#6736=EDGE_CURVE('',#5583,#5584,#2624,.T.);
#6737=EDGE_CURVE('',#5585,#5583,#2625,.T.);
#6738=EDGE_CURVE('',#5586,#5584,#2626,.T.);
#6739=EDGE_CURVE('',#5585,#5586,#2627,.T.);
#6740=EDGE_CURVE('',#5587,#5585,#5083,.T.);
#6741=EDGE_CURVE('',#5588,#5586,#5084,.T.);
#6742=EDGE_CURVE('',#5587,#5588,#2628,.T.);
#6743=EDGE_CURVE('',#5577,#5587,#2629,.T.);
#6744=EDGE_CURVE('',#5579,#5588,#2630,.T.);
#6745=EDGE_CURVE('',#5589,#5590,#2631,.T.);
#6746=EDGE_CURVE('',#5589,#5591,#2632,.T.);
#6747=EDGE_CURVE('',#5592,#5591,#2633,.T.);
#6748=EDGE_CURVE('',#5590,#5592,#2634,.T.);
#6749=EDGE_CURVE('',#5593,#5590,#2635,.T.);
#6750=EDGE_CURVE('',#5594,#5592,#2636,.T.);
#6751=EDGE_CURVE('',#5593,#5594,#2637,.T.);
#6752=EDGE_CURVE('',#5595,#5593,#5085,.T.);
#6753=EDGE_CURVE('',#5596,#5594,#5086,.T.);
#6754=EDGE_CURVE('',#5595,#5596,#2638,.T.);
#6755=EDGE_CURVE('',#5597,#5595,#2639,.T.);
#6756=EDGE_CURVE('',#5598,#5596,#2640,.T.);
#6757=EDGE_CURVE('',#5597,#5598,#2641,.T.);
#6758=EDGE_CURVE('',#5599,#5597,#5087,.T.);
#6759=EDGE_CURVE('',#5600,#5598,#5088,.T.);
#6760=EDGE_CURVE('',#5599,#5600,#2642,.T.);
#6761=EDGE_CURVE('',#5589,#5599,#2643,.T.);
#6762=EDGE_CURVE('',#5591,#5600,#2644,.T.);
#6763=EDGE_CURVE('',#5601,#5602,#2645,.T.);
#6764=EDGE_CURVE('',#5602,#5603,#2646,.T.);
#6765=EDGE_CURVE('',#5603,#5604,#2647,.T.);
#6766=EDGE_CURVE('',#5601,#5604,#2648,.T.);
#6767=EDGE_CURVE('',#5605,#5602,#2649,.T.);
#6768=EDGE_CURVE('',#5605,#5606,#2650,.T.);
#6769=EDGE_CURVE('',#5606,#5603,#2651,.T.);
#6770=EDGE_CURVE('',#5607,#5605,#5089,.T.);
#6771=EDGE_CURVE('',#5607,#5608,#2652,.T.);
#6772=EDGE_CURVE('',#5608,#5606,#5090,.T.);
#6773=EDGE_CURVE('',#5609,#5607,#2653,.T.);
#6774=EDGE_CURVE('',#5609,#5610,#2654,.T.);
#6775=EDGE_CURVE('',#5610,#5608,#2655,.T.);
#6776=EDGE_CURVE('',#5611,#5609,#5091,.T.);
#6777=EDGE_CURVE('',#5611,#5612,#2656,.T.);
#6778=EDGE_CURVE('',#5612,#5610,#5092,.T.);
#6779=EDGE_CURVE('',#5601,#5611,#2657,.T.);
#6780=EDGE_CURVE('',#5604,#5612,#2658,.T.);
#6781=EDGE_CURVE('',#5613,#5614,#2659,.T.);
#6782=EDGE_CURVE('',#5614,#5615,#2660,.T.);
#6783=EDGE_CURVE('',#5615,#5616,#2661,.T.);
#6784=EDGE_CURVE('',#5613,#5616,#2662,.T.);
#6785=EDGE_CURVE('',#5617,#5614,#2663,.T.);
#6786=EDGE_CURVE('',#5617,#5618,#2664,.T.);
#6787=EDGE_CURVE('',#5618,#5615,#2665,.T.);
#6788=EDGE_CURVE('',#5619,#5617,#5093,.T.);
#6789=EDGE_CURVE('',#5619,#5620,#2666,.T.);
#6790=EDGE_CURVE('',#5620,#5618,#5094,.T.);
#6791=EDGE_CURVE('',#5621,#5619,#2667,.T.);
#6792=EDGE_CURVE('',#5621,#5622,#2668,.T.);
#6793=EDGE_CURVE('',#5622,#5620,#2669,.T.);
#6794=EDGE_CURVE('',#5623,#5621,#5095,.T.);
#6795=EDGE_CURVE('',#5623,#5624,#2670,.T.);
#6796=EDGE_CURVE('',#5624,#5622,#5096,.T.);
#6797=EDGE_CURVE('',#5613,#5623,#2671,.T.);
#6798=EDGE_CURVE('',#5616,#5624,#2672,.T.);
#6799=EDGE_CURVE('',#5625,#5626,#2673,.T.);
#6800=EDGE_CURVE('',#5626,#5627,#2674,.T.);
#6801=EDGE_CURVE('',#5627,#5628,#2675,.T.);
#6802=EDGE_CURVE('',#5625,#5628,#2676,.T.);
#6803=EDGE_CURVE('',#5629,#5626,#2677,.T.);
#6804=EDGE_CURVE('',#5629,#5630,#2678,.T.);
#6805=EDGE_CURVE('',#5630,#5627,#2679,.T.);
#6806=EDGE_CURVE('',#5631,#5629,#5097,.T.);
#6807=EDGE_CURVE('',#5631,#5632,#2680,.T.);
#6808=EDGE_CURVE('',#5632,#5630,#5098,.T.);
#6809=EDGE_CURVE('',#5633,#5631,#2681,.T.);
#6810=EDGE_CURVE('',#5633,#5634,#2682,.T.);
#6811=EDGE_CURVE('',#5634,#5632,#2683,.T.);
#6812=EDGE_CURVE('',#5635,#5633,#5099,.T.);
#6813=EDGE_CURVE('',#5635,#5636,#2684,.T.);
#6814=EDGE_CURVE('',#5636,#5634,#5100,.T.);
#6815=EDGE_CURVE('',#5625,#5635,#2685,.T.);
#6816=EDGE_CURVE('',#5628,#5636,#2686,.T.);
#6817=EDGE_CURVE('',#5637,#5638,#2687,.T.);
#6818=EDGE_CURVE('',#5637,#5639,#2688,.T.);
#6819=EDGE_CURVE('',#5639,#5640,#2689,.T.);
#6820=EDGE_CURVE('',#5638,#5640,#2690,.T.);
#6821=EDGE_CURVE('',#5641,#5637,#2691,.T.);
#6822=EDGE_CURVE('',#5641,#5642,#2692,.T.);
#6823=EDGE_CURVE('',#5642,#5639,#2693,.T.);
#6824=EDGE_CURVE('',#5643,#5641,#2694,.T.);
#6825=EDGE_CURVE('',#5643,#5644,#2695,.T.);
#6826=EDGE_CURVE('',#5644,#5642,#2696,.T.);
#6827=EDGE_CURVE('',#5638,#5643,#2697,.T.);
#6828=EDGE_CURVE('',#5640,#5644,#2698,.T.);
#6829=EDGE_CURVE('',#5645,#5646,#2699,.T.);
#6830=EDGE_CURVE('',#5646,#5647,#2700,.T.);
#6831=EDGE_CURVE('',#5648,#5647,#2701,.T.);
#6832=EDGE_CURVE('',#5645,#5648,#2702,.T.);
#6833=EDGE_CURVE('',#5649,#5645,#2703,.T.);
#6834=EDGE_CURVE('',#5650,#5648,#2704,.T.);
#6835=EDGE_CURVE('',#5649,#5650,#2705,.T.);
#6836=EDGE_CURVE('',#5651,#5649,#2706,.T.);
#6837=EDGE_CURVE('',#5652,#5650,#2707,.T.);
#6838=EDGE_CURVE('',#5651,#5652,#2708,.T.);
#6839=EDGE_CURVE('',#5646,#5651,#2709,.T.);
#6840=EDGE_CURVE('',#5647,#5652,#2710,.T.);
#6841=EDGE_CURVE('',#5653,#5654,#2711,.T.);
#6842=EDGE_CURVE('',#5654,#5655,#2712,.T.);
#6843=EDGE_CURVE('',#5656,#5655,#2713,.T.);
#6844=EDGE_CURVE('',#5653,#5656,#2714,.T.);
#6845=EDGE_CURVE('',#5657,#5653,#2715,.T.);
#6846=EDGE_CURVE('',#5658,#5656,#2716,.T.);
#6847=EDGE_CURVE('',#5657,#5658,#2717,.T.);
#6848=EDGE_CURVE('',#5659,#5657,#2718,.T.);
#6849=EDGE_CURVE('',#5660,#5658,#2719,.T.);
#6850=EDGE_CURVE('',#5659,#5660,#2720,.T.);
#6851=EDGE_CURVE('',#5654,#5659,#2721,.T.);
#6852=EDGE_CURVE('',#5655,#5660,#2722,.T.);
#6853=EDGE_CURVE('',#5661,#5662,#2723,.T.);
#6854=EDGE_CURVE('',#5662,#5663,#2724,.T.);
#6855=EDGE_CURVE('',#5664,#5663,#2725,.T.);
#6856=EDGE_CURVE('',#5661,#5664,#2726,.T.);
#6857=EDGE_CURVE('',#5665,#5661,#2727,.T.);
#6858=EDGE_CURVE('',#5666,#5664,#2728,.T.);
#6859=EDGE_CURVE('',#5665,#5666,#2729,.T.);
#6860=EDGE_CURVE('',#5667,#5665,#2730,.T.);
#6861=EDGE_CURVE('',#5668,#5666,#2731,.T.);
#6862=EDGE_CURVE('',#5667,#5668,#2732,.T.);
#6863=EDGE_CURVE('',#5662,#5667,#2733,.T.);
#6864=EDGE_CURVE('',#5663,#5668,#2734,.T.);
#6865=EDGE_CURVE('',#5669,#5670,#2735,.T.);
#6866=EDGE_CURVE('',#5669,#5671,#2736,.T.);
#6867=EDGE_CURVE('',#5671,#5672,#2737,.T.);
#6868=EDGE_CURVE('',#5670,#5672,#2738,.T.);
#6869=EDGE_CURVE('',#5673,#5669,#2739,.T.);
#6870=EDGE_CURVE('',#5673,#5674,#2740,.T.);
#6871=EDGE_CURVE('',#5674,#5671,#2741,.T.);
#6872=EDGE_CURVE('',#5675,#5673,#2742,.T.);
#6873=EDGE_CURVE('',#5675,#5676,#2743,.T.);
#6874=EDGE_CURVE('',#5676,#5674,#2744,.T.);
#6875=EDGE_CURVE('',#5670,#5675,#2745,.T.);
#6876=EDGE_CURVE('',#5672,#5676,#2746,.T.);
#6877=EDGE_CURVE('',#5677,#5678,#2747,.T.);
#6878=EDGE_CURVE('',#5677,#5679,#2748,.T.);
#6879=EDGE_CURVE('',#5679,#5680,#2749,.T.);
#6880=EDGE_CURVE('',#5678,#5680,#2750,.T.);
#6881=EDGE_CURVE('',#5681,#5677,#2751,.T.);
#6882=EDGE_CURVE('',#5681,#5682,#2752,.T.);
#6883=EDGE_CURVE('',#5682,#5679,#2753,.T.);
#6884=EDGE_CURVE('',#5683,#5681,#2754,.T.);
#6885=EDGE_CURVE('',#5683,#5684,#2755,.T.);
#6886=EDGE_CURVE('',#5684,#5682,#2756,.T.);
#6887=EDGE_CURVE('',#5678,#5683,#2757,.T.);
#6888=EDGE_CURVE('',#5680,#5684,#2758,.T.);
#6889=EDGE_CURVE('',#5685,#5686,#2759,.T.);
#6890=EDGE_CURVE('',#5685,#5687,#2760,.T.);
#6891=EDGE_CURVE('',#5687,#5688,#2761,.T.);
#6892=EDGE_CURVE('',#5686,#5688,#2762,.T.);
#6893=EDGE_CURVE('',#5689,#5685,#2763,.T.);
#6894=EDGE_CURVE('',#5689,#5690,#2764,.T.);
#6895=EDGE_CURVE('',#5690,#5687,#2765,.T.);
#6896=EDGE_CURVE('',#5691,#5689,#2766,.T.);
#6897=EDGE_CURVE('',#5691,#5692,#2767,.T.);
#6898=EDGE_CURVE('',#5692,#5690,#2768,.T.);
#6899=EDGE_CURVE('',#5686,#5691,#2769,.T.);
#6900=EDGE_CURVE('',#5688,#5692,#2770,.T.);
#6901=EDGE_CURVE('',#5693,#5694,#2771,.T.);
#6902=EDGE_CURVE('',#5694,#5695,#2772,.T.);
#6903=EDGE_CURVE('',#5696,#5695,#2773,.T.);
#6904=EDGE_CURVE('',#5693,#5696,#2774,.T.);
#6905=EDGE_CURVE('',#5697,#5693,#2775,.T.);
#6906=EDGE_CURVE('',#5698,#5696,#2776,.T.);
#6907=EDGE_CURVE('',#5697,#5698,#2777,.T.);
#6908=EDGE_CURVE('',#5699,#5697,#2778,.T.);
#6909=EDGE_CURVE('',#5700,#5698,#2779,.T.);
#6910=EDGE_CURVE('',#5699,#5700,#2780,.T.);
#6911=EDGE_CURVE('',#5694,#5699,#2781,.T.);
#6912=EDGE_CURVE('',#5695,#5700,#2782,.T.);
#6913=EDGE_CURVE('',#5701,#5702,#5101,.F.);
#6914=EDGE_CURVE('',#5703,#5701,#5102,.F.);
#6915=EDGE_CURVE('',#5702,#5703,#5103,.F.);
#6916=EDGE_CURVE('',#5704,#5705,#5104,.F.);
#6917=EDGE_CURVE('',#5706,#5704,#5105,.F.);
#6918=EDGE_CURVE('',#5705,#5706,#5106,.F.);
#6919=EDGE_CURVE('',#5707,#5708,#5107,.F.);
#6920=EDGE_CURVE('',#5709,#5707,#5108,.F.);
#6921=EDGE_CURVE('',#5708,#5709,#5109,.F.);
#6922=EDGE_CURVE('',#5710,#5711,#5110,.F.);
#6923=EDGE_CURVE('',#5712,#5710,#5111,.F.);
#6924=EDGE_CURVE('',#5711,#5712,#5112,.F.);
#6925=EDGE_CURVE('',#5713,#5714,#5113,.F.);
#6926=EDGE_CURVE('',#5715,#5713,#5114,.F.);
#6927=EDGE_CURVE('',#5714,#5715,#5115,.F.);
#6928=EDGE_CURVE('',#5713,#5708,#2783,.T.);
#6929=EDGE_CURVE('',#5709,#5715,#2784,.T.);
#6930=EDGE_CURVE('',#5716,#5717,#5116,.F.);
#6931=EDGE_CURVE('',#5718,#5716,#5117,.F.);
#6932=EDGE_CURVE('',#5717,#5718,#5118,.F.);
#6933=EDGE_CURVE('',#5719,#5720,#5119,.F.);
#6934=EDGE_CURVE('',#5721,#5719,#5120,.F.);
#6935=EDGE_CURVE('',#5720,#5721,#5121,.F.);
#6936=EDGE_CURVE('',#5707,#5721,#2785,.T.);
#6937=EDGE_CURVE('',#5719,#5709,#2786,.T.);
#6938=EDGE_CURVE('',#5710,#5720,#2787,.T.);
#6939=EDGE_CURVE('',#5721,#5712,#2788,.T.);
#6940=EDGE_CURVE('',#5722,#5723,#5122,.F.);
#6941=EDGE_CURVE('',#5724,#5722,#5123,.F.);
#6942=EDGE_CURVE('',#5723,#5724,#5124,.F.);
#6943=EDGE_CURVE('',#5715,#5724,#2789,.T.);
#6944=EDGE_CURVE('',#5722,#5714,#2790,.T.);
#6945=EDGE_CURVE('',#5720,#5723,#2791,.T.);
#6946=EDGE_CURVE('',#5724,#5719,#2792,.T.);
#6947=EDGE_CURVE('',#5716,#5722,#2793,.T.);
#6948=EDGE_CURVE('',#5723,#5718,#2794,.T.);
#6949=EDGE_CURVE('',#5711,#5717,#2795,.T.);
#6950=EDGE_CURVE('',#5718,#5710,#2796,.T.);
#6951=EDGE_CURVE('',#5717,#5705,#2797,.T.);
#6952=EDGE_CURVE('',#5706,#5716,#2798,.T.);
#6953=EDGE_CURVE('',#5704,#5713,#2799,.T.);
#6954=EDGE_CURVE('',#5714,#5706,#2800,.T.);
#6955=EDGE_CURVE('',#5702,#5711,#2801,.T.);
#6956=EDGE_CURVE('',#5712,#5701,#2802,.T.);
#6957=EDGE_CURVE('',#5701,#5707,#2803,.T.);
#6958=EDGE_CURVE('',#5708,#5703,#2804,.T.);
#6959=EDGE_CURVE('',#5705,#5702,#2805,.T.);
#6960=EDGE_CURVE('',#5703,#5704,#2806,.T.);
#6961=EDGE_CURVE('',#5725,#5726,#5125,.F.);
#6962=EDGE_CURVE('',#5727,#5725,#5126,.F.);
#6963=EDGE_CURVE('',#5726,#5727,#5127,.F.);
#6964=EDGE_CURVE('',#5728,#5729,#5128,.F.);
#6965=EDGE_CURVE('',#5730,#5728,#5129,.F.);
#6966=EDGE_CURVE('',#5729,#5730,#5130,.F.);
#6967=EDGE_CURVE('',#5731,#5732,#5131,.F.);
#6968=EDGE_CURVE('',#5733,#5731,#5132,.F.);
#6969=EDGE_CURVE('',#5732,#5733,#5133,.F.);
#6970=EDGE_CURVE('',#5734,#5735,#5134,.F.);
#6971=EDGE_CURVE('',#5736,#5734,#5135,.F.);
#6972=EDGE_CURVE('',#5735,#5736,#5136,.F.);
#6973=EDGE_CURVE('',#5737,#5738,#5137,.F.);
#6974=EDGE_CURVE('',#5739,#5737,#5138,.F.);
#6975=EDGE_CURVE('',#5738,#5739,#5139,.F.);
#6976=EDGE_CURVE('',#5737,#5732,#2807,.T.);
#6977=EDGE_CURVE('',#5733,#5739,#2808,.T.);
#6978=EDGE_CURVE('',#5740,#5741,#5140,.F.);
#6979=EDGE_CURVE('',#5742,#5740,#5141,.F.);
#6980=EDGE_CURVE('',#5741,#5742,#5142,.F.);
#6981=EDGE_CURVE('',#5743,#5744,#5143,.F.);
#6982=EDGE_CURVE('',#5745,#5743,#5144,.F.);
#6983=EDGE_CURVE('',#5744,#5745,#5145,.F.);
#6984=EDGE_CURVE('',#5731,#5745,#2809,.T.);
#6985=EDGE_CURVE('',#5743,#5733,#2810,.T.);
#6986=EDGE_CURVE('',#5734,#5744,#2811,.T.);
#6987=EDGE_CURVE('',#5745,#5736,#2812,.T.);
#6988=EDGE_CURVE('',#5746,#5747,#5146,.F.);
#6989=EDGE_CURVE('',#5748,#5746,#5147,.F.);
#6990=EDGE_CURVE('',#5747,#5748,#5148,.F.);
#6991=EDGE_CURVE('',#5746,#5738,#2813,.T.);
#6992=EDGE_CURVE('',#5739,#5748,#2814,.T.);
#6993=EDGE_CURVE('',#5744,#5747,#2815,.T.);
#6994=EDGE_CURVE('',#5748,#5743,#2816,.T.);
#6995=EDGE_CURVE('',#5740,#5746,#2817,.T.);
#6996=EDGE_CURVE('',#5747,#5742,#2818,.T.);
#6997=EDGE_CURVE('',#5735,#5741,#2819,.T.);
#6998=EDGE_CURVE('',#5742,#5734,#2820,.T.);
#6999=EDGE_CURVE('',#5741,#5729,#2821,.T.);
#7000=EDGE_CURVE('',#5730,#5740,#2822,.T.);
#7001=EDGE_CURVE('',#5728,#5737,#2823,.T.);
#7002=EDGE_CURVE('',#5738,#5730,#2824,.T.);
#7003=EDGE_CURVE('',#5726,#5735,#2825,.T.);
#7004=EDGE_CURVE('',#5736,#5725,#2826,.T.);
#7005=EDGE_CURVE('',#5725,#5731,#2827,.T.);
#7006=EDGE_CURVE('',#5732,#5727,#2828,.T.);
#7007=EDGE_CURVE('',#5729,#5726,#2829,.T.);
#7008=EDGE_CURVE('',#5727,#5728,#2830,.T.);
#7009=EDGE_CURVE('',#5749,#5750,#2831,.T.);
#7010=EDGE_CURVE('',#5749,#5751,#2832,.T.);
#7011=EDGE_CURVE('',#5752,#5751,#2833,.T.);
#7012=EDGE_CURVE('',#5750,#5752,#2834,.T.);
#7013=EDGE_CURVE('',#5753,#5750,#2835,.T.);
#7014=EDGE_CURVE('',#5754,#5752,#2836,.T.);
#7015=EDGE_CURVE('',#5753,#5754,#2837,.T.);
#7016=EDGE_CURVE('',#5755,#5753,#2838,.T.);
#7017=EDGE_CURVE('',#5756,#5754,#2839,.T.);
#7018=EDGE_CURVE('',#5755,#5756,#2840,.T.);
#7019=EDGE_CURVE('',#5749,#5755,#2841,.T.);
#7020=EDGE_CURVE('',#5751,#5756,#2842,.T.);
#7021=EDGE_CURVE('',#5757,#5758,#2843,.T.);
#7022=EDGE_CURVE('',#5759,#5757,#2844,.T.);
#7023=EDGE_CURVE('',#5759,#5760,#2845,.T.);
#7024=EDGE_CURVE('',#5760,#5758,#2846,.T.);
#7025=EDGE_CURVE('',#5758,#5761,#2847,.T.);
#7026=EDGE_CURVE('',#5760,#5762,#2848,.T.);
#7027=EDGE_CURVE('',#5762,#5761,#2849,.T.);
#7028=EDGE_CURVE('',#5761,#5763,#2850,.T.);
#7029=EDGE_CURVE('',#5762,#5764,#2851,.T.);
#7030=EDGE_CURVE('',#5764,#5763,#2852,.T.);
#7031=EDGE_CURVE('',#5763,#5765,#2853,.T.);
#7032=EDGE_CURVE('',#5764,#5766,#2854,.T.);
#7033=EDGE_CURVE('',#5766,#5765,#2855,.T.);
#7034=EDGE_CURVE('',#5765,#5767,#2856,.T.);
#7035=EDGE_CURVE('',#5766,#5768,#2857,.T.);
#7036=EDGE_CURVE('',#5768,#5767,#2858,.T.);
#7037=EDGE_CURVE('',#5767,#5769,#5149,.T.);
#7038=EDGE_CURVE('',#5768,#5770,#5150,.T.);
#7039=EDGE_CURVE('',#5770,#5769,#2859,.T.);
#7040=EDGE_CURVE('',#5769,#5771,#2860,.T.);
#7041=EDGE_CURVE('',#5770,#5772,#2861,.T.);
#7042=EDGE_CURVE('',#5772,#5771,#2862,.T.);
#7043=EDGE_CURVE('',#5771,#5773,#5151,.T.);
#7044=EDGE_CURVE('',#5772,#5774,#5152,.T.);
#7045=EDGE_CURVE('',#5774,#5773,#2863,.T.);
#7046=EDGE_CURVE('',#5773,#5775,#5153,.T.);
#7047=EDGE_CURVE('',#5774,#5776,#5154,.T.);
#7048=EDGE_CURVE('',#5776,#5775,#2864,.T.);
#7049=EDGE_CURVE('',#5775,#5777,#2865,.T.);
#7050=EDGE_CURVE('',#5776,#5778,#2866,.T.);
#7051=EDGE_CURVE('',#5778,#5777,#2867,.T.);
#7052=EDGE_CURVE('',#5777,#5779,#5155,.T.);
#7053=EDGE_CURVE('',#5778,#5780,#5156,.T.);
#7054=EDGE_CURVE('',#5780,#5779,#2868,.T.);
#7055=EDGE_CURVE('',#5779,#5781,#5157,.T.);
#7056=EDGE_CURVE('',#5780,#5782,#5158,.T.);
#7057=EDGE_CURVE('',#5782,#5781,#2869,.T.);
#7058=EDGE_CURVE('',#5781,#5783,#2870,.T.);
#7059=EDGE_CURVE('',#5782,#5784,#2871,.T.);
#7060=EDGE_CURVE('',#5784,#5783,#2872,.T.);
#7061=EDGE_CURVE('',#5783,#5785,#5159,.T.);
#7062=EDGE_CURVE('',#5784,#5786,#5160,.T.);
#7063=EDGE_CURVE('',#5786,#5785,#2873,.T.);
#7064=EDGE_CURVE('',#5785,#5787,#2874,.T.);
#7065=EDGE_CURVE('',#5786,#5788,#2875,.T.);
#7066=EDGE_CURVE('',#5788,#5787,#2876,.T.);
#7067=EDGE_CURVE('',#5787,#5789,#2877,.T.);
#7068=EDGE_CURVE('',#5788,#5790,#2878,.T.);
#7069=EDGE_CURVE('',#5790,#5789,#2879,.T.);
#7070=EDGE_CURVE('',#5789,#5791,#2880,.T.);
#7071=EDGE_CURVE('',#5790,#5792,#2881,.T.);
#7072=EDGE_CURVE('',#5792,#5791,#2882,.T.);
#7073=EDGE_CURVE('',#5791,#5793,#5161,.T.);
#7074=EDGE_CURVE('',#5792,#5794,#5162,.T.);
#7075=EDGE_CURVE('',#5794,#5793,#2883,.T.);
#7076=EDGE_CURVE('',#5793,#5795,#2884,.T.);
#7077=EDGE_CURVE('',#5794,#5796,#2885,.T.);
#7078=EDGE_CURVE('',#5796,#5795,#2886,.T.);
#7079=EDGE_CURVE('',#5795,#5797,#5163,.T.);
#7080=EDGE_CURVE('',#5796,#5798,#5164,.T.);
#7081=EDGE_CURVE('',#5798,#5797,#2887,.T.);
#7082=EDGE_CURVE('',#5797,#5799,#2888,.T.);
#7083=EDGE_CURVE('',#5798,#5800,#2889,.T.);
#7084=EDGE_CURVE('',#5800,#5799,#2890,.T.);
#7085=EDGE_CURVE('',#5799,#5801,#2891,.T.);
#7086=EDGE_CURVE('',#5800,#5802,#2892,.T.);
#7087=EDGE_CURVE('',#5802,#5801,#2893,.T.);
#7088=EDGE_CURVE('',#5801,#5757,#2894,.T.);
#7089=EDGE_CURVE('',#5802,#5759,#2895,.T.);
#7090=EDGE_CURVE('',#5803,#5804,#2896,.T.);
#7091=EDGE_CURVE('',#5805,#5804,#2897,.T.);
#7092=EDGE_CURVE('',#5806,#5805,#2898,.T.);
#7093=EDGE_CURVE('',#5806,#5803,#2899,.T.);
#7094=EDGE_CURVE('',#5804,#5807,#2900,.T.);
#7095=EDGE_CURVE('',#5808,#5807,#2901,.T.);
#7096=EDGE_CURVE('',#5805,#5808,#2902,.T.);
#7097=EDGE_CURVE('',#5807,#5809,#2903,.T.);
#7098=EDGE_CURVE('',#5810,#5809,#2904,.T.);
#7099=EDGE_CURVE('',#5808,#5810,#2905,.T.);
#7100=EDGE_CURVE('',#5809,#5811,#2906,.T.);
#7101=EDGE_CURVE('',#5812,#5811,#2907,.T.);
#7102=EDGE_CURVE('',#5810,#5812,#2908,.T.);
#7103=EDGE_CURVE('',#5811,#5813,#2909,.T.);
#7104=EDGE_CURVE('',#5814,#5813,#2910,.T.);
#7105=EDGE_CURVE('',#5812,#5814,#2911,.T.);
#7106=EDGE_CURVE('',#5813,#5815,#5165,.T.);
#7107=EDGE_CURVE('',#5816,#5815,#2912,.T.);
#7108=EDGE_CURVE('',#5814,#5816,#5166,.T.);
#7109=EDGE_CURVE('',#5815,#5817,#2913,.T.);
#7110=EDGE_CURVE('',#5818,#5817,#2914,.T.);
#7111=EDGE_CURVE('',#5816,#5818,#2915,.T.);
#7112=EDGE_CURVE('',#5817,#5819,#5167,.T.);
#7113=EDGE_CURVE('',#5820,#5819,#2916,.T.);
#7114=EDGE_CURVE('',#5818,#5820,#5168,.T.);
#7115=EDGE_CURVE('',#5819,#5821,#2917,.T.);
#7116=EDGE_CURVE('',#5822,#5821,#2918,.T.);
#7117=EDGE_CURVE('',#5820,#5822,#2919,.T.);
#7118=EDGE_CURVE('',#5821,#5823,#5169,.T.);
#7119=EDGE_CURVE('',#5824,#5823,#2920,.T.);
#7120=EDGE_CURVE('',#5822,#5824,#5170,.T.);
#7121=EDGE_CURVE('',#5823,#5825,#2921,.T.);
#7122=EDGE_CURVE('',#5826,#5825,#2922,.T.);
#7123=EDGE_CURVE('',#5824,#5826,#2923,.T.);
#7124=EDGE_CURVE('',#5825,#5827,#2924,.T.);
#7125=EDGE_CURVE('',#5828,#5827,#2925,.T.);
#7126=EDGE_CURVE('',#5826,#5828,#2926,.T.);
#7127=EDGE_CURVE('',#5827,#5829,#5171,.T.);
#7128=EDGE_CURVE('',#5830,#5829,#2927,.T.);
#7129=EDGE_CURVE('',#5828,#5830,#5172,.T.);
#7130=EDGE_CURVE('',#5829,#5831,#2928,.T.);
#7131=EDGE_CURVE('',#5832,#5831,#2929,.T.);
#7132=EDGE_CURVE('',#5830,#5832,#2930,.T.);
#7133=EDGE_CURVE('',#5831,#5833,#5173,.T.);
#7134=EDGE_CURVE('',#5834,#5833,#2931,.T.);
#7135=EDGE_CURVE('',#5832,#5834,#5174,.T.);
#7136=EDGE_CURVE('',#5833,#5835,#2932,.T.);
#7137=EDGE_CURVE('',#5836,#5835,#2933,.T.);
#7138=EDGE_CURVE('',#5834,#5836,#2934,.T.);
#7139=EDGE_CURVE('',#5835,#5837,#5175,.T.);
#7140=EDGE_CURVE('',#5838,#5837,#2935,.T.);
#7141=EDGE_CURVE('',#5836,#5838,#5176,.T.);
#7142=EDGE_CURVE('',#5837,#5803,#2936,.T.);
#7143=EDGE_CURVE('',#5838,#5806,#2937,.T.);
#7144=EDGE_CURVE('',#5839,#5840,#2938,.T.);
#7145=EDGE_CURVE('',#5841,#5840,#2939,.T.);
#7146=EDGE_CURVE('',#5842,#5841,#2940,.T.);
#7147=EDGE_CURVE('',#5842,#5839,#2941,.T.);
#7148=EDGE_CURVE('',#5840,#5843,#2942,.T.);
#7149=EDGE_CURVE('',#5844,#5843,#2943,.T.);
#7150=EDGE_CURVE('',#5841,#5844,#2944,.T.);
#7151=EDGE_CURVE('',#5843,#5845,#2945,.T.);
#7152=EDGE_CURVE('',#5846,#5845,#2946,.T.);
#7153=EDGE_CURVE('',#5844,#5846,#2947,.T.);
#7154=EDGE_CURVE('',#5845,#5847,#2948,.T.);
#7155=EDGE_CURVE('',#5848,#5847,#2949,.T.);
#7156=EDGE_CURVE('',#5846,#5848,#2950,.T.);
#7157=EDGE_CURVE('',#5847,#5849,#2951,.T.);
#7158=EDGE_CURVE('',#5850,#5849,#2952,.T.);
#7159=EDGE_CURVE('',#5848,#5850,#2953,.T.);
#7160=EDGE_CURVE('',#5849,#5851,#5177,.T.);
#7161=EDGE_CURVE('',#5852,#5851,#2954,.T.);
#7162=EDGE_CURVE('',#5850,#5852,#5178,.T.);
#7163=EDGE_CURVE('',#5851,#5853,#2955,.T.);
#7164=EDGE_CURVE('',#5854,#5853,#2956,.T.);
#7165=EDGE_CURVE('',#5852,#5854,#2957,.T.);
#7166=EDGE_CURVE('',#5853,#5855,#5179,.T.);
#7167=EDGE_CURVE('',#5856,#5855,#2958,.T.);
#7168=EDGE_CURVE('',#5854,#5856,#5180,.T.);
#7169=EDGE_CURVE('',#5855,#5857,#2959,.T.);
#7170=EDGE_CURVE('',#5858,#5857,#2960,.T.);
#7171=EDGE_CURVE('',#5856,#5858,#2961,.T.);
#7172=EDGE_CURVE('',#5857,#5859,#5181,.T.);
#7173=EDGE_CURVE('',#5860,#5859,#2962,.T.);
#7174=EDGE_CURVE('',#5858,#5860,#5182,.T.);
#7175=EDGE_CURVE('',#5859,#5861,#2963,.T.);
#7176=EDGE_CURVE('',#5862,#5861,#2964,.T.);
#7177=EDGE_CURVE('',#5860,#5862,#2965,.T.);
#7178=EDGE_CURVE('',#5861,#5863,#2966,.T.);
#7179=EDGE_CURVE('',#5864,#5863,#2967,.T.);
#7180=EDGE_CURVE('',#5862,#5864,#2968,.T.);
#7181=EDGE_CURVE('',#5863,#5865,#5183,.T.);
#7182=EDGE_CURVE('',#5866,#5865,#2969,.T.);
#7183=EDGE_CURVE('',#5864,#5866,#5184,.T.);
#7184=EDGE_CURVE('',#5865,#5867,#2970,.T.);
#7185=EDGE_CURVE('',#5868,#5867,#2971,.T.);
#7186=EDGE_CURVE('',#5866,#5868,#2972,.T.);
#7187=EDGE_CURVE('',#5867,#5869,#5185,.T.);
#7188=EDGE_CURVE('',#5870,#5869,#2973,.T.);
#7189=EDGE_CURVE('',#5868,#5870,#5186,.T.);
#7190=EDGE_CURVE('',#5869,#5871,#2974,.T.);
#7191=EDGE_CURVE('',#5872,#5871,#2975,.T.);
#7192=EDGE_CURVE('',#5870,#5872,#2976,.T.);
#7193=EDGE_CURVE('',#5871,#5873,#5187,.T.);
#7194=EDGE_CURVE('',#5874,#5873,#2977,.T.);
#7195=EDGE_CURVE('',#5872,#5874,#5188,.T.);
#7196=EDGE_CURVE('',#5873,#5839,#2978,.T.);
#7197=EDGE_CURVE('',#5874,#5842,#2979,.T.);
#7198=EDGE_CURVE('',#5875,#5876,#2980,.T.);
#7199=EDGE_CURVE('',#5877,#5876,#2981,.T.);
#7200=EDGE_CURVE('',#5878,#5877,#2982,.T.);
#7201=EDGE_CURVE('',#5878,#5875,#2983,.T.);
#7202=EDGE_CURVE('',#5876,#5879,#2984,.T.);
#7203=EDGE_CURVE('',#5880,#5879,#2985,.T.);
#7204=EDGE_CURVE('',#5877,#5880,#2986,.T.);
#7205=EDGE_CURVE('',#5879,#5881,#2987,.T.);
#7206=EDGE_CURVE('',#5882,#5881,#2988,.T.);
#7207=EDGE_CURVE('',#5880,#5882,#2989,.T.);
#7208=EDGE_CURVE('',#5881,#5883,#2990,.T.);
#7209=EDGE_CURVE('',#5884,#5883,#2991,.T.);
#7210=EDGE_CURVE('',#5882,#5884,#2992,.T.);
#7211=EDGE_CURVE('',#5883,#5885,#2993,.T.);
#7212=EDGE_CURVE('',#5886,#5885,#2994,.T.);
#7213=EDGE_CURVE('',#5884,#5886,#2995,.T.);
#7214=EDGE_CURVE('',#5885,#5887,#5189,.T.);
#7215=EDGE_CURVE('',#5888,#5887,#2996,.T.);
#7216=EDGE_CURVE('',#5886,#5888,#5190,.T.);
#7217=EDGE_CURVE('',#5887,#5889,#2997,.T.);
#7218=EDGE_CURVE('',#5890,#5889,#2998,.T.);
#7219=EDGE_CURVE('',#5888,#5890,#2999,.T.);
#7220=EDGE_CURVE('',#5889,#5891,#5191,.T.);
#7221=EDGE_CURVE('',#5892,#5891,#3000,.T.);
#7222=EDGE_CURVE('',#5890,#5892,#5192,.T.);
#7223=EDGE_CURVE('',#5891,#5893,#3001,.T.);
#7224=EDGE_CURVE('',#5894,#5893,#3002,.T.);
#7225=EDGE_CURVE('',#5892,#5894,#3003,.T.);
#7226=EDGE_CURVE('',#5893,#5895,#5193,.T.);
#7227=EDGE_CURVE('',#5896,#5895,#3004,.T.);
#7228=EDGE_CURVE('',#5894,#5896,#5194,.T.);
#7229=EDGE_CURVE('',#5895,#5897,#3005,.T.);
#7230=EDGE_CURVE('',#5898,#5897,#3006,.T.);
#7231=EDGE_CURVE('',#5896,#5898,#3007,.T.);
#7232=EDGE_CURVE('',#5897,#5899,#3008,.T.);
#7233=EDGE_CURVE('',#5900,#5899,#3009,.T.);
#7234=EDGE_CURVE('',#5898,#5900,#3010,.T.);
#7235=EDGE_CURVE('',#5899,#5901,#5195,.T.);
#7236=EDGE_CURVE('',#5902,#5901,#3011,.T.);
#7237=EDGE_CURVE('',#5900,#5902,#5196,.T.);
#7238=EDGE_CURVE('',#5901,#5903,#3012,.T.);
#7239=EDGE_CURVE('',#5904,#5903,#3013,.T.);
#7240=EDGE_CURVE('',#5902,#5904,#3014,.T.);
#7241=EDGE_CURVE('',#5903,#5905,#5197,.T.);
#7242=EDGE_CURVE('',#5906,#5905,#3015,.T.);
#7243=EDGE_CURVE('',#5904,#5906,#5198,.T.);
#7244=EDGE_CURVE('',#5905,#5907,#3016,.T.);
#7245=EDGE_CURVE('',#5908,#5907,#3017,.T.);
#7246=EDGE_CURVE('',#5906,#5908,#3018,.T.);
#7247=EDGE_CURVE('',#5907,#5909,#5199,.T.);
#7248=EDGE_CURVE('',#5910,#5909,#3019,.T.);
#7249=EDGE_CURVE('',#5908,#5910,#5200,.T.);
#7250=EDGE_CURVE('',#5909,#5875,#3020,.T.);
#7251=EDGE_CURVE('',#5910,#5878,#3021,.T.);
#7252=EDGE_CURVE('',#5911,#5912,#3022,.T.);
#7253=EDGE_CURVE('',#5913,#5912,#3023,.T.);
#7254=EDGE_CURVE('',#5914,#5913,#3024,.T.);
#7255=EDGE_CURVE('',#5914,#5911,#3025,.T.);
#7256=EDGE_CURVE('',#5912,#5915,#3026,.T.);
#7257=EDGE_CURVE('',#5916,#5915,#3027,.T.);
#7258=EDGE_CURVE('',#5913,#5916,#3028,.T.);
#7259=EDGE_CURVE('',#5915,#5917,#3029,.T.);
#7260=EDGE_CURVE('',#5918,#5917,#3030,.T.);
#7261=EDGE_CURVE('',#5916,#5918,#3031,.T.);
#7262=EDGE_CURVE('',#5917,#5919,#3032,.T.);
#7263=EDGE_CURVE('',#5920,#5919,#3033,.T.);
#7264=EDGE_CURVE('',#5918,#5920,#3034,.T.);
#7265=EDGE_CURVE('',#5919,#5921,#3035,.T.);
#7266=EDGE_CURVE('',#5922,#5921,#3036,.T.);
#7267=EDGE_CURVE('',#5920,#5922,#3037,.T.);
#7268=EDGE_CURVE('',#5921,#5923,#5201,.T.);
#7269=EDGE_CURVE('',#5924,#5923,#3038,.T.);
#7270=EDGE_CURVE('',#5922,#5924,#5202,.T.);
#7271=EDGE_CURVE('',#5923,#5925,#3039,.T.);
#7272=EDGE_CURVE('',#5926,#5925,#3040,.T.);
#7273=EDGE_CURVE('',#5924,#5926,#3041,.T.);
#7274=EDGE_CURVE('',#5925,#5927,#5203,.T.);
#7275=EDGE_CURVE('',#5928,#5927,#3042,.T.);
#7276=EDGE_CURVE('',#5926,#5928,#5204,.T.);
#7277=EDGE_CURVE('',#5927,#5929,#5205,.T.);
#7278=EDGE_CURVE('',#5930,#5929,#3043,.T.);
#7279=EDGE_CURVE('',#5928,#5930,#5206,.T.);
#7280=EDGE_CURVE('',#5929,#5931,#3044,.T.);
#7281=EDGE_CURVE('',#5932,#5931,#3045,.T.);
#7282=EDGE_CURVE('',#5930,#5932,#3046,.T.);
#7283=EDGE_CURVE('',#5931,#5933,#5207,.T.);
#7284=EDGE_CURVE('',#5934,#5933,#3047,.T.);
#7285=EDGE_CURVE('',#5932,#5934,#5208,.T.);
#7286=EDGE_CURVE('',#5933,#5935,#5209,.T.);
#7287=EDGE_CURVE('',#5936,#5935,#3048,.T.);
#7288=EDGE_CURVE('',#5934,#5936,#5210,.T.);
#7289=EDGE_CURVE('',#5935,#5937,#3049,.T.);
#7290=EDGE_CURVE('',#5938,#5937,#3050,.T.);
#7291=EDGE_CURVE('',#5936,#5938,#3051,.T.);
#7292=EDGE_CURVE('',#5937,#5939,#5211,.T.);
#7293=EDGE_CURVE('',#5940,#5939,#3052,.T.);
#7294=EDGE_CURVE('',#5938,#5940,#5212,.T.);
#7295=EDGE_CURVE('',#5939,#5941,#3053,.T.);
#7296=EDGE_CURVE('',#5942,#5941,#3054,.T.);
#7297=EDGE_CURVE('',#5940,#5942,#3055,.T.);
#7298=EDGE_CURVE('',#5941,#5943,#3056,.T.);
#7299=EDGE_CURVE('',#5944,#5943,#3057,.T.);
#7300=EDGE_CURVE('',#5942,#5944,#3058,.T.);
#7301=EDGE_CURVE('',#5943,#5945,#3059,.T.);
#7302=EDGE_CURVE('',#5946,#5945,#3060,.T.);
#7303=EDGE_CURVE('',#5944,#5946,#3061,.T.);
#7304=EDGE_CURVE('',#5945,#5947,#5213,.T.);
#7305=EDGE_CURVE('',#5948,#5947,#3062,.T.);
#7306=EDGE_CURVE('',#5946,#5948,#5214,.T.);
#7307=EDGE_CURVE('',#5947,#5949,#3063,.T.);
#7308=EDGE_CURVE('',#5950,#5949,#3064,.T.);
#7309=EDGE_CURVE('',#5948,#5950,#3065,.T.);
#7310=EDGE_CURVE('',#5949,#5951,#5215,.T.);
#7311=EDGE_CURVE('',#5952,#5951,#3066,.T.);
#7312=EDGE_CURVE('',#5950,#5952,#5216,.T.);
#7313=EDGE_CURVE('',#5951,#5953,#3067,.T.);
#7314=EDGE_CURVE('',#5954,#5953,#3068,.T.);
#7315=EDGE_CURVE('',#5952,#5954,#3069,.T.);
#7316=EDGE_CURVE('',#5953,#5955,#3070,.T.);
#7317=EDGE_CURVE('',#5956,#5955,#3071,.T.);
#7318=EDGE_CURVE('',#5954,#5956,#3072,.T.);
#7319=EDGE_CURVE('',#5955,#5911,#3073,.T.);
#7320=EDGE_CURVE('',#5956,#5914,#3074,.T.);
#7321=EDGE_CURVE('',#5957,#5958,#3075,.T.);
#7322=EDGE_CURVE('',#5959,#5958,#3076,.T.);
#7323=EDGE_CURVE('',#5960,#5959,#3077,.T.);
#7324=EDGE_CURVE('',#5960,#5957,#3078,.T.);
#7325=EDGE_CURVE('',#5958,#5961,#3079,.T.);
#7326=EDGE_CURVE('',#5962,#5961,#3080,.T.);
#7327=EDGE_CURVE('',#5959,#5962,#3081,.T.);
#7328=EDGE_CURVE('',#5961,#5963,#3082,.T.);
#7329=EDGE_CURVE('',#5964,#5963,#3083,.T.);
#7330=EDGE_CURVE('',#5962,#5964,#3084,.T.);
#7331=EDGE_CURVE('',#5963,#5965,#3085,.T.);
#7332=EDGE_CURVE('',#5966,#5965,#3086,.T.);
#7333=EDGE_CURVE('',#5964,#5966,#3087,.T.);
#7334=EDGE_CURVE('',#5965,#5967,#3088,.T.);
#7335=EDGE_CURVE('',#5968,#5967,#3089,.T.);
#7336=EDGE_CURVE('',#5966,#5968,#3090,.T.);
#7337=EDGE_CURVE('',#5967,#5969,#5217,.T.);
#7338=EDGE_CURVE('',#5970,#5969,#3091,.T.);
#7339=EDGE_CURVE('',#5968,#5970,#5218,.T.);
#7340=EDGE_CURVE('',#5969,#5971,#3092,.T.);
#7341=EDGE_CURVE('',#5972,#5971,#3093,.T.);
#7342=EDGE_CURVE('',#5970,#5972,#3094,.T.);
#7343=EDGE_CURVE('',#5971,#5973,#5219,.T.);
#7344=EDGE_CURVE('',#5974,#5973,#3095,.T.);
#7345=EDGE_CURVE('',#5972,#5974,#5220,.T.);
#7346=EDGE_CURVE('',#5973,#5975,#3096,.T.);
#7347=EDGE_CURVE('',#5976,#5975,#3097,.T.);
#7348=EDGE_CURVE('',#5974,#5976,#3098,.T.);
#7349=EDGE_CURVE('',#5975,#5977,#5221,.T.);
#7350=EDGE_CURVE('',#5978,#5977,#3099,.T.);
#7351=EDGE_CURVE('',#5976,#5978,#5222,.T.);
#7352=EDGE_CURVE('',#5977,#5979,#3100,.T.);
#7353=EDGE_CURVE('',#5980,#5979,#3101,.T.);
#7354=EDGE_CURVE('',#5978,#5980,#3102,.T.);
#7355=EDGE_CURVE('',#5979,#5981,#3103,.T.);
#7356=EDGE_CURVE('',#5982,#5981,#3104,.T.);
#7357=EDGE_CURVE('',#5980,#5982,#3105,.T.);
#7358=EDGE_CURVE('',#5981,#5983,#5223,.T.);
#7359=EDGE_CURVE('',#5984,#5983,#3106,.T.);
#7360=EDGE_CURVE('',#5982,#5984,#5224,.T.);
#7361=EDGE_CURVE('',#5983,#5985,#3107,.T.);
#7362=EDGE_CURVE('',#5986,#5985,#3108,.T.);
#7363=EDGE_CURVE('',#5984,#5986,#3109,.T.);
#7364=EDGE_CURVE('',#5985,#5987,#5225,.T.);
#7365=EDGE_CURVE('',#5988,#5987,#3110,.T.);
#7366=EDGE_CURVE('',#5986,#5988,#5226,.T.);
#7367=EDGE_CURVE('',#5987,#5989,#3111,.T.);
#7368=EDGE_CURVE('',#5990,#5989,#3112,.T.);
#7369=EDGE_CURVE('',#5988,#5990,#3113,.T.);
#7370=EDGE_CURVE('',#5989,#5991,#5227,.T.);
#7371=EDGE_CURVE('',#5992,#5991,#3114,.T.);
#7372=EDGE_CURVE('',#5990,#5992,#5228,.T.);
#7373=EDGE_CURVE('',#5991,#5957,#3115,.T.);
#7374=EDGE_CURVE('',#5992,#5960,#3116,.T.);
#7375=EDGE_CURVE('',#5993,#5994,#3117,.T.);
#7376=EDGE_CURVE('',#5994,#5995,#3118,.T.);
#7377=EDGE_CURVE('',#5996,#5995,#3119,.T.);
#7378=EDGE_CURVE('',#5996,#5997,#3120,.T.);
#7379=EDGE_CURVE('',#5998,#5997,#3121,.T.);
#7380=EDGE_CURVE('',#5999,#5998,#3122,.T.);
#7381=EDGE_CURVE('',#6000,#5999,#3123,.T.);
#7382=EDGE_CURVE('',#6000,#6001,#3124,.T.);
#7383=EDGE_CURVE('',#6002,#6001,#3125,.T.);
#7384=EDGE_CURVE('',#6003,#6002,#3126,.T.);
#7385=EDGE_CURVE('',#6004,#6003,#3127,.T.);
#7386=EDGE_CURVE('',#6004,#6005,#3128,.T.);
#7387=EDGE_CURVE('',#6006,#6005,#3129,.T.);
#7388=EDGE_CURVE('',#6007,#6006,#3130,.T.);
#7389=EDGE_CURVE('',#6008,#6007,#3131,.T.);
#7390=EDGE_CURVE('',#6008,#6009,#3132,.T.);
#7391=EDGE_CURVE('',#6010,#6009,#3133,.T.);
#7392=EDGE_CURVE('',#6011,#6010,#3134,.T.);
#7393=EDGE_CURVE('',#6012,#6011,#3135,.T.);
#7394=EDGE_CURVE('',#5993,#6012,#3136,.T.);
#7395=EDGE_CURVE('',#6013,#6014,#3137,.T.);
#7396=EDGE_CURVE('',#6015,#6013,#3138,.T.);
#7397=EDGE_CURVE('',#6016,#6015,#3139,.T.);
#7398=EDGE_CURVE('',#6017,#6016,#3140,.T.);
#7399=EDGE_CURVE('',#6018,#6017,#3141,.T.);
#7400=EDGE_CURVE('',#6018,#6019,#3142,.T.);
#7401=EDGE_CURVE('',#6019,#6020,#3143,.T.);
#7402=EDGE_CURVE('',#6020,#6021,#3144,.T.);
#7403=EDGE_CURVE('',#6021,#6022,#3145,.T.);
#7404=EDGE_CURVE('',#6022,#6023,#3146,.T.);
#7405=EDGE_CURVE('',#6023,#6024,#3147,.T.);
#7406=EDGE_CURVE('',#6025,#6024,#3148,.T.);
#7407=EDGE_CURVE('',#6026,#6025,#3149,.T.);
#7408=EDGE_CURVE('',#6027,#6026,#3150,.T.);
#7409=EDGE_CURVE('',#6028,#6027,#3151,.T.);
#7410=EDGE_CURVE('',#6029,#6028,#3152,.T.);
#7411=EDGE_CURVE('',#6030,#6029,#3153,.T.);
#7412=EDGE_CURVE('',#6030,#6031,#3154,.T.);
#7413=EDGE_CURVE('',#6031,#6032,#3155,.T.);
#7414=EDGE_CURVE('',#6014,#6032,#3156,.T.);
#7415=EDGE_CURVE('',#6033,#6034,#3157,.T.);
#7416=EDGE_CURVE('',#6034,#6035,#3158,.T.);
#7417=EDGE_CURVE('',#6035,#6036,#3159,.T.);
#7418=EDGE_CURVE('',#6036,#6037,#3160,.T.);
#7419=EDGE_CURVE('',#6037,#6038,#3161,.T.);
#7420=EDGE_CURVE('',#6038,#6039,#3162,.T.);
#7421=EDGE_CURVE('',#6039,#6040,#3163,.T.);
#7422=EDGE_CURVE('',#6040,#6041,#3164,.T.);
#7423=EDGE_CURVE('',#6041,#6042,#3165,.T.);
#7424=EDGE_CURVE('',#6042,#6043,#3166,.T.);
#7425=EDGE_CURVE('',#6043,#6044,#3167,.T.);
#7426=EDGE_CURVE('',#6044,#6033,#3168,.T.);
#7427=EDGE_CURVE('',#6045,#6046,#3169,.T.);
#7428=EDGE_CURVE('',#6046,#6025,#3170,.T.);
#7429=EDGE_CURVE('',#6045,#6024,#3171,.T.);
#7430=EDGE_CURVE('',#6047,#6048,#3172,.T.);
#7431=EDGE_CURVE('',#6048,#6049,#3173,.T.);
#7432=EDGE_CURVE('',#6049,#6050,#3174,.T.);
#7433=EDGE_CURVE('',#6050,#6047,#3175,.T.);
#7434=EDGE_CURVE('',#6051,#6052,#3176,.T.);
#7435=EDGE_CURVE('',#6052,#6053,#3177,.T.);
#7436=EDGE_CURVE('',#6054,#6053,#3178,.T.);
#7437=EDGE_CURVE('',#6054,#6051,#3179,.T.);
#7438=EDGE_CURVE('',#6055,#6056,#3180,.T.);
#7439=EDGE_CURVE('',#6056,#6057,#3181,.T.);
#7440=EDGE_CURVE('',#6058,#6057,#3182,.T.);
#7441=EDGE_CURVE('',#6058,#6055,#3183,.T.);
#7442=EDGE_CURVE('',#6059,#6060,#3184,.T.);
#7443=EDGE_CURVE('',#6060,#6061,#3185,.T.);
#7444=EDGE_CURVE('',#6062,#6061,#3186,.T.);
#7445=EDGE_CURVE('',#6062,#6059,#3187,.T.);
#7446=EDGE_CURVE('',#6063,#6064,#3188,.T.);
#7447=EDGE_CURVE('',#6064,#6065,#3189,.T.);
#7448=EDGE_CURVE('',#6066,#6065,#3190,.T.);
#7449=EDGE_CURVE('',#6066,#6063,#3191,.T.);
#7450=EDGE_CURVE('',#6067,#6068,#3192,.T.);
#7451=EDGE_CURVE('',#6048,#6068,#3193,.T.);
#7452=EDGE_CURVE('',#6067,#6047,#3194,.T.);
#7453=EDGE_CURVE('',#6069,#6049,#3195,.T.);
#7454=EDGE_CURVE('',#6069,#6070,#3196,.T.);
#7455=EDGE_CURVE('',#6050,#6070,#3197,.T.);
#7456=EDGE_CURVE('',#6071,#6013,#3198,.T.);
#7457=EDGE_CURVE('',#6071,#6072,#3199,.T.);
#7458=EDGE_CURVE('',#6072,#5994,#3200,.T.);
#7459=EDGE_CURVE('',#5993,#6073,#3201,.T.);
#7460=EDGE_CURVE('',#6073,#6074,#3202,.T.);
#7461=EDGE_CURVE('',#6015,#6074,#3203,.T.);
#7462=EDGE_CURVE('',#6075,#6076,#3204,.T.);
#7463=EDGE_CURVE('',#6075,#6077,#3205,.T.);
#7464=EDGE_CURVE('',#6078,#6077,#3206,.T.);
#7465=EDGE_CURVE('',#6078,#6079,#3207,.T.);
#7466=EDGE_CURVE('',#6079,#6080,#3208,.T.);
#7467=EDGE_CURVE('',#6080,#6081,#3209,.T.);
#7468=EDGE_CURVE('',#6082,#6081,#3210,.T.);
#7469=EDGE_CURVE('',#6082,#6083,#3211,.T.);
#7470=EDGE_CURVE('',#6084,#6083,#3212,.T.);
#7471=EDGE_CURVE('',#6084,#6085,#3213,.T.);
#7472=EDGE_CURVE('',#6085,#6086,#3214,.T.);
#7473=EDGE_CURVE('',#6086,#6087,#3215,.T.);
#7474=EDGE_CURVE('',#6088,#6087,#3216,.T.);
#7475=EDGE_CURVE('',#6088,#6089,#3217,.T.);
#7476=EDGE_CURVE('',#6090,#6089,#3218,.T.);
#7477=EDGE_CURVE('',#6090,#6027,#3219,.T.);
#7478=EDGE_CURVE('',#6091,#6026,#3220,.T.);
#7479=EDGE_CURVE('',#6092,#6091,#3221,.T.);
#7480=EDGE_CURVE('',#6092,#6023,#3222,.T.);
#7481=EDGE_CURVE('',#6093,#6022,#3223,.T.);
#7482=EDGE_CURVE('',#6094,#6093,#3224,.T.);
#7483=EDGE_CURVE('',#6095,#6094,#3225,.T.);
#7484=EDGE_CURVE('',#6096,#6095,#3226,.T.);
#7485=EDGE_CURVE('',#6096,#6097,#3227,.T.);
#7486=EDGE_CURVE('',#6098,#6097,#3228,.T.);
#7487=EDGE_CURVE('',#6098,#6099,#3229,.T.);
#7488=EDGE_CURVE('',#6099,#6100,#3230,.T.);
#7489=EDGE_CURVE('',#6100,#6101,#3231,.T.);
#7490=EDGE_CURVE('',#6102,#6101,#3232,.T.);
#7491=EDGE_CURVE('',#6102,#6103,#3233,.T.);
#7492=EDGE_CURVE('',#6104,#6103,#3234,.T.);
#7493=EDGE_CURVE('',#6104,#6105,#3235,.T.);
#7494=EDGE_CURVE('',#6105,#6106,#3236,.T.);
#7495=EDGE_CURVE('',#6106,#6076,#3237,.T.);
#7496=EDGE_CURVE('',#6091,#6046,#3238,.T.);
#7497=EDGE_CURVE('',#6045,#6092,#3239,.T.);
#7498=EDGE_CURVE('',#6039,#6068,#3240,.T.);
#7499=EDGE_CURVE('',#6040,#6067,#3241,.T.);
#7500=EDGE_CURVE('',#6069,#6034,#3242,.T.);
#7501=EDGE_CURVE('',#6070,#6033,#3243,.T.);
#7502=EDGE_CURVE('',#6107,#6104,#3244,.T.);
#7503=EDGE_CURVE('',#6107,#6108,#3245,.T.);
#7504=EDGE_CURVE('',#6108,#6105,#3246,.T.);
#7505=EDGE_CURVE('',#6109,#6098,#3247,.T.);
#7506=EDGE_CURVE('',#6109,#6110,#3248,.T.);
#7507=EDGE_CURVE('',#6110,#6099,#3249,.T.);
#7508=EDGE_CURVE('',#6111,#6112,#3250,.T.);
#7509=EDGE_CURVE('',#6112,#6075,#3251,.T.);
#7510=EDGE_CURVE('',#6076,#6111,#3252,.T.);
#7511=EDGE_CURVE('',#6101,#6113,#3253,.T.);
#7512=EDGE_CURVE('',#6113,#6114,#3254,.T.);
#7513=EDGE_CURVE('',#6114,#6102,#3255,.T.);
#7514=EDGE_CURVE('',#6115,#6003,#3256,.T.);
#7515=EDGE_CURVE('',#6115,#6112,#3257,.T.);
#7516=EDGE_CURVE('',#6111,#6116,#3258,.T.);
#7517=EDGE_CURVE('',#6116,#6004,#3259,.T.);
#7518=EDGE_CURVE('',#6113,#6117,#3260,.T.);
#7519=EDGE_CURVE('',#6117,#6008,#3261,.T.);
#7520=EDGE_CURVE('',#6118,#6007,#3262,.T.);
#7521=EDGE_CURVE('',#6118,#6114,#3263,.T.);
#7522=EDGE_CURVE('',#6012,#6119,#3264,.T.);
#7523=EDGE_CURVE('',#6012,#6120,#3265,.T.);
#7524=EDGE_CURVE('',#6120,#6121,#3266,.T.);
#7525=EDGE_CURVE('',#6119,#6121,#3267,.T.);
#7526=EDGE_CURVE('',#6122,#6123,#3268,.T.);
#7527=EDGE_CURVE('',#6122,#6020,#3269,.T.);
#7528=EDGE_CURVE('',#6019,#6124,#3270,.T.);
#7529=EDGE_CURVE('',#6125,#6124,#3271,.T.);
#7530=EDGE_CURVE('',#6126,#6125,#3272,.T.);
#7531=EDGE_CURVE('',#6123,#6126,#3273,.T.);
#7532=EDGE_CURVE('',#6127,#6094,#3274,.T.);
#7533=EDGE_CURVE('',#6128,#6093,#3275,.T.);
#7534=EDGE_CURVE('',#6122,#6128,#3276,.T.);
#7535=EDGE_CURVE('',#6123,#6127,#3277,.T.);
#7536=EDGE_CURVE('',#6129,#6017,#3278,.T.);
#7537=EDGE_CURVE('',#6130,#6129,#3279,.T.);
#7538=EDGE_CURVE('',#6131,#6130,#3280,.T.);
#7539=EDGE_CURVE('',#6132,#6131,#3281,.T.);
#7540=EDGE_CURVE('',#6133,#6132,#3282,.T.);
#7541=EDGE_CURVE('',#6133,#6095,#3283,.T.);
#7542=EDGE_CURVE('',#6134,#6127,#3284,.T.);
#7543=EDGE_CURVE('',#6135,#6134,#3285,.T.);
#7544=EDGE_CURVE('',#6136,#6135,#3286,.T.);
#7545=EDGE_CURVE('',#6136,#6018,#3287,.T.);
#7546=EDGE_CURVE('',#6120,#6137,#3288,.T.);
#7547=EDGE_CURVE('',#6137,#6096,#3289,.T.);
#7548=EDGE_CURVE('',#6121,#6133,#3290,.T.);
#7549=EDGE_CURVE('',#6074,#6138,#3291,.T.);
#7550=EDGE_CURVE('',#6073,#6139,#3292,.T.);
#7551=EDGE_CURVE('',#6139,#6130,#3293,.T.);
#7552=EDGE_CURVE('',#6138,#6129,#3294,.T.);
#7553=EDGE_CURVE('',#6139,#6012,#3295,.T.);
#7554=EDGE_CURVE('',#6132,#6119,#3296,.T.);
#7555=EDGE_CURVE('',#6124,#6136,#3297,.T.);
#7556=EDGE_CURVE('',#6135,#6125,#3298,.T.);
#7557=EDGE_CURVE('',#6126,#6134,#3299,.T.);
#7558=EDGE_CURVE('',#6012,#6131,#3300,.T.);
#7559=EDGE_CURVE('',#6140,#6141,#3301,.T.);
#7560=EDGE_CURVE('',#6140,#6067,#3302,.T.);
#7561=EDGE_CURVE('',#6070,#6142,#3303,.T.);
#7562=EDGE_CURVE('',#6143,#6142,#3304,.T.);
#7563=EDGE_CURVE('',#6141,#6143,#3305,.T.);
#7564=EDGE_CURVE('',#6142,#6044,#3306,.T.);
#7565=EDGE_CURVE('',#6144,#6043,#3307,.T.);
#7566=EDGE_CURVE('',#6143,#6144,#3308,.T.);
#7567=EDGE_CURVE('',#6145,#6141,#3309,.T.);
#7568=EDGE_CURVE('',#6144,#6145,#3310,.T.);
#7569=EDGE_CURVE('',#6041,#6140,#3311,.T.);
#7570=EDGE_CURVE('',#6042,#6145,#3312,.T.);
#7571=EDGE_CURVE('',#6128,#6021,#3313,.T.);
#7572=EDGE_CURVE('',#6146,#6011,#3314,.T.);
#7573=EDGE_CURVE('',#6146,#6137,#3315,.T.);
#7574=EDGE_CURVE('',#6138,#6016,#3316,.T.);
#7575=EDGE_CURVE('',#6097,#6146,#3317,.T.);
#7576=EDGE_CURVE('',#6010,#6058,#3318,.T.);
#7577=EDGE_CURVE('',#6057,#6109,#3319,.T.);
#7578=EDGE_CURVE('',#6117,#6100,#3320,.T.);
#7579=EDGE_CURVE('',#6056,#6110,#3321,.T.);
#7580=EDGE_CURVE('',#6009,#6055,#3322,.T.);
#7581=EDGE_CURVE('',#6103,#6118,#3323,.T.);
#7582=EDGE_CURVE('',#6006,#6054,#3324,.T.);
#7583=EDGE_CURVE('',#6053,#6107,#3325,.T.);
#7584=EDGE_CURVE('',#6116,#6106,#3326,.T.);
#7585=EDGE_CURVE('',#6052,#6108,#3327,.T.);
#7586=EDGE_CURVE('',#6005,#6051,#3328,.T.);
#7587=EDGE_CURVE('',#6147,#6148,#3329,.T.);
#7588=EDGE_CURVE('',#6148,#6149,#3330,.T.);
#7589=EDGE_CURVE('',#6149,#6150,#3331,.T.);
#7590=EDGE_CURVE('',#6150,#6147,#3332,.T.);
#7591=EDGE_CURVE('',#5995,#6151,#3333,.T.);
#7592=EDGE_CURVE('',#5995,#6152,#3334,.T.);
#7593=EDGE_CURVE('',#6152,#6153,#3335,.T.);
#7594=EDGE_CURVE('',#6153,#6151,#3336,.T.);
#7595=EDGE_CURVE('',#6154,#6155,#3337,.T.);
#7596=EDGE_CURVE('',#6155,#5995,#3338,.T.);
#7597=EDGE_CURVE('',#6151,#6154,#3339,.T.);
#7598=EDGE_CURVE('',#6156,#6157,#3340,.T.);
#7599=EDGE_CURVE('',#6158,#6157,#3341,.T.);
#7600=EDGE_CURVE('',#6159,#6158,#3342,.T.);
#7601=EDGE_CURVE('',#6159,#6156,#3343,.T.);
#7602=EDGE_CURVE('',#6160,#6161,#3344,.T.);
#7603=EDGE_CURVE('',#6157,#6161,#3345,.T.);
#7604=EDGE_CURVE('',#6156,#6160,#3346,.T.);
#7605=EDGE_CURVE('',#6160,#6162,#3347,.T.);
#7606=EDGE_CURVE('',#6162,#6163,#3348,.T.);
#7607=EDGE_CURVE('',#6161,#6163,#3349,.T.);
#7608=EDGE_CURVE('',#6164,#6165,#3350,.T.);
#7609=EDGE_CURVE('',#6165,#6155,#3351,.T.);
#7610=EDGE_CURVE('',#6154,#6164,#3352,.T.);
#7611=EDGE_CURVE('',#6165,#6166,#3353,.T.);
#7612=EDGE_CURVE('',#5995,#6166,#3354,.T.);
#7613=EDGE_CURVE('',#6167,#6168,#3355,.T.);
#7614=EDGE_CURVE('',#6167,#6169,#3356,.T.);
#7615=EDGE_CURVE('',#6169,#6000,#3357,.T.);
#7616=EDGE_CURVE('',#6170,#5999,#3358,.T.);
#7617=EDGE_CURVE('',#6170,#6168,#3359,.T.);
#7618=EDGE_CURVE('',#6171,#6166,#3360,.T.);
#7619=EDGE_CURVE('',#6171,#6172,#3361,.T.);
#7620=EDGE_CURVE('',#6172,#5996,#3362,.T.);
#7621=EDGE_CURVE('',#6173,#6014,#3363,.T.);
#7622=EDGE_CURVE('',#6174,#6032,#3364,.T.);
#7623=EDGE_CURVE('',#6173,#6174,#3365,.T.);
#7624=EDGE_CURVE('',#6031,#6162,#3366,.T.);
#7625=EDGE_CURVE('',#6163,#6030,#3367,.T.);
#7626=EDGE_CURVE('',#6175,#6029,#3368,.T.);
#7627=EDGE_CURVE('',#6175,#6158,#3369,.T.);
#7628=EDGE_CURVE('',#6176,#6028,#3370,.T.);
#7629=EDGE_CURVE('',#6175,#6176,#3371,.T.);
#7630=EDGE_CURVE('',#6150,#6177,#3372,.T.);
#7631=EDGE_CURVE('',#6177,#6038,#3373,.T.);
#7632=EDGE_CURVE('',#6147,#6037,#3374,.T.);
#7633=EDGE_CURVE('',#6036,#6148,#3375,.T.);
#7634=EDGE_CURVE('',#6035,#6178,#3376,.T.);
#7635=EDGE_CURVE('',#6178,#6149,#3377,.T.);
#7636=EDGE_CURVE('',#5998,#6066,#3378,.T.);
#7637=EDGE_CURVE('',#5997,#6063,#3379,.T.);
#7638=EDGE_CURVE('',#6064,#6179,#3380,.T.);
#7639=EDGE_CURVE('',#6180,#6179,#3381,.T.);
#7640=EDGE_CURVE('',#6065,#6180,#3382,.T.);
#7641=EDGE_CURVE('',#6002,#6062,#3383,.T.);
#7642=EDGE_CURVE('',#6001,#6059,#3384,.T.);
#7643=EDGE_CURVE('',#6060,#6181,#3385,.T.);
#7644=EDGE_CURVE('',#6182,#6181,#3386,.T.);
#7645=EDGE_CURVE('',#6061,#6182,#3387,.T.);
#7646=EDGE_CURVE('',#6068,#6177,#3388,.T.);
#7647=EDGE_CURVE('',#6178,#6069,#3389,.T.);
#7648=EDGE_CURVE('',#6152,#6072,#3390,.T.);
#7649=EDGE_CURVE('',#6071,#6173,#3391,.T.);
#7650=EDGE_CURVE('',#6153,#6174,#3392,.T.);
#7651=EDGE_CURVE('',#6176,#6090,#3393,.T.);
#7652=EDGE_CURVE('',#6089,#6159,#3394,.T.);
#7653=EDGE_CURVE('',#6088,#6164,#3395,.T.);
#7654=EDGE_CURVE('',#6087,#6171,#3396,.T.);
#7655=EDGE_CURVE('',#6172,#6086,#3397,.T.);
#7656=EDGE_CURVE('',#6179,#6085,#3398,.T.);
#7657=EDGE_CURVE('',#6180,#6084,#3399,.T.);
#7658=EDGE_CURVE('',#6083,#6170,#3400,.T.);
#7659=EDGE_CURVE('',#6168,#6082,#3401,.T.);
#7660=EDGE_CURVE('',#6081,#6167,#3402,.T.);
#7661=EDGE_CURVE('',#6169,#6080,#3403,.T.);
#7662=EDGE_CURVE('',#6181,#6079,#3404,.T.);
#7663=EDGE_CURVE('',#6182,#6078,#3405,.T.);
#7664=EDGE_CURVE('',#6077,#6115,#3406,.T.);
#7665=EDGE_CURVE('',#6183,#6184,#5229,.F.);
#7666=EDGE_CURVE('',#6185,#6183,#5230,.F.);
#7667=EDGE_CURVE('',#6184,#6185,#5231,.F.);
#7668=EDGE_CURVE('',#6186,#6187,#5232,.F.);
#7669=EDGE_CURVE('',#6188,#6186,#5233,.F.);
#7670=EDGE_CURVE('',#6187,#6188,#5234,.F.);
#7671=EDGE_CURVE('',#6185,#6188,#3407,.T.);
#7672=EDGE_CURVE('',#6186,#6184,#3408,.T.);
#7673=EDGE_CURVE('',#6189,#6190,#5235,.F.);
#7674=EDGE_CURVE('',#6191,#6189,#5236,.F.);
#7675=EDGE_CURVE('',#6190,#6191,#5237,.F.);
#7676=EDGE_CURVE('',#6192,#6193,#5238,.F.);
#7677=EDGE_CURVE('',#6194,#6192,#5239,.F.);
#7678=EDGE_CURVE('',#6193,#6194,#5240,.F.);
#7679=EDGE_CURVE('',#6195,#6196,#5241,.F.);
#7680=EDGE_CURVE('',#6197,#6195,#5242,.F.);
#7681=EDGE_CURVE('',#6196,#6197,#5243,.F.);
#7682=EDGE_CURVE('',#6198,#6199,#5244,.F.);
#7683=EDGE_CURVE('',#6200,#6198,#5245,.F.);
#7684=EDGE_CURVE('',#6199,#6200,#5246,.F.);
#7685=EDGE_CURVE('',#6198,#6192,#3409,.T.);
#7686=EDGE_CURVE('',#6193,#6200,#3410,.T.);
#7687=EDGE_CURVE('',#6199,#6187,#3411,.T.);
#7688=EDGE_CURVE('',#6200,#6186,#3412,.T.);
#7689=EDGE_CURVE('',#6201,#6202,#5247,.F.);
#7690=EDGE_CURVE('',#6203,#6201,#5248,.F.);
#7691=EDGE_CURVE('',#6202,#6203,#5249,.F.);
#7692=EDGE_CURVE('',#6204,#6205,#5250,.F.);
#7693=EDGE_CURVE('',#6206,#6204,#5251,.F.);
#7694=EDGE_CURVE('',#6205,#6206,#5252,.F.);
#7695=EDGE_CURVE('',#6201,#6206,#3413,.T.);
#7696=EDGE_CURVE('',#6204,#6203,#3414,.T.);
#7697=EDGE_CURVE('',#6206,#6198,#3415,.T.);
#7698=EDGE_CURVE('',#6199,#6205,#3416,.T.);
#7699=EDGE_CURVE('',#6195,#6204,#3417,.T.);
#7700=EDGE_CURVE('',#6205,#6197,#3418,.T.);
#7701=EDGE_CURVE('',#6190,#6202,#3419,.T.);
#7702=EDGE_CURVE('',#6203,#6189,#3420,.T.);
#7703=EDGE_CURVE('',#6192,#6201,#3421,.T.);
#7704=EDGE_CURVE('',#6202,#6194,#3422,.T.);
#7705=EDGE_CURVE('',#6188,#6196,#3423,.T.);
#7706=EDGE_CURVE('',#6197,#6187,#3424,.T.);
#7707=EDGE_CURVE('',#6196,#6191,#3425,.T.);
#7708=EDGE_CURVE('',#6189,#6195,#3426,.T.);
#7709=EDGE_CURVE('',#6184,#6193,#3427,.T.);
#7710=EDGE_CURVE('',#6194,#6183,#3428,.T.);
#7711=EDGE_CURVE('',#6191,#6185,#3429,.T.);
#7712=EDGE_CURVE('',#6183,#6190,#3430,.T.);
#7713=EDGE_CURVE('',#6207,#6208,#5253,.F.);
#7714=EDGE_CURVE('',#6209,#6207,#5254,.F.);
#7715=EDGE_CURVE('',#6208,#6209,#5255,.F.);
#7716=EDGE_CURVE('',#6210,#6211,#5256,.F.);
#7717=EDGE_CURVE('',#6212,#6210,#5257,.F.);
#7718=EDGE_CURVE('',#6211,#6212,#5258,.F.);
#7719=EDGE_CURVE('',#6209,#6212,#3431,.T.);
#7720=EDGE_CURVE('',#6210,#6208,#3432,.T.);
#7721=EDGE_CURVE('',#6213,#6214,#5259,.F.);
#7722=EDGE_CURVE('',#6215,#6213,#5260,.F.);
#7723=EDGE_CURVE('',#6214,#6215,#5261,.F.);
#7724=EDGE_CURVE('',#6216,#6217,#5262,.F.);
#7725=EDGE_CURVE('',#6218,#6216,#5263,.F.);
#7726=EDGE_CURVE('',#6217,#6218,#5264,.F.);
#7727=EDGE_CURVE('',#6219,#6220,#5265,.F.);
#7728=EDGE_CURVE('',#6221,#6219,#5266,.F.);
#7729=EDGE_CURVE('',#6220,#6221,#5267,.F.);
#7730=EDGE_CURVE('',#6222,#6223,#5268,.F.);
#7731=EDGE_CURVE('',#6224,#6222,#5269,.F.);
#7732=EDGE_CURVE('',#6223,#6224,#5270,.F.);
#7733=EDGE_CURVE('',#6222,#6216,#3433,.T.);
#7734=EDGE_CURVE('',#6217,#6224,#3434,.T.);
#7735=EDGE_CURVE('',#6211,#6223,#3435,.T.);
#7736=EDGE_CURVE('',#6224,#6210,#3436,.T.);
#7737=EDGE_CURVE('',#6225,#6226,#5271,.F.);
#7738=EDGE_CURVE('',#6227,#6225,#5272,.F.);
#7739=EDGE_CURVE('',#6226,#6227,#5273,.F.);
#7740=EDGE_CURVE('',#6228,#6229,#5274,.F.);
#7741=EDGE_CURVE('',#6230,#6228,#5275,.F.);
#7742=EDGE_CURVE('',#6229,#6230,#5276,.F.);
#7743=EDGE_CURVE('',#6225,#6230,#3437,.T.);
#7744=EDGE_CURVE('',#6228,#6227,#3438,.T.);
#7745=EDGE_CURVE('',#6230,#6222,#3439,.T.);
#7746=EDGE_CURVE('',#6223,#6229,#3440,.T.);
#7747=EDGE_CURVE('',#6219,#6228,#3441,.T.);
#7748=EDGE_CURVE('',#6229,#6221,#3442,.T.);
#7749=EDGE_CURVE('',#6226,#6214,#3443,.T.);
#7750=EDGE_CURVE('',#6227,#6213,#3444,.T.);
#7751=EDGE_CURVE('',#6216,#6225,#3445,.T.);
#7752=EDGE_CURVE('',#6226,#6218,#3446,.T.);
#7753=EDGE_CURVE('',#6212,#6220,#3447,.T.);
#7754=EDGE_CURVE('',#6221,#6211,#3448,.T.);
#7755=EDGE_CURVE('',#6220,#6215,#3449,.T.);
#7756=EDGE_CURVE('',#6213,#6219,#3450,.T.);
#7757=EDGE_CURVE('',#6208,#6217,#3451,.T.);
#7758=EDGE_CURVE('',#6218,#6207,#3452,.T.);
#7759=EDGE_CURVE('',#6215,#6209,#3453,.T.);
#7760=EDGE_CURVE('',#6207,#6214,#3454,.T.);
#7761=EDGE_CURVE('',#6231,#6232,#3455,.T.);
#7762=EDGE_CURVE('',#6232,#6233,#3456,.T.);
#7763=EDGE_CURVE('',#6233,#6234,#3457,.T.);
#7764=EDGE_CURVE('',#6234,#6231,#3458,.T.);
#7765=EDGE_CURVE('',#6235,#6236,#3459,.T.);
#7766=EDGE_CURVE('',#6236,#6237,#3460,.T.);
#7767=EDGE_CURVE('',#6237,#6238,#3461,.T.);
#7768=EDGE_CURVE('',#6238,#6235,#3462,.T.);
#7769=EDGE_CURVE('',#6234,#6237,#3463,.T.);
#7770=EDGE_CURVE('',#6231,#6236,#3464,.T.);
#7771=EDGE_CURVE('',#6233,#6238,#3465,.T.);
#7772=EDGE_CURVE('',#6232,#6235,#3466,.T.);
#7773=EDGE_CURVE('',#6239,#6240,#3467,.T.);
#7774=EDGE_CURVE('',#6241,#6240,#3468,.T.);
#7775=EDGE_CURVE('',#6241,#6242,#3469,.T.);
#7776=EDGE_CURVE('',#6242,#6243,#3470,.T.);
#7777=EDGE_CURVE('',#6244,#6243,#3471,.T.);
#7778=EDGE_CURVE('',#6239,#6244,#3472,.T.);
#7779=EDGE_CURVE('',#6245,#6246,#3473,.T.);
#7780=EDGE_CURVE('',#6247,#6245,#3474,.T.);
#7781=EDGE_CURVE('',#6248,#6247,#3475,.T.);
#7782=EDGE_CURVE('',#6246,#6248,#3476,.T.);
#7783=EDGE_CURVE('',#6249,#6250,#3477,.T.);
#7784=EDGE_CURVE('',#6249,#6251,#3478,.T.);
#7785=EDGE_CURVE('',#6252,#6251,#3479,.T.);
#7786=EDGE_CURVE('',#6253,#6252,#3480,.T.);
#7787=EDGE_CURVE('',#6254,#6253,#3481,.T.);
#7788=EDGE_CURVE('',#6250,#6254,#3482,.T.);
#7789=EDGE_CURVE('',#6255,#6256,#3483,.T.);
#7790=EDGE_CURVE('',#6257,#6255,#3484,.T.);
#7791=EDGE_CURVE('',#6258,#6257,#3485,.T.);
#7792=EDGE_CURVE('',#6256,#6258,#3486,.T.);
#7793=EDGE_CURVE('',#6242,#6253,#3487,.T.);
#7794=EDGE_CURVE('',#6243,#6252,#3488,.T.);
#7795=EDGE_CURVE('',#6249,#6239,#3489,.T.);
#7796=EDGE_CURVE('',#6251,#6244,#3490,.T.);
#7797=EDGE_CURVE('',#6259,#6240,#3491,.T.);
#7798=EDGE_CURVE('',#6250,#6260,#3492,.T.);
#7799=EDGE_CURVE('',#6260,#6261,#3493,.T.);
#7800=EDGE_CURVE('',#6254,#6261,#3494,.T.);
#7801=EDGE_CURVE('',#6241,#6262,#3495,.T.);
#7802=EDGE_CURVE('',#6262,#6263,#3496,.T.);
#7803=EDGE_CURVE('',#6263,#6264,#3497,.T.);
#7804=EDGE_CURVE('',#6264,#6265,#3498,.T.);
#7805=EDGE_CURVE('',#6265,#6266,#3499,.T.);
#7806=EDGE_CURVE('',#6266,#6259,#3500,.T.);
#7807=EDGE_CURVE('',#6267,#6254,#3501,.T.);
#7808=EDGE_CURVE('',#6268,#6267,#3502,.T.);
#7809=EDGE_CURVE('',#6268,#6250,#3503,.T.);
#7810=EDGE_CURVE('',#6269,#6270,#3504,.T.);
#7811=EDGE_CURVE('',#6271,#6269,#3505,.T.);
#7812=EDGE_CURVE('',#6272,#6271,#3506,.T.);
#7813=EDGE_CURVE('',#6273,#6272,#3507,.T.);
#7814=EDGE_CURVE('',#6274,#6273,#3508,.T.);
#7815=EDGE_CURVE('',#6274,#6275,#3509,.T.);
#7816=EDGE_CURVE('',#6275,#6276,#3510,.T.);
#7817=EDGE_CURVE('',#6276,#6270,#3511,.T.);
#7818=EDGE_CURVE('',#6274,#6277,#3512,.T.);
#7819=EDGE_CURVE('',#6278,#6277,#3513,.T.);
#7820=EDGE_CURVE('',#6275,#6278,#3514,.T.);
#7821=EDGE_CURVE('',#6279,#6278,#3515,.T.);
#7822=EDGE_CURVE('',#6276,#6279,#3516,.T.);
#7823=EDGE_CURVE('',#6280,#6279,#3517,.T.);
#7824=EDGE_CURVE('',#6281,#6280,#3518,.T.);
#7825=EDGE_CURVE('',#6270,#6281,#3519,.T.);
#7826=EDGE_CURVE('',#6281,#6268,#3520,.T.);
#7827=EDGE_CURVE('',#6282,#6280,#3521,.T.);
#7828=EDGE_CURVE('',#6260,#6282,#3522,.T.);
#7829=EDGE_CURVE('',#6283,#6282,#3523,.T.);
#7830=EDGE_CURVE('',#6261,#6283,#3524,.T.);
#7831=EDGE_CURVE('',#6267,#6284,#3525,.T.);
#7832=EDGE_CURVE('',#6285,#6283,#3526,.T.);
#7833=EDGE_CURVE('',#6284,#6285,#3527,.T.);
#7834=EDGE_CURVE('',#6284,#6272,#3528,.T.);
#7835=EDGE_CURVE('',#6286,#6285,#3529,.T.);
#7836=EDGE_CURVE('',#6273,#6286,#3530,.T.);
#7837=EDGE_CURVE('',#6277,#6286,#3531,.T.);
#7838=EDGE_CURVE('',#6287,#6272,#3532,.T.);
#7839=EDGE_CURVE('',#6267,#6287,#3533,.T.);
#7840=EDGE_CURVE('',#6288,#6268,#3534,.T.);
#7841=EDGE_CURVE('',#6270,#6288,#3535,.T.);
#7842=EDGE_CURVE('',#6257,#6289,#5277,.F.);
#7843=EDGE_CURVE('',#6290,#6257,#5278,.F.);
#7844=EDGE_CURVE('',#6289,#6290,#5279,.F.);
#7845=EDGE_CURVE('',#6291,#6292,#5280,.F.);
#7846=EDGE_CURVE('',#6293,#6291,#5281,.F.);
#7847=EDGE_CURVE('',#6292,#6293,#5282,.F.);
#7848=EDGE_CURVE('',#6255,#6294,#5283,.F.);
#7849=EDGE_CURVE('',#6287,#6255,#5284,.F.);
#7850=EDGE_CURVE('',#6294,#6287,#5285,.F.);
#7851=EDGE_CURVE('',#6295,#6296,#5286,.F.);
#7852=EDGE_CURVE('',#6258,#6295,#5287,.F.);
#7853=EDGE_CURVE('',#6296,#6258,#5288,.F.);
#7854=EDGE_CURVE('',#6297,#6298,#5289,.F.);
#7855=EDGE_CURVE('',#6271,#6297,#5290,.F.);
#7856=EDGE_CURVE('',#6298,#6271,#5291,.F.);
#7857=EDGE_CURVE('',#6297,#6294,#3536,.T.);
#7858=EDGE_CURVE('',#6299,#6300,#5292,.F.);
#7859=EDGE_CURVE('',#6301,#6299,#5293,.F.);
#7860=EDGE_CURVE('',#6300,#6301,#5294,.F.);
#7861=EDGE_CURVE('',#6288,#6302,#5295,.F.);
#7862=EDGE_CURVE('',#6256,#6288,#5296,.F.);
#7863=EDGE_CURVE('',#6302,#6256,#5297,.F.);
#7864=EDGE_CURVE('',#6295,#6302,#3537,.T.);
#7865=EDGE_CURVE('',#6303,#6304,#5298,.F.);
#7866=EDGE_CURVE('',#6269,#6303,#5299,.F.);
#7867=EDGE_CURVE('',#6304,#6269,#5300,.F.);
#7868=EDGE_CURVE('',#6303,#6298,#3538,.T.);
#7869=EDGE_CURVE('',#6302,#6304,#3539,.T.);
#7870=EDGE_CURVE('',#6299,#6303,#3540,.T.);
#7871=EDGE_CURVE('',#6304,#6301,#3541,.T.);
#7872=EDGE_CURVE('',#6296,#6300,#3542,.T.);
#7873=EDGE_CURVE('',#6301,#6295,#3543,.T.);
#7874=EDGE_CURVE('',#6300,#6292,#3544,.T.);
#7875=EDGE_CURVE('',#6293,#6299,#3545,.T.);
#7876=EDGE_CURVE('',#6291,#6297,#3546,.T.);
#7877=EDGE_CURVE('',#6298,#6293,#3547,.T.);
#7878=EDGE_CURVE('',#6289,#6296,#3548,.T.);
#7879=EDGE_CURVE('',#6294,#6290,#3549,.T.);
#7880=EDGE_CURVE('',#6292,#6289,#3550,.T.);
#7881=EDGE_CURVE('',#6290,#6291,#3551,.T.);
#7882=EDGE_CURVE('',#6240,#6305,#3552,.T.);
#7883=EDGE_CURVE('',#6306,#6305,#3553,.T.);
#7884=EDGE_CURVE('',#6306,#6241,#3554,.T.);
#7885=EDGE_CURVE('',#6307,#6308,#3555,.T.);
#7886=EDGE_CURVE('',#6309,#6307,#3556,.T.);
#7887=EDGE_CURVE('',#6310,#6309,#3557,.T.);
#7888=EDGE_CURVE('',#6310,#6311,#3558,.T.);
#7889=EDGE_CURVE('',#6311,#6312,#3559,.T.);
#7890=EDGE_CURVE('',#6312,#6313,#3560,.T.);
#7891=EDGE_CURVE('',#6313,#6314,#3561,.T.);
#7892=EDGE_CURVE('',#6314,#6308,#3562,.T.);
#7893=EDGE_CURVE('',#6311,#6315,#3563,.T.);
#7894=EDGE_CURVE('',#6316,#6315,#3564,.T.);
#7895=EDGE_CURVE('',#6312,#6316,#3565,.T.);
#7896=EDGE_CURVE('',#6317,#6316,#3566,.T.);
#7897=EDGE_CURVE('',#6313,#6317,#3567,.T.);
#7898=EDGE_CURVE('',#6318,#6317,#3568,.T.);
#7899=EDGE_CURVE('',#6314,#6318,#3569,.T.);
#7900=EDGE_CURVE('',#6319,#6318,#3570,.T.);
#7901=EDGE_CURVE('',#6320,#6319,#3571,.T.);
#7902=EDGE_CURVE('',#6308,#6320,#3572,.T.);
#7903=EDGE_CURVE('',#6320,#6306,#3573,.T.);
#7904=EDGE_CURVE('',#6321,#6319,#3574,.T.);
#7905=EDGE_CURVE('',#6262,#6321,#3575,.T.);
#7906=EDGE_CURVE('',#6322,#6321,#3576,.T.);
#7907=EDGE_CURVE('',#6263,#6322,#3577,.T.);
#7908=EDGE_CURVE('',#6323,#6322,#3578,.T.);
#7909=EDGE_CURVE('',#6264,#6323,#3579,.T.);
#7910=EDGE_CURVE('',#6324,#6323,#3580,.T.);
#7911=EDGE_CURVE('',#6265,#6324,#3581,.T.);
#7912=EDGE_CURVE('',#6325,#6324,#3582,.T.);
#7913=EDGE_CURVE('',#6266,#6325,#3583,.T.);
#7914=EDGE_CURVE('',#6326,#6325,#3584,.T.);
#7915=EDGE_CURVE('',#6259,#6326,#3585,.T.);
#7916=EDGE_CURVE('',#6327,#6326,#3586,.T.);
#7917=EDGE_CURVE('',#6328,#6327,#3587,.T.);
#7918=EDGE_CURVE('',#6305,#6328,#3588,.T.);
#7919=EDGE_CURVE('',#6328,#6310,#3589,.T.);
#7920=EDGE_CURVE('',#6315,#6327,#3590,.T.);
#7921=EDGE_CURVE('',#6329,#6310,#3591,.T.);
#7922=EDGE_CURVE('',#6305,#6329,#3592,.T.);
#7923=EDGE_CURVE('',#6330,#6306,#3593,.T.);
#7924=EDGE_CURVE('',#6308,#6330,#3594,.T.);
#7925=EDGE_CURVE('',#6331,#6332,#5301,.F.);
#7926=EDGE_CURVE('',#6333,#6331,#5302,.F.);
#7927=EDGE_CURVE('',#6332,#6333,#5303,.F.);
#7928=EDGE_CURVE('',#6334,#6335,#5304,.F.);
#7929=EDGE_CURVE('',#6248,#6334,#5305,.F.);
#7930=EDGE_CURVE('',#6335,#6248,#5306,.F.);
#7931=EDGE_CURVE('',#6336,#6337,#5307,.F.);
#7932=EDGE_CURVE('',#6307,#6336,#5308,.F.);
#7933=EDGE_CURVE('',#6337,#6307,#5309,.F.);
#7934=EDGE_CURVE('',#6338,#6339,#5310,.F.);
#7935=EDGE_CURVE('',#6340,#6338,#5311,.F.);
#7936=EDGE_CURVE('',#6339,#6340,#5312,.F.);
#7937=EDGE_CURVE('',#6341,#6246,#5313,.F.);
#7938=EDGE_CURVE('',#6330,#6341,#5314,.F.);
#7939=EDGE_CURVE('',#6246,#6330,#5315,.F.);
#7940=EDGE_CURVE('',#6341,#6337,#3595,.T.);
#7941=EDGE_CURVE('',#6247,#6342,#5316,.F.);
#7942=EDGE_CURVE('',#6343,#6247,#5317,.F.);
#7943=EDGE_CURVE('',#6342,#6343,#5318,.F.);
#7944=EDGE_CURVE('',#6309,#6344,#5319,.F.);
#7945=EDGE_CURVE('',#6345,#6309,#5320,.F.);
#7946=EDGE_CURVE('',#6344,#6345,#5321,.F.);
#7947=EDGE_CURVE('',#6336,#6345,#3596,.T.);
#7948=EDGE_CURVE('',#6338,#6344,#3597,.T.);
#7949=EDGE_CURVE('',#6345,#6340,#3598,.T.);
#7950=EDGE_CURVE('',#6245,#6346,#5322,.F.);
#7951=EDGE_CURVE('',#6329,#6245,#5323,.F.);
#7952=EDGE_CURVE('',#6346,#6329,#5324,.F.);
#7953=EDGE_CURVE('',#6344,#6346,#3599,.T.);
#7954=EDGE_CURVE('',#6346,#6343,#3600,.T.);
#7955=EDGE_CURVE('',#6339,#6342,#3601,.T.);
#7956=EDGE_CURVE('',#6343,#6338,#3602,.T.);
#7957=EDGE_CURVE('',#6342,#6335,#3603,.T.);
#7958=EDGE_CURVE('',#6334,#6341,#3604,.T.);
#7959=EDGE_CURVE('',#6332,#6339,#3605,.T.);
#7960=EDGE_CURVE('',#6340,#6331,#3606,.T.);
#7961=EDGE_CURVE('',#6331,#6336,#3607,.T.);
#7962=EDGE_CURVE('',#6337,#6333,#3608,.T.);
#7963=EDGE_CURVE('',#6335,#6332,#3609,.T.);
#7964=EDGE_CURVE('',#6333,#6334,#3610,.T.);
#7965=EDGE_CURVE('',#6347,#6348,#3611,.T.);
#7966=EDGE_CURVE('',#6349,#6347,#3612,.T.);
#7967=EDGE_CURVE('',#6350,#6349,#3613,.T.);
#7968=EDGE_CURVE('',#6348,#6350,#3614,.T.);
#7969=EDGE_CURVE('',#6351,#6352,#3615,.T.);
#7970=EDGE_CURVE('',#6352,#6353,#3616,.T.);
#7971=EDGE_CURVE('',#6353,#6354,#3617,.T.);
#7972=EDGE_CURVE('',#6354,#6351,#3618,.T.);
#7973=EDGE_CURVE('',#6351,#6347,#3619,.T.);
#7974=EDGE_CURVE('',#6352,#6348,#3620,.T.);
#7975=EDGE_CURVE('',#6353,#6350,#3621,.T.);
#7976=EDGE_CURVE('',#6354,#6349,#3622,.T.);
#7977=EDGE_CURVE('',#6355,#6356,#3623,.T.);
#7978=EDGE_CURVE('',#6356,#6357,#3624,.T.);
#7979=EDGE_CURVE('',#6358,#6357,#3625,.T.);
#7980=EDGE_CURVE('',#6355,#6358,#3626,.T.);
#7981=EDGE_CURVE('',#6359,#6355,#3627,.T.);
#7982=EDGE_CURVE('',#6360,#6358,#3628,.T.);
#7983=EDGE_CURVE('',#6359,#6360,#3629,.T.);
#7984=EDGE_CURVE('',#6361,#6359,#3630,.T.);
#7985=EDGE_CURVE('',#6362,#6360,#3631,.T.);
#7986=EDGE_CURVE('',#6361,#6362,#3632,.T.);
#7987=EDGE_CURVE('',#6356,#6361,#3633,.T.);
#7988=EDGE_CURVE('',#6357,#6362,#3634,.T.);
#7989=EDGE_CURVE('',#6363,#6364,#5325,.F.);
#7990=EDGE_CURVE('',#6365,#6363,#5326,.F.);
#7991=EDGE_CURVE('',#6364,#6365,#5327,.F.);
#7992=EDGE_CURVE('',#6366,#6367,#5328,.F.);
#7993=EDGE_CURVE('',#6368,#6366,#5329,.F.);
#7994=EDGE_CURVE('',#6367,#6368,#5330,.F.);
#7995=EDGE_CURVE('',#6365,#6368,#3635,.T.);
#7996=EDGE_CURVE('',#6366,#6364,#3636,.T.);
#7997=EDGE_CURVE('',#6369,#6370,#5331,.F.);
#7998=EDGE_CURVE('',#6371,#6369,#5332,.F.);
#7999=EDGE_CURVE('',#6370,#6371,#5333,.F.);
#8000=EDGE_CURVE('',#6372,#6373,#5334,.F.);
#8001=EDGE_CURVE('',#6374,#6372,#5335,.F.);
#8002=EDGE_CURVE('',#6373,#6374,#5336,.F.);
#8003=EDGE_CURVE('',#6375,#6376,#5337,.F.);
#8004=EDGE_CURVE('',#6377,#6375,#5338,.F.);
#8005=EDGE_CURVE('',#6376,#6377,#5339,.F.);
#8006=EDGE_CURVE('',#6378,#6379,#5340,.F.);
#8007=EDGE_CURVE('',#6380,#6378,#5341,.F.);
#8008=EDGE_CURVE('',#6379,#6380,#5342,.F.);
#8009=EDGE_CURVE('',#6378,#6372,#3637,.T.);
#8010=EDGE_CURVE('',#6373,#6380,#3638,.T.);
#8011=EDGE_CURVE('',#6379,#6367,#3639,.T.);
#8012=EDGE_CURVE('',#6380,#6366,#3640,.T.);
#8013=EDGE_CURVE('',#6381,#6382,#5343,.F.);
#8014=EDGE_CURVE('',#6383,#6381,#5344,.F.);
#8015=EDGE_CURVE('',#6382,#6383,#5345,.F.);
#8016=EDGE_CURVE('',#6384,#6385,#5346,.F.);
#8017=EDGE_CURVE('',#6386,#6384,#5347,.F.);
#8018=EDGE_CURVE('',#6385,#6386,#5348,.F.);
#8019=EDGE_CURVE('',#6381,#6386,#3641,.T.);
#8020=EDGE_CURVE('',#6384,#6383,#3642,.T.);
#8021=EDGE_CURVE('',#6386,#6378,#3643,.T.);
#8022=EDGE_CURVE('',#6379,#6385,#3644,.T.);
#8023=EDGE_CURVE('',#6375,#6384,#3645,.T.);
#8024=EDGE_CURVE('',#6385,#6377,#3646,.T.);
#8025=EDGE_CURVE('',#6370,#6382,#3647,.T.);
#8026=EDGE_CURVE('',#6383,#6369,#3648,.T.);
#8027=EDGE_CURVE('',#6372,#6381,#3649,.T.);
#8028=EDGE_CURVE('',#6382,#6374,#3650,.T.);
#8029=EDGE_CURVE('',#6368,#6376,#3651,.T.);
#8030=EDGE_CURVE('',#6377,#6367,#3652,.T.);
#8031=EDGE_CURVE('',#6376,#6371,#3653,.T.);
#8032=EDGE_CURVE('',#6369,#6375,#3654,.T.);
#8033=EDGE_CURVE('',#6364,#6373,#3655,.T.);
#8034=EDGE_CURVE('',#6374,#6363,#3656,.T.);
#8035=EDGE_CURVE('',#6371,#6365,#3657,.T.);
#8036=EDGE_CURVE('',#6363,#6370,#3658,.T.);
#8037=EDGE_CURVE('',#6387,#6388,#5349,.F.);
#8038=EDGE_CURVE('',#6389,#6387,#5350,.F.);
#8039=EDGE_CURVE('',#6388,#6389,#5351,.F.);
#8040=EDGE_CURVE('',#6390,#6391,#5352,.F.);
#8041=EDGE_CURVE('',#6392,#6390,#5353,.F.);
#8042=EDGE_CURVE('',#6391,#6392,#5354,.F.);
#8043=EDGE_CURVE('',#6389,#6392,#3659,.T.);
#8044=EDGE_CURVE('',#6390,#6388,#3660,.T.);
#8045=EDGE_CURVE('',#6393,#6394,#5355,.F.);
#8046=EDGE_CURVE('',#6395,#6393,#5356,.F.);
#8047=EDGE_CURVE('',#6394,#6395,#5357,.F.);
#8048=EDGE_CURVE('',#6396,#6397,#5358,.F.);
#8049=EDGE_CURVE('',#6398,#6396,#5359,.F.);
#8050=EDGE_CURVE('',#6397,#6398,#5360,.F.);
#8051=EDGE_CURVE('',#6399,#6400,#5361,.F.);
#8052=EDGE_CURVE('',#6401,#6399,#5362,.F.);
#8053=EDGE_CURVE('',#6400,#6401,#5363,.F.);
#8054=EDGE_CURVE('',#6402,#6403,#5364,.F.);
#8055=EDGE_CURVE('',#6404,#6402,#5365,.F.);
#8056=EDGE_CURVE('',#6403,#6404,#5366,.F.);
#8057=EDGE_CURVE('',#6402,#6396,#3661,.T.);
#8058=EDGE_CURVE('',#6397,#6404,#3662,.T.);
#8059=EDGE_CURVE('',#6391,#6403,#3663,.T.);
#8060=EDGE_CURVE('',#6404,#6390,#3664,.T.);
#8061=EDGE_CURVE('',#6405,#6406,#5367,.F.);
#8062=EDGE_CURVE('',#6407,#6405,#5368,.F.);
#8063=EDGE_CURVE('',#6406,#6407,#5369,.F.);
#8064=EDGE_CURVE('',#6408,#6409,#5370,.F.);
#8065=EDGE_CURVE('',#6410,#6408,#5371,.F.);
#8066=EDGE_CURVE('',#6409,#6410,#5372,.F.);
#8067=EDGE_CURVE('',#6405,#6410,#3665,.T.);
#8068=EDGE_CURVE('',#6408,#6407,#3666,.T.);
#8069=EDGE_CURVE('',#6410,#6402,#3667,.T.);
#8070=EDGE_CURVE('',#6403,#6409,#3668,.T.);
#8071=EDGE_CURVE('',#6399,#6408,#3669,.T.);
#8072=EDGE_CURVE('',#6409,#6401,#3670,.T.);
#8073=EDGE_CURVE('',#6406,#6394,#3671,.T.);
#8074=EDGE_CURVE('',#6407,#6393,#3672,.T.);
#8075=EDGE_CURVE('',#6396,#6405,#3673,.T.);
#8076=EDGE_CURVE('',#6406,#6398,#3674,.T.);
#8077=EDGE_CURVE('',#6392,#6400,#3675,.T.);
#8078=EDGE_CURVE('',#6401,#6391,#3676,.T.);
#8079=EDGE_CURVE('',#6400,#6395,#3677,.T.);
#8080=EDGE_CURVE('',#6393,#6399,#3678,.T.);
#8081=EDGE_CURVE('',#6388,#6397,#3679,.T.);
#8082=EDGE_CURVE('',#6398,#6387,#3680,.T.);
#8083=EDGE_CURVE('',#6395,#6389,#3681,.T.);
#8084=EDGE_CURVE('',#6387,#6394,#3682,.T.);
#8085=EDGE_CURVE('',#6411,#6412,#3683,.T.);
#8086=EDGE_CURVE('',#6412,#6413,#3684,.T.);
#8087=EDGE_CURVE('',#6413,#6414,#3685,.T.);
#8088=EDGE_CURVE('',#6414,#6411,#3686,.T.);
#8089=EDGE_CURVE('',#6415,#6416,#3687,.T.);
#8090=EDGE_CURVE('',#6416,#6417,#3688,.T.);
#8091=EDGE_CURVE('',#6417,#6418,#3689,.T.);
#8092=EDGE_CURVE('',#6418,#6415,#3690,.T.);
#8093=EDGE_CURVE('',#6414,#6417,#3691,.T.);
#8094=EDGE_CURVE('',#6411,#6416,#3692,.T.);
#8095=EDGE_CURVE('',#6413,#6418,#3693,.T.);
#8096=EDGE_CURVE('',#6412,#6415,#3694,.T.);
#8097=ORIENTED_EDGE('',*,*,#6419,.F.);
#8098=ORIENTED_EDGE('',*,*,#6420,.T.);
#8099=ORIENTED_EDGE('',*,*,#6421,.F.);
#8100=ORIENTED_EDGE('',*,*,#6420,.F.);
#8101=ORIENTED_EDGE('',*,*,#6422,.F.);
#8102=ORIENTED_EDGE('',*,*,#6423,.T.);
#8103=ORIENTED_EDGE('',*,*,#6424,.F.);
#8104=ORIENTED_EDGE('',*,*,#6423,.F.);
#8105=ORIENTED_EDGE('',*,*,#6425,.F.);
#8106=ORIENTED_EDGE('',*,*,#6426,.T.);
#8107=ORIENTED_EDGE('',*,*,#6427,.F.);
#8108=ORIENTED_EDGE('',*,*,#6426,.F.);
#8109=ORIENTED_EDGE('',*,*,#6428,.F.);
#8110=ORIENTED_EDGE('',*,*,#6429,.T.);
#8111=ORIENTED_EDGE('',*,*,#6430,.F.);
#8112=ORIENTED_EDGE('',*,*,#6429,.F.);
#8113=ORIENTED_EDGE('',*,*,#6431,.F.);
#8114=ORIENTED_EDGE('',*,*,#6432,.T.);
#8115=ORIENTED_EDGE('',*,*,#6433,.F.);
#8116=ORIENTED_EDGE('',*,*,#6432,.F.);
#8117=ORIENTED_EDGE('',*,*,#6434,.F.);
#8118=ORIENTED_EDGE('',*,*,#6435,.T.);
#8119=ORIENTED_EDGE('',*,*,#6436,.F.);
#8120=ORIENTED_EDGE('',*,*,#6435,.F.);
#8121=ORIENTED_EDGE('',*,*,#6437,.F.);
#8122=ORIENTED_EDGE('',*,*,#6438,.T.);
#8123=ORIENTED_EDGE('',*,*,#6439,.F.);
#8124=ORIENTED_EDGE('',*,*,#6438,.F.);
#8125=ORIENTED_EDGE('',*,*,#6440,.F.);
#8126=ORIENTED_EDGE('',*,*,#6441,.T.);
#8127=ORIENTED_EDGE('',*,*,#6442,.F.);
#8128=ORIENTED_EDGE('',*,*,#6441,.F.);
#8129=ORIENTED_EDGE('',*,*,#6443,.F.);
#8130=ORIENTED_EDGE('',*,*,#6444,.T.);
#8131=ORIENTED_EDGE('',*,*,#6445,.F.);
#8132=ORIENTED_EDGE('',*,*,#6444,.F.);
#8133=ORIENTED_EDGE('',*,*,#6446,.F.);
#8134=ORIENTED_EDGE('',*,*,#6447,.T.);
#8135=ORIENTED_EDGE('',*,*,#6448,.F.);
#8136=ORIENTED_EDGE('',*,*,#6447,.F.);
#8137=ORIENTED_EDGE('',*,*,#6449,.F.);
#8138=ORIENTED_EDGE('',*,*,#6450,.T.);
#8139=ORIENTED_EDGE('',*,*,#6451,.F.);
#8140=ORIENTED_EDGE('',*,*,#6450,.F.);
#8141=ORIENTED_EDGE('',*,*,#6452,.F.);
#8142=ORIENTED_EDGE('',*,*,#6453,.T.);
#8143=ORIENTED_EDGE('',*,*,#6454,.F.);
#8144=ORIENTED_EDGE('',*,*,#6453,.F.);
#8145=ORIENTED_EDGE('',*,*,#6455,.F.);
#8146=ORIENTED_EDGE('',*,*,#6456,.F.);
#8147=ORIENTED_EDGE('',*,*,#6457,.F.);
#8148=ORIENTED_EDGE('',*,*,#6458,.F.);
#8149=ORIENTED_EDGE('',*,*,#6459,.F.);
#8150=ORIENTED_EDGE('',*,*,#6460,.T.);
#8151=ORIENTED_EDGE('',*,*,#6461,.F.);
#8152=ORIENTED_EDGE('',*,*,#6460,.F.);
#8153=ORIENTED_EDGE('',*,*,#6462,.F.);
#8154=ORIENTED_EDGE('',*,*,#6463,.T.);
#8155=ORIENTED_EDGE('',*,*,#6464,.F.);
#8156=ORIENTED_EDGE('',*,*,#6463,.F.);
#8157=ORIENTED_EDGE('',*,*,#6465,.F.);
#8158=ORIENTED_EDGE('',*,*,#6466,.T.);
#8159=ORIENTED_EDGE('',*,*,#6467,.F.);
#8160=ORIENTED_EDGE('',*,*,#6466,.F.);
#8161=ORIENTED_EDGE('',*,*,#6468,.F.);
#8162=ORIENTED_EDGE('',*,*,#6469,.F.);
#8163=ORIENTED_EDGE('',*,*,#6470,.F.);
#8164=ORIENTED_EDGE('',*,*,#6471,.F.);
#8165=ORIENTED_EDGE('',*,*,#6472,.F.);
#8166=ORIENTED_EDGE('',*,*,#6473,.T.);
#8167=ORIENTED_EDGE('',*,*,#6474,.F.);
#8168=ORIENTED_EDGE('',*,*,#6473,.F.);
#8169=ORIENTED_EDGE('',*,*,#6475,.F.);
#8170=ORIENTED_EDGE('',*,*,#6476,.F.);
#8171=ORIENTED_EDGE('',*,*,#6477,.F.);
#8172=ORIENTED_EDGE('',*,*,#6478,.F.);
#8173=ORIENTED_EDGE('',*,*,#6479,.F.);
#8174=ORIENTED_EDGE('',*,*,#6480,.T.);
#8175=ORIENTED_EDGE('',*,*,#6481,.F.);
#8176=ORIENTED_EDGE('',*,*,#6480,.F.);
#8177=ORIENTED_EDGE('',*,*,#6482,.F.);
#8178=ORIENTED_EDGE('',*,*,#6483,.T.);
#8179=ORIENTED_EDGE('',*,*,#6484,.F.);
#8180=ORIENTED_EDGE('',*,*,#6483,.F.);
#8181=ORIENTED_EDGE('',*,*,#6485,.F.);
#8182=ORIENTED_EDGE('',*,*,#6486,.T.);
#8183=ORIENTED_EDGE('',*,*,#6487,.F.);
#8184=ORIENTED_EDGE('',*,*,#6486,.F.);
#8185=ORIENTED_EDGE('',*,*,#6488,.F.);
#8186=ORIENTED_EDGE('',*,*,#6489,.T.);
#8187=ORIENTED_EDGE('',*,*,#6490,.F.);
#8188=ORIENTED_EDGE('',*,*,#6489,.F.);
#8189=ORIENTED_EDGE('',*,*,#6491,.F.);
#8190=ORIENTED_EDGE('',*,*,#6492,.T.);
#8191=ORIENTED_EDGE('',*,*,#6493,.F.);
#8192=ORIENTED_EDGE('',*,*,#6492,.F.);
#8193=ORIENTED_EDGE('',*,*,#6475,.T.);
#8194=ORIENTED_EDGE('',*,*,#6494,.F.);
#8195=ORIENTED_EDGE('',*,*,#6495,.F.);
#8196=ORIENTED_EDGE('',*,*,#6496,.T.);
#8197=ORIENTED_EDGE('',*,*,#6470,.T.);
#8198=ORIENTED_EDGE('',*,*,#6497,.T.);
#8199=ORIENTED_EDGE('',*,*,#6498,.T.);
#8200=ORIENTED_EDGE('',*,*,#6499,.F.);
#8201=ORIENTED_EDGE('',*,*,#6455,.T.);
#8202=ORIENTED_EDGE('',*,*,#6500,.F.);
#8203=ORIENTED_EDGE('',*,*,#6477,.T.);
#8204=ORIENTED_EDGE('',*,*,#6501,.T.);
#8205=ORIENTED_EDGE('',*,*,#6457,.T.);
#8206=ORIENTED_EDGE('',*,*,#6502,.T.);
#8207=ORIENTED_EDGE('',*,*,#6468,.T.);
#8208=ORIENTED_EDGE('',*,*,#6503,.F.);
#8209=ORIENTED_EDGE('',*,*,#6458,.T.);
#8210=ORIENTED_EDGE('',*,*,#6503,.T.);
#8211=ORIENTED_EDGE('',*,*,#6471,.T.);
#8212=ORIENTED_EDGE('',*,*,#6499,.T.);
#8213=ORIENTED_EDGE('',*,*,#6504,.T.);
#8214=ORIENTED_EDGE('',*,*,#6505,.T.);
#8215=ORIENTED_EDGE('',*,*,#6506,.T.);
#8216=ORIENTED_EDGE('',*,*,#6507,.T.);
#8217=ORIENTED_EDGE('',*,*,#6508,.T.);
#8218=ORIENTED_EDGE('',*,*,#6509,.T.);
#8219=ORIENTED_EDGE('',*,*,#6510,.T.);
#8220=ORIENTED_EDGE('',*,*,#6494,.T.);
#8221=ORIENTED_EDGE('',*,*,#6478,.T.);
#8222=ORIENTED_EDGE('',*,*,#6500,.T.);
#8223=ORIENTED_EDGE('',*,*,#6493,.T.);
#8224=ORIENTED_EDGE('',*,*,#6490,.T.);
#8225=ORIENTED_EDGE('',*,*,#6487,.T.);
#8226=ORIENTED_EDGE('',*,*,#6484,.T.);
#8227=ORIENTED_EDGE('',*,*,#6481,.T.);
#8228=ORIENTED_EDGE('',*,*,#6474,.T.);
#8229=ORIENTED_EDGE('',*,*,#6467,.T.);
#8230=ORIENTED_EDGE('',*,*,#6464,.T.);
#8231=ORIENTED_EDGE('',*,*,#6461,.T.);
#8232=ORIENTED_EDGE('',*,*,#6454,.T.);
#8233=ORIENTED_EDGE('',*,*,#6451,.T.);
#8234=ORIENTED_EDGE('',*,*,#6448,.T.);
#8235=ORIENTED_EDGE('',*,*,#6445,.T.);
#8236=ORIENTED_EDGE('',*,*,#6442,.T.);
#8237=ORIENTED_EDGE('',*,*,#6439,.T.);
#8238=ORIENTED_EDGE('',*,*,#6436,.T.);
#8239=ORIENTED_EDGE('',*,*,#6433,.T.);
#8240=ORIENTED_EDGE('',*,*,#6430,.T.);
#8241=ORIENTED_EDGE('',*,*,#6427,.T.);
#8242=ORIENTED_EDGE('',*,*,#6424,.T.);
#8243=ORIENTED_EDGE('',*,*,#6421,.T.);
#8244=ORIENTED_EDGE('',*,*,#6456,.T.);
#8245=ORIENTED_EDGE('',*,*,#6501,.F.);
#8246=ORIENTED_EDGE('',*,*,#6476,.T.);
#8247=ORIENTED_EDGE('',*,*,#6496,.F.);
#8248=ORIENTED_EDGE('',*,*,#6511,.F.);
#8249=ORIENTED_EDGE('',*,*,#6512,.F.);
#8250=ORIENTED_EDGE('',*,*,#6513,.F.);
#8251=ORIENTED_EDGE('',*,*,#6514,.F.);
#8252=ORIENTED_EDGE('',*,*,#6515,.F.);
#8253=ORIENTED_EDGE('',*,*,#6516,.F.);
#8254=ORIENTED_EDGE('',*,*,#6517,.F.);
#8255=ORIENTED_EDGE('',*,*,#6497,.F.);
#8256=ORIENTED_EDGE('',*,*,#6469,.T.);
#8257=ORIENTED_EDGE('',*,*,#6502,.F.);
#8258=ORIENTED_EDGE('',*,*,#6491,.T.);
#8259=ORIENTED_EDGE('',*,*,#6488,.T.);
#8260=ORIENTED_EDGE('',*,*,#6485,.T.);
#8261=ORIENTED_EDGE('',*,*,#6482,.T.);
#8262=ORIENTED_EDGE('',*,*,#6479,.T.);
#8263=ORIENTED_EDGE('',*,*,#6472,.T.);
#8264=ORIENTED_EDGE('',*,*,#6465,.T.);
#8265=ORIENTED_EDGE('',*,*,#6462,.T.);
#8266=ORIENTED_EDGE('',*,*,#6459,.T.);
#8267=ORIENTED_EDGE('',*,*,#6452,.T.);
#8268=ORIENTED_EDGE('',*,*,#6449,.T.);
#8269=ORIENTED_EDGE('',*,*,#6446,.T.);
#8270=ORIENTED_EDGE('',*,*,#6443,.T.);
#8271=ORIENTED_EDGE('',*,*,#6440,.T.);
#8272=ORIENTED_EDGE('',*,*,#6437,.T.);
#8273=ORIENTED_EDGE('',*,*,#6434,.T.);
#8274=ORIENTED_EDGE('',*,*,#6431,.T.);
#8275=ORIENTED_EDGE('',*,*,#6428,.T.);
#8276=ORIENTED_EDGE('',*,*,#6425,.T.);
#8277=ORIENTED_EDGE('',*,*,#6422,.T.);
#8278=ORIENTED_EDGE('',*,*,#6419,.T.);
#8279=ORIENTED_EDGE('',*,*,#6517,.T.);
#8280=ORIENTED_EDGE('',*,*,#6518,.T.);
#8281=ORIENTED_EDGE('',*,*,#6504,.F.);
#8282=ORIENTED_EDGE('',*,*,#6498,.F.);
#8283=ORIENTED_EDGE('',*,*,#6511,.T.);
#8284=ORIENTED_EDGE('',*,*,#6495,.T.);
#8285=ORIENTED_EDGE('',*,*,#6510,.F.);
#8286=ORIENTED_EDGE('',*,*,#6519,.F.);
#8287=ORIENTED_EDGE('',*,*,#6512,.T.);
#8288=ORIENTED_EDGE('',*,*,#6519,.T.);
#8289=ORIENTED_EDGE('',*,*,#6509,.F.);
#8290=ORIENTED_EDGE('',*,*,#6520,.F.);
#8291=ORIENTED_EDGE('',*,*,#6513,.T.);
#8292=ORIENTED_EDGE('',*,*,#6520,.T.);
#8293=ORIENTED_EDGE('',*,*,#6508,.F.);
#8294=ORIENTED_EDGE('',*,*,#6521,.F.);
#8295=ORIENTED_EDGE('',*,*,#6514,.T.);
#8296=ORIENTED_EDGE('',*,*,#6521,.T.);
#8297=ORIENTED_EDGE('',*,*,#6507,.F.);
#8298=ORIENTED_EDGE('',*,*,#6522,.F.);
#8299=ORIENTED_EDGE('',*,*,#6515,.T.);
#8300=ORIENTED_EDGE('',*,*,#6522,.T.);
#8301=ORIENTED_EDGE('',*,*,#6506,.F.);
#8302=ORIENTED_EDGE('',*,*,#6523,.F.);
#8303=ORIENTED_EDGE('',*,*,#6516,.T.);
#8304=ORIENTED_EDGE('',*,*,#6523,.T.);
#8305=ORIENTED_EDGE('',*,*,#6505,.F.);
#8306=ORIENTED_EDGE('',*,*,#6518,.F.);
#8307=ORIENTED_EDGE('',*,*,#6524,.T.);
#8308=ORIENTED_EDGE('',*,*,#6525,.T.);
#8309=ORIENTED_EDGE('',*,*,#6526,.F.);
#8310=ORIENTED_EDGE('',*,*,#6527,.F.);
#8311=ORIENTED_EDGE('',*,*,#6528,.T.);
#8312=ORIENTED_EDGE('',*,*,#6527,.T.);
#8313=ORIENTED_EDGE('',*,*,#6529,.T.);
#8314=ORIENTED_EDGE('',*,*,#6530,.T.);
#8315=ORIENTED_EDGE('',*,*,#6525,.F.);
#8316=ORIENTED_EDGE('',*,*,#6531,.F.);
#8317=ORIENTED_EDGE('',*,*,#6532,.F.);
#8318=ORIENTED_EDGE('',*,*,#6533,.F.);
#8319=ORIENTED_EDGE('',*,*,#6531,.T.);
#8320=ORIENTED_EDGE('',*,*,#6524,.F.);
#8321=ORIENTED_EDGE('',*,*,#6528,.F.);
#8322=ORIENTED_EDGE('',*,*,#6534,.T.);
#8323=ORIENTED_EDGE('',*,*,#6532,.T.);
#8324=ORIENTED_EDGE('',*,*,#6534,.F.);
#8325=ORIENTED_EDGE('',*,*,#6530,.F.);
#8326=ORIENTED_EDGE('',*,*,#6535,.T.);
#8327=ORIENTED_EDGE('',*,*,#6533,.T.);
#8328=ORIENTED_EDGE('',*,*,#6535,.F.);
#8329=ORIENTED_EDGE('',*,*,#6529,.F.);
#8330=ORIENTED_EDGE('',*,*,#6526,.T.);
#8331=ORIENTED_EDGE('',*,*,#6536,.F.);
#8332=ORIENTED_EDGE('',*,*,#6537,.F.);
#8333=ORIENTED_EDGE('',*,*,#6538,.T.);
#8334=ORIENTED_EDGE('',*,*,#6539,.F.);
#8335=ORIENTED_EDGE('',*,*,#6540,.F.);
#8336=ORIENTED_EDGE('',*,*,#6541,.F.);
#8337=ORIENTED_EDGE('',*,*,#6542,.F.);
#8338=ORIENTED_EDGE('',*,*,#6543,.F.);
#8339=ORIENTED_EDGE('',*,*,#6544,.T.);
#8340=ORIENTED_EDGE('',*,*,#6539,.T.);
#8341=ORIENTED_EDGE('',*,*,#6545,.F.);
#8342=ORIENTED_EDGE('',*,*,#6541,.T.);
#8343=ORIENTED_EDGE('',*,*,#6546,.T.);
#8344=ORIENTED_EDGE('',*,*,#6543,.T.);
#8345=ORIENTED_EDGE('',*,*,#6547,.F.);
#8346=ORIENTED_EDGE('',*,*,#6548,.F.);
#8347=ORIENTED_EDGE('',*,*,#6549,.T.);
#8348=ORIENTED_EDGE('',*,*,#6550,.T.);
#8349=ORIENTED_EDGE('',*,*,#6551,.F.);
#8350=ORIENTED_EDGE('',*,*,#6537,.T.);
#8351=ORIENTED_EDGE('',*,*,#6545,.T.);
#8352=ORIENTED_EDGE('',*,*,#6538,.F.);
#8353=ORIENTED_EDGE('',*,*,#6551,.T.);
#8354=ORIENTED_EDGE('',*,*,#6552,.T.);
#8355=ORIENTED_EDGE('',*,*,#6553,.F.);
#8356=ORIENTED_EDGE('',*,*,#6554,.F.);
#8357=ORIENTED_EDGE('',*,*,#6555,.F.);
#8358=ORIENTED_EDGE('',*,*,#6556,.F.);
#8359=ORIENTED_EDGE('',*,*,#6547,.T.);
#8360=ORIENTED_EDGE('',*,*,#6542,.T.);
#8361=ORIENTED_EDGE('',*,*,#6557,.T.);
#8362=ORIENTED_EDGE('',*,*,#6558,.T.);
#8363=ORIENTED_EDGE('',*,*,#6553,.T.);
#8364=ORIENTED_EDGE('',*,*,#6559,.T.);
#8365=ORIENTED_EDGE('',*,*,#6560,.F.);
#8366=ORIENTED_EDGE('',*,*,#6561,.F.);
#8367=ORIENTED_EDGE('',*,*,#6555,.T.);
#8368=ORIENTED_EDGE('',*,*,#6562,.T.);
#8369=ORIENTED_EDGE('',*,*,#6563,.F.);
#8370=ORIENTED_EDGE('',*,*,#6559,.F.);
#8371=ORIENTED_EDGE('',*,*,#6552,.F.);
#8372=ORIENTED_EDGE('',*,*,#6550,.F.);
#8373=ORIENTED_EDGE('',*,*,#6561,.T.);
#8374=ORIENTED_EDGE('',*,*,#6564,.T.);
#8375=ORIENTED_EDGE('',*,*,#6548,.T.);
#8376=ORIENTED_EDGE('',*,*,#6556,.T.);
#8377=ORIENTED_EDGE('',*,*,#6564,.F.);
#8378=ORIENTED_EDGE('',*,*,#6560,.T.);
#8379=ORIENTED_EDGE('',*,*,#6563,.T.);
#8380=ORIENTED_EDGE('',*,*,#6549,.F.);
#8381=ORIENTED_EDGE('',*,*,#6565,.T.);
#8382=ORIENTED_EDGE('',*,*,#6557,.F.);
#8383=ORIENTED_EDGE('',*,*,#6565,.F.);
#8384=ORIENTED_EDGE('',*,*,#6562,.F.);
#8385=ORIENTED_EDGE('',*,*,#6554,.T.);
#8386=ORIENTED_EDGE('',*,*,#6558,.F.);
#8387=ORIENTED_EDGE('',*,*,#6540,.T.);
#8388=ORIENTED_EDGE('',*,*,#6546,.F.);
#8389=ORIENTED_EDGE('',*,*,#6536,.T.);
#8390=ORIENTED_EDGE('',*,*,#6544,.F.);
#8391=ORIENTED_EDGE('',*,*,#6566,.F.);
#8392=ORIENTED_EDGE('',*,*,#6567,.T.);
#8393=ORIENTED_EDGE('',*,*,#6568,.T.);
#8394=ORIENTED_EDGE('',*,*,#6569,.F.);
#8395=ORIENTED_EDGE('',*,*,#6570,.T.);
#8396=ORIENTED_EDGE('',*,*,#6571,.F.);
#8397=ORIENTED_EDGE('',*,*,#6572,.F.);
#8398=ORIENTED_EDGE('',*,*,#6571,.T.);
#8399=ORIENTED_EDGE('',*,*,#6573,.T.);
#8400=ORIENTED_EDGE('',*,*,#6574,.F.);
#8401=ORIENTED_EDGE('',*,*,#6575,.F.);
#8402=ORIENTED_EDGE('',*,*,#6574,.T.);
#8403=ORIENTED_EDGE('',*,*,#6576,.T.);
#8404=ORIENTED_EDGE('',*,*,#6577,.F.);
#8405=ORIENTED_EDGE('',*,*,#6578,.F.);
#8406=ORIENTED_EDGE('',*,*,#6577,.T.);
#8407=ORIENTED_EDGE('',*,*,#6579,.T.);
#8408=ORIENTED_EDGE('',*,*,#6580,.F.);
#8409=ORIENTED_EDGE('',*,*,#6581,.F.);
#8410=ORIENTED_EDGE('',*,*,#6580,.T.);
#8411=ORIENTED_EDGE('',*,*,#6582,.T.);
#8412=ORIENTED_EDGE('',*,*,#6583,.T.);
#8413=ORIENTED_EDGE('',*,*,#6584,.T.);
#8414=ORIENTED_EDGE('',*,*,#6585,.F.);
#8415=ORIENTED_EDGE('',*,*,#6570,.F.);
#8416=ORIENTED_EDGE('',*,*,#6586,.F.);
#8417=ORIENTED_EDGE('',*,*,#6582,.F.);
#8418=ORIENTED_EDGE('',*,*,#6579,.F.);
#8419=ORIENTED_EDGE('',*,*,#6576,.F.);
#8420=ORIENTED_EDGE('',*,*,#6573,.F.);
#8421=ORIENTED_EDGE('',*,*,#6587,.T.);
#8422=ORIENTED_EDGE('',*,*,#6566,.T.);
#8423=ORIENTED_EDGE('',*,*,#6572,.T.);
#8424=ORIENTED_EDGE('',*,*,#6575,.T.);
#8425=ORIENTED_EDGE('',*,*,#6578,.T.);
#8426=ORIENTED_EDGE('',*,*,#6581,.T.);
#8427=ORIENTED_EDGE('',*,*,#6588,.F.);
#8428=ORIENTED_EDGE('',*,*,#6584,.F.);
#8429=ORIENTED_EDGE('',*,*,#6589,.F.);
#8430=ORIENTED_EDGE('',*,*,#6568,.F.);
#8431=ORIENTED_EDGE('',*,*,#6583,.F.);
#8432=ORIENTED_EDGE('',*,*,#6586,.T.);
#8433=ORIENTED_EDGE('',*,*,#6569,.T.);
#8434=ORIENTED_EDGE('',*,*,#6589,.T.);
#8435=ORIENTED_EDGE('',*,*,#6587,.F.);
#8436=ORIENTED_EDGE('',*,*,#6585,.T.);
#8437=ORIENTED_EDGE('',*,*,#6588,.T.);
#8438=ORIENTED_EDGE('',*,*,#6567,.F.);
#8439=ORIENTED_EDGE('',*,*,#6590,.T.);
#8440=ORIENTED_EDGE('',*,*,#6591,.T.);
#8441=ORIENTED_EDGE('',*,*,#6592,.F.);
#8442=ORIENTED_EDGE('',*,*,#6593,.T.);
#8443=ORIENTED_EDGE('',*,*,#6594,.F.);
#8444=ORIENTED_EDGE('',*,*,#6595,.F.);
#8445=ORIENTED_EDGE('',*,*,#6596,.T.);
#8446=ORIENTED_EDGE('',*,*,#6597,.T.);
#8447=ORIENTED_EDGE('',*,*,#6598,.F.);
#8448=ORIENTED_EDGE('',*,*,#6591,.F.);
#8449=ORIENTED_EDGE('',*,*,#6599,.T.);
#8450=ORIENTED_EDGE('',*,*,#6600,.T.);
#8451=ORIENTED_EDGE('',*,*,#6601,.F.);
#8452=ORIENTED_EDGE('',*,*,#6597,.F.);
#8453=ORIENTED_EDGE('',*,*,#6602,.T.);
#8454=ORIENTED_EDGE('',*,*,#6603,.T.);
#8455=ORIENTED_EDGE('',*,*,#6604,.F.);
#8456=ORIENTED_EDGE('',*,*,#6600,.F.);
#8457=ORIENTED_EDGE('',*,*,#6605,.T.);
#8458=ORIENTED_EDGE('',*,*,#6606,.T.);
#8459=ORIENTED_EDGE('',*,*,#6607,.F.);
#8460=ORIENTED_EDGE('',*,*,#6608,.F.);
#8461=ORIENTED_EDGE('',*,*,#6609,.F.);
#8462=ORIENTED_EDGE('',*,*,#6603,.F.);
#8463=ORIENTED_EDGE('',*,*,#6592,.T.);
#8464=ORIENTED_EDGE('',*,*,#6598,.T.);
#8465=ORIENTED_EDGE('',*,*,#6601,.T.);
#8466=ORIENTED_EDGE('',*,*,#6604,.T.);
#8467=ORIENTED_EDGE('',*,*,#6609,.T.);
#8468=ORIENTED_EDGE('',*,*,#6610,.T.);
#8469=ORIENTED_EDGE('',*,*,#6611,.F.);
#8470=ORIENTED_EDGE('',*,*,#6605,.F.);
#8471=ORIENTED_EDGE('',*,*,#6602,.F.);
#8472=ORIENTED_EDGE('',*,*,#6599,.F.);
#8473=ORIENTED_EDGE('',*,*,#6596,.F.);
#8474=ORIENTED_EDGE('',*,*,#6590,.F.);
#8475=ORIENTED_EDGE('',*,*,#6612,.T.);
#8476=ORIENTED_EDGE('',*,*,#6594,.T.);
#8477=ORIENTED_EDGE('',*,*,#6613,.T.);
#8478=ORIENTED_EDGE('',*,*,#6607,.T.);
#8479=ORIENTED_EDGE('',*,*,#6608,.T.);
#8480=ORIENTED_EDGE('',*,*,#6613,.F.);
#8481=ORIENTED_EDGE('',*,*,#6593,.F.);
#8482=ORIENTED_EDGE('',*,*,#6610,.F.);
#8483=ORIENTED_EDGE('',*,*,#6611,.T.);
#8484=ORIENTED_EDGE('',*,*,#6595,.T.);
#8485=ORIENTED_EDGE('',*,*,#6612,.F.);
#8486=ORIENTED_EDGE('',*,*,#6606,.F.);
#8487=ORIENTED_EDGE('',*,*,#6614,.T.);
#8488=ORIENTED_EDGE('',*,*,#6615,.T.);
#8489=ORIENTED_EDGE('',*,*,#6616,.F.);
#8490=ORIENTED_EDGE('',*,*,#6617,.T.);
#8491=ORIENTED_EDGE('',*,*,#6618,.F.);
#8492=ORIENTED_EDGE('',*,*,#6619,.F.);
#8493=ORIENTED_EDGE('',*,*,#6620,.T.);
#8494=ORIENTED_EDGE('',*,*,#6621,.T.);
#8495=ORIENTED_EDGE('',*,*,#6622,.F.);
#8496=ORIENTED_EDGE('',*,*,#6615,.F.);
#8497=ORIENTED_EDGE('',*,*,#6623,.T.);
#8498=ORIENTED_EDGE('',*,*,#6624,.T.);
#8499=ORIENTED_EDGE('',*,*,#6625,.F.);
#8500=ORIENTED_EDGE('',*,*,#6621,.F.);
#8501=ORIENTED_EDGE('',*,*,#6626,.T.);
#8502=ORIENTED_EDGE('',*,*,#6627,.T.);
#8503=ORIENTED_EDGE('',*,*,#6628,.F.);
#8504=ORIENTED_EDGE('',*,*,#6624,.F.);
#8505=ORIENTED_EDGE('',*,*,#6629,.T.);
#8506=ORIENTED_EDGE('',*,*,#6630,.T.);
#8507=ORIENTED_EDGE('',*,*,#6631,.F.);
#8508=ORIENTED_EDGE('',*,*,#6632,.F.);
#8509=ORIENTED_EDGE('',*,*,#6633,.F.);
#8510=ORIENTED_EDGE('',*,*,#6627,.F.);
#8511=ORIENTED_EDGE('',*,*,#6616,.T.);
#8512=ORIENTED_EDGE('',*,*,#6622,.T.);
#8513=ORIENTED_EDGE('',*,*,#6625,.T.);
#8514=ORIENTED_EDGE('',*,*,#6628,.T.);
#8515=ORIENTED_EDGE('',*,*,#6633,.T.);
#8516=ORIENTED_EDGE('',*,*,#6634,.T.);
#8517=ORIENTED_EDGE('',*,*,#6635,.F.);
#8518=ORIENTED_EDGE('',*,*,#6629,.F.);
#8519=ORIENTED_EDGE('',*,*,#6626,.F.);
#8520=ORIENTED_EDGE('',*,*,#6623,.F.);
#8521=ORIENTED_EDGE('',*,*,#6620,.F.);
#8522=ORIENTED_EDGE('',*,*,#6614,.F.);
#8523=ORIENTED_EDGE('',*,*,#6636,.T.);
#8524=ORIENTED_EDGE('',*,*,#6618,.T.);
#8525=ORIENTED_EDGE('',*,*,#6637,.T.);
#8526=ORIENTED_EDGE('',*,*,#6631,.T.);
#8527=ORIENTED_EDGE('',*,*,#6632,.T.);
#8528=ORIENTED_EDGE('',*,*,#6637,.F.);
#8529=ORIENTED_EDGE('',*,*,#6617,.F.);
#8530=ORIENTED_EDGE('',*,*,#6634,.F.);
#8531=ORIENTED_EDGE('',*,*,#6635,.T.);
#8532=ORIENTED_EDGE('',*,*,#6619,.T.);
#8533=ORIENTED_EDGE('',*,*,#6636,.F.);
#8534=ORIENTED_EDGE('',*,*,#6630,.F.);
#8535=ORIENTED_EDGE('',*,*,#6638,.F.);
#8536=ORIENTED_EDGE('',*,*,#6639,.T.);
#8537=ORIENTED_EDGE('',*,*,#6640,.T.);
#8538=ORIENTED_EDGE('',*,*,#6639,.F.);
#8539=ORIENTED_EDGE('',*,*,#6640,.F.);
#8540=ORIENTED_EDGE('',*,*,#6641,.T.);
#8541=ORIENTED_EDGE('',*,*,#6642,.T.);
#8542=ORIENTED_EDGE('',*,*,#6643,.T.);
#8543=ORIENTED_EDGE('',*,*,#6644,.T.);
#8544=ORIENTED_EDGE('',*,*,#6645,.T.);
#8545=ORIENTED_EDGE('',*,*,#6642,.F.);
#8546=ORIENTED_EDGE('',*,*,#6646,.T.);
#8547=ORIENTED_EDGE('',*,*,#6647,.F.);
#8548=ORIENTED_EDGE('',*,*,#6648,.T.);
#8549=ORIENTED_EDGE('',*,*,#6644,.F.);
#8550=ORIENTED_EDGE('',*,*,#6649,.T.);
#8551=ORIENTED_EDGE('',*,*,#6650,.T.);
#8552=ORIENTED_EDGE('',*,*,#6651,.T.);
#8553=ORIENTED_EDGE('',*,*,#6650,.F.);
#8554=ORIENTED_EDGE('',*,*,#6652,.T.);
#8555=ORIENTED_EDGE('',*,*,#6647,.T.);
#8556=ORIENTED_EDGE('',*,*,#6649,.F.);
#8557=ORIENTED_EDGE('',*,*,#6653,.T.);
#8558=ORIENTED_EDGE('',*,*,#6654,.F.);
#8559=ORIENTED_EDGE('',*,*,#6655,.F.);
#8560=ORIENTED_EDGE('',*,*,#6643,.F.);
#8561=ORIENTED_EDGE('',*,*,#6656,.T.);
#8562=ORIENTED_EDGE('',*,*,#6657,.F.);
#8563=ORIENTED_EDGE('',*,*,#6653,.F.);
#8564=ORIENTED_EDGE('',*,*,#6641,.F.);
#8565=ORIENTED_EDGE('',*,*,#6648,.F.);
#8566=ORIENTED_EDGE('',*,*,#6651,.F.);
#8567=ORIENTED_EDGE('',*,*,#6646,.F.);
#8568=ORIENTED_EDGE('',*,*,#6638,.T.);
#8569=ORIENTED_EDGE('',*,*,#6652,.F.);
#8570=ORIENTED_EDGE('',*,*,#6655,.T.);
#8571=ORIENTED_EDGE('',*,*,#6658,.F.);
#8572=ORIENTED_EDGE('',*,*,#6659,.F.);
#8573=ORIENTED_EDGE('',*,*,#6645,.F.);
#8574=ORIENTED_EDGE('',*,*,#6659,.T.);
#8575=ORIENTED_EDGE('',*,*,#6660,.F.);
#8576=ORIENTED_EDGE('',*,*,#6656,.F.);
#8577=ORIENTED_EDGE('',*,*,#6657,.T.);
#8578=ORIENTED_EDGE('',*,*,#6660,.T.);
#8579=ORIENTED_EDGE('',*,*,#6658,.T.);
#8580=ORIENTED_EDGE('',*,*,#6654,.T.);
#8581=ORIENTED_EDGE('',*,*,#6661,.T.);
#8582=ORIENTED_EDGE('',*,*,#6662,.T.);
#8583=ORIENTED_EDGE('',*,*,#6663,.F.);
#8584=ORIENTED_EDGE('',*,*,#6664,.F.);
#8585=ORIENTED_EDGE('',*,*,#6665,.T.);
#8586=ORIENTED_EDGE('',*,*,#6664,.T.);
#8587=ORIENTED_EDGE('',*,*,#6666,.F.);
#8588=ORIENTED_EDGE('',*,*,#6667,.F.);
#8589=ORIENTED_EDGE('',*,*,#6668,.T.);
#8590=ORIENTED_EDGE('',*,*,#6667,.T.);
#8591=ORIENTED_EDGE('',*,*,#6669,.F.);
#8592=ORIENTED_EDGE('',*,*,#6670,.F.);
#8593=ORIENTED_EDGE('',*,*,#6671,.T.);
#8594=ORIENTED_EDGE('',*,*,#6670,.T.);
#8595=ORIENTED_EDGE('',*,*,#6672,.F.);
#8596=ORIENTED_EDGE('',*,*,#6662,.F.);
#8597=ORIENTED_EDGE('',*,*,#6672,.T.);
#8598=ORIENTED_EDGE('',*,*,#6669,.T.);
#8599=ORIENTED_EDGE('',*,*,#6666,.T.);
#8600=ORIENTED_EDGE('',*,*,#6663,.T.);
#8601=ORIENTED_EDGE('',*,*,#6671,.F.);
#8602=ORIENTED_EDGE('',*,*,#6661,.F.);
#8603=ORIENTED_EDGE('',*,*,#6665,.F.);
#8604=ORIENTED_EDGE('',*,*,#6668,.F.);
#8605=ORIENTED_EDGE('',*,*,#6673,.F.);
#8606=ORIENTED_EDGE('',*,*,#6674,.T.);
#8607=ORIENTED_EDGE('',*,*,#6675,.F.);
#8608=ORIENTED_EDGE('',*,*,#6676,.F.);
#8609=ORIENTED_EDGE('',*,*,#6677,.T.);
#8610=ORIENTED_EDGE('',*,*,#6676,.T.);
#8611=ORIENTED_EDGE('',*,*,#6678,.F.);
#8612=ORIENTED_EDGE('',*,*,#6679,.F.);
#8613=ORIENTED_EDGE('',*,*,#6680,.T.);
#8614=ORIENTED_EDGE('',*,*,#6679,.T.);
#8615=ORIENTED_EDGE('',*,*,#6681,.F.);
#8616=ORIENTED_EDGE('',*,*,#6682,.F.);
#8617=ORIENTED_EDGE('',*,*,#6683,.T.);
#8618=ORIENTED_EDGE('',*,*,#6682,.T.);
#8619=ORIENTED_EDGE('',*,*,#6684,.F.);
#8620=ORIENTED_EDGE('',*,*,#6685,.F.);
#8621=ORIENTED_EDGE('',*,*,#6686,.T.);
#8622=ORIENTED_EDGE('',*,*,#6685,.T.);
#8623=ORIENTED_EDGE('',*,*,#6687,.F.);
#8624=ORIENTED_EDGE('',*,*,#6688,.F.);
#8625=ORIENTED_EDGE('',*,*,#6689,.T.);
#8626=ORIENTED_EDGE('',*,*,#6688,.T.);
#8627=ORIENTED_EDGE('',*,*,#6690,.F.);
#8628=ORIENTED_EDGE('',*,*,#6674,.F.);
#8629=ORIENTED_EDGE('',*,*,#6690,.T.);
#8630=ORIENTED_EDGE('',*,*,#6687,.T.);
#8631=ORIENTED_EDGE('',*,*,#6684,.T.);
#8632=ORIENTED_EDGE('',*,*,#6681,.T.);
#8633=ORIENTED_EDGE('',*,*,#6678,.T.);
#8634=ORIENTED_EDGE('',*,*,#6675,.T.);
#8635=ORIENTED_EDGE('',*,*,#6689,.F.);
#8636=ORIENTED_EDGE('',*,*,#6673,.T.);
#8637=ORIENTED_EDGE('',*,*,#6677,.F.);
#8638=ORIENTED_EDGE('',*,*,#6680,.F.);
#8639=ORIENTED_EDGE('',*,*,#6683,.F.);
#8640=ORIENTED_EDGE('',*,*,#6686,.F.);
#8641=ORIENTED_EDGE('',*,*,#6691,.T.);
#8642=ORIENTED_EDGE('',*,*,#6692,.T.);
#8643=ORIENTED_EDGE('',*,*,#6693,.T.);
#8644=ORIENTED_EDGE('',*,*,#6694,.F.);
#8645=ORIENTED_EDGE('',*,*,#6695,.F.);
#8646=ORIENTED_EDGE('',*,*,#6696,.T.);
#8647=ORIENTED_EDGE('',*,*,#6697,.T.);
#8648=ORIENTED_EDGE('',*,*,#6692,.F.);
#8649=ORIENTED_EDGE('',*,*,#6698,.F.);
#8650=ORIENTED_EDGE('',*,*,#6699,.T.);
#8651=ORIENTED_EDGE('',*,*,#6700,.T.);
#8652=ORIENTED_EDGE('',*,*,#6696,.F.);
#8653=ORIENTED_EDGE('',*,*,#6701,.F.);
#8654=ORIENTED_EDGE('',*,*,#6702,.T.);
#8655=ORIENTED_EDGE('',*,*,#6703,.T.);
#8656=ORIENTED_EDGE('',*,*,#6699,.F.);
#8657=ORIENTED_EDGE('',*,*,#6704,.F.);
#8658=ORIENTED_EDGE('',*,*,#6705,.T.);
#8659=ORIENTED_EDGE('',*,*,#6706,.T.);
#8660=ORIENTED_EDGE('',*,*,#6702,.F.);
#8661=ORIENTED_EDGE('',*,*,#6707,.F.);
#8662=ORIENTED_EDGE('',*,*,#6694,.T.);
#8663=ORIENTED_EDGE('',*,*,#6708,.T.);
#8664=ORIENTED_EDGE('',*,*,#6705,.F.);
#8665=ORIENTED_EDGE('',*,*,#6708,.F.);
#8666=ORIENTED_EDGE('',*,*,#6693,.F.);
#8667=ORIENTED_EDGE('',*,*,#6697,.F.);
#8668=ORIENTED_EDGE('',*,*,#6700,.F.);
#8669=ORIENTED_EDGE('',*,*,#6703,.F.);
#8670=ORIENTED_EDGE('',*,*,#6706,.F.);
#8671=ORIENTED_EDGE('',*,*,#6707,.T.);
#8672=ORIENTED_EDGE('',*,*,#6704,.T.);
#8673=ORIENTED_EDGE('',*,*,#6701,.T.);
#8674=ORIENTED_EDGE('',*,*,#6698,.T.);
#8675=ORIENTED_EDGE('',*,*,#6695,.T.);
#8676=ORIENTED_EDGE('',*,*,#6691,.F.);
#8677=ORIENTED_EDGE('',*,*,#6709,.F.);
#8678=ORIENTED_EDGE('',*,*,#6710,.T.);
#8679=ORIENTED_EDGE('',*,*,#6711,.F.);
#8680=ORIENTED_EDGE('',*,*,#6712,.F.);
#8681=ORIENTED_EDGE('',*,*,#6713,.T.);
#8682=ORIENTED_EDGE('',*,*,#6712,.T.);
#8683=ORIENTED_EDGE('',*,*,#6714,.F.);
#8684=ORIENTED_EDGE('',*,*,#6715,.F.);
#8685=ORIENTED_EDGE('',*,*,#6716,.T.);
#8686=ORIENTED_EDGE('',*,*,#6715,.T.);
#8687=ORIENTED_EDGE('',*,*,#6717,.F.);
#8688=ORIENTED_EDGE('',*,*,#6718,.F.);
#8689=ORIENTED_EDGE('',*,*,#6719,.T.);
#8690=ORIENTED_EDGE('',*,*,#6718,.T.);
#8691=ORIENTED_EDGE('',*,*,#6720,.F.);
#8692=ORIENTED_EDGE('',*,*,#6721,.F.);
#8693=ORIENTED_EDGE('',*,*,#6722,.T.);
#8694=ORIENTED_EDGE('',*,*,#6721,.T.);
#8695=ORIENTED_EDGE('',*,*,#6723,.F.);
#8696=ORIENTED_EDGE('',*,*,#6724,.F.);
#8697=ORIENTED_EDGE('',*,*,#6725,.T.);
#8698=ORIENTED_EDGE('',*,*,#6724,.T.);
#8699=ORIENTED_EDGE('',*,*,#6726,.F.);
#8700=ORIENTED_EDGE('',*,*,#6710,.F.);
#8701=ORIENTED_EDGE('',*,*,#6726,.T.);
#8702=ORIENTED_EDGE('',*,*,#6723,.T.);
#8703=ORIENTED_EDGE('',*,*,#6720,.T.);
#8704=ORIENTED_EDGE('',*,*,#6717,.T.);
#8705=ORIENTED_EDGE('',*,*,#6714,.T.);
#8706=ORIENTED_EDGE('',*,*,#6711,.T.);
#8707=ORIENTED_EDGE('',*,*,#6725,.F.);
#8708=ORIENTED_EDGE('',*,*,#6709,.T.);
#8709=ORIENTED_EDGE('',*,*,#6713,.F.);
#8710=ORIENTED_EDGE('',*,*,#6716,.F.);
#8711=ORIENTED_EDGE('',*,*,#6719,.F.);
#8712=ORIENTED_EDGE('',*,*,#6722,.F.);
#8713=ORIENTED_EDGE('',*,*,#6727,.F.);
#8714=ORIENTED_EDGE('',*,*,#6728,.T.);
#8715=ORIENTED_EDGE('',*,*,#6729,.F.);
#8716=ORIENTED_EDGE('',*,*,#6730,.F.);
#8717=ORIENTED_EDGE('',*,*,#6731,.T.);
#8718=ORIENTED_EDGE('',*,*,#6730,.T.);
#8719=ORIENTED_EDGE('',*,*,#6732,.F.);
#8720=ORIENTED_EDGE('',*,*,#6733,.F.);
#8721=ORIENTED_EDGE('',*,*,#6734,.T.);
#8722=ORIENTED_EDGE('',*,*,#6733,.T.);
#8723=ORIENTED_EDGE('',*,*,#6735,.F.);
#8724=ORIENTED_EDGE('',*,*,#6736,.F.);
#8725=ORIENTED_EDGE('',*,*,#6737,.T.);
#8726=ORIENTED_EDGE('',*,*,#6736,.T.);
#8727=ORIENTED_EDGE('',*,*,#6738,.F.);
#8728=ORIENTED_EDGE('',*,*,#6739,.F.);
#8729=ORIENTED_EDGE('',*,*,#6740,.T.);
#8730=ORIENTED_EDGE('',*,*,#6739,.T.);
#8731=ORIENTED_EDGE('',*,*,#6741,.F.);
#8732=ORIENTED_EDGE('',*,*,#6742,.F.);
#8733=ORIENTED_EDGE('',*,*,#6743,.T.);
#8734=ORIENTED_EDGE('',*,*,#6742,.T.);
#8735=ORIENTED_EDGE('',*,*,#6744,.F.);
#8736=ORIENTED_EDGE('',*,*,#6728,.F.);
#8737=ORIENTED_EDGE('',*,*,#6744,.T.);
#8738=ORIENTED_EDGE('',*,*,#6741,.T.);
#8739=ORIENTED_EDGE('',*,*,#6738,.T.);
#8740=ORIENTED_EDGE('',*,*,#6735,.T.);
#8741=ORIENTED_EDGE('',*,*,#6732,.T.);
#8742=ORIENTED_EDGE('',*,*,#6729,.T.);
#8743=ORIENTED_EDGE('',*,*,#6743,.F.);
#8744=ORIENTED_EDGE('',*,*,#6727,.T.);
#8745=ORIENTED_EDGE('',*,*,#6731,.F.);
#8746=ORIENTED_EDGE('',*,*,#6734,.F.);
#8747=ORIENTED_EDGE('',*,*,#6737,.F.);
#8748=ORIENTED_EDGE('',*,*,#6740,.F.);
#8749=ORIENTED_EDGE('',*,*,#6745,.F.);
#8750=ORIENTED_EDGE('',*,*,#6746,.T.);
#8751=ORIENTED_EDGE('',*,*,#6747,.F.);
#8752=ORIENTED_EDGE('',*,*,#6748,.F.);
#8753=ORIENTED_EDGE('',*,*,#6749,.T.);
#8754=ORIENTED_EDGE('',*,*,#6748,.T.);
#8755=ORIENTED_EDGE('',*,*,#6750,.F.);
#8756=ORIENTED_EDGE('',*,*,#6751,.F.);
#8757=ORIENTED_EDGE('',*,*,#6752,.T.);
#8758=ORIENTED_EDGE('',*,*,#6751,.T.);
#8759=ORIENTED_EDGE('',*,*,#6753,.F.);
#8760=ORIENTED_EDGE('',*,*,#6754,.F.);
#8761=ORIENTED_EDGE('',*,*,#6755,.T.);
#8762=ORIENTED_EDGE('',*,*,#6754,.T.);
#8763=ORIENTED_EDGE('',*,*,#6756,.F.);
#8764=ORIENTED_EDGE('',*,*,#6757,.F.);
#8765=ORIENTED_EDGE('',*,*,#6758,.T.);
#8766=ORIENTED_EDGE('',*,*,#6757,.T.);
#8767=ORIENTED_EDGE('',*,*,#6759,.F.);
#8768=ORIENTED_EDGE('',*,*,#6760,.F.);
#8769=ORIENTED_EDGE('',*,*,#6761,.T.);
#8770=ORIENTED_EDGE('',*,*,#6760,.T.);
#8771=ORIENTED_EDGE('',*,*,#6762,.F.);
#8772=ORIENTED_EDGE('',*,*,#6746,.F.);
#8773=ORIENTED_EDGE('',*,*,#6762,.T.);
#8774=ORIENTED_EDGE('',*,*,#6759,.T.);
#8775=ORIENTED_EDGE('',*,*,#6756,.T.);
#8776=ORIENTED_EDGE('',*,*,#6753,.T.);
#8777=ORIENTED_EDGE('',*,*,#6750,.T.);
#8778=ORIENTED_EDGE('',*,*,#6747,.T.);
#8779=ORIENTED_EDGE('',*,*,#6761,.F.);
#8780=ORIENTED_EDGE('',*,*,#6745,.T.);
#8781=ORIENTED_EDGE('',*,*,#6749,.F.);
#8782=ORIENTED_EDGE('',*,*,#6752,.F.);
#8783=ORIENTED_EDGE('',*,*,#6755,.F.);
#8784=ORIENTED_EDGE('',*,*,#6758,.F.);
#8785=ORIENTED_EDGE('',*,*,#6763,.T.);
#8786=ORIENTED_EDGE('',*,*,#6764,.T.);
#8787=ORIENTED_EDGE('',*,*,#6765,.T.);
#8788=ORIENTED_EDGE('',*,*,#6766,.F.);
#8789=ORIENTED_EDGE('',*,*,#6767,.F.);
#8790=ORIENTED_EDGE('',*,*,#6768,.T.);
#8791=ORIENTED_EDGE('',*,*,#6769,.T.);
#8792=ORIENTED_EDGE('',*,*,#6764,.F.);
#8793=ORIENTED_EDGE('',*,*,#6770,.F.);
#8794=ORIENTED_EDGE('',*,*,#6771,.T.);
#8795=ORIENTED_EDGE('',*,*,#6772,.T.);
#8796=ORIENTED_EDGE('',*,*,#6768,.F.);
#8797=ORIENTED_EDGE('',*,*,#6773,.F.);
#8798=ORIENTED_EDGE('',*,*,#6774,.T.);
#8799=ORIENTED_EDGE('',*,*,#6775,.T.);
#8800=ORIENTED_EDGE('',*,*,#6771,.F.);
#8801=ORIENTED_EDGE('',*,*,#6776,.F.);
#8802=ORIENTED_EDGE('',*,*,#6777,.T.);
#8803=ORIENTED_EDGE('',*,*,#6778,.T.);
#8804=ORIENTED_EDGE('',*,*,#6774,.F.);
#8805=ORIENTED_EDGE('',*,*,#6779,.F.);
#8806=ORIENTED_EDGE('',*,*,#6766,.T.);
#8807=ORIENTED_EDGE('',*,*,#6780,.T.);
#8808=ORIENTED_EDGE('',*,*,#6777,.F.);
#8809=ORIENTED_EDGE('',*,*,#6780,.F.);
#8810=ORIENTED_EDGE('',*,*,#6765,.F.);
#8811=ORIENTED_EDGE('',*,*,#6769,.F.);
#8812=ORIENTED_EDGE('',*,*,#6772,.F.);
#8813=ORIENTED_EDGE('',*,*,#6775,.F.);
#8814=ORIENTED_EDGE('',*,*,#6778,.F.);
#8815=ORIENTED_EDGE('',*,*,#6779,.T.);
#8816=ORIENTED_EDGE('',*,*,#6776,.T.);
#8817=ORIENTED_EDGE('',*,*,#6773,.T.);
#8818=ORIENTED_EDGE('',*,*,#6770,.T.);
#8819=ORIENTED_EDGE('',*,*,#6767,.T.);
#8820=ORIENTED_EDGE('',*,*,#6763,.F.);
#8821=ORIENTED_EDGE('',*,*,#6781,.T.);
#8822=ORIENTED_EDGE('',*,*,#6782,.T.);
#8823=ORIENTED_EDGE('',*,*,#6783,.T.);
#8824=ORIENTED_EDGE('',*,*,#6784,.F.);
#8825=ORIENTED_EDGE('',*,*,#6785,.F.);
#8826=ORIENTED_EDGE('',*,*,#6786,.T.);
#8827=ORIENTED_EDGE('',*,*,#6787,.T.);
#8828=ORIENTED_EDGE('',*,*,#6782,.F.);
#8829=ORIENTED_EDGE('',*,*,#6788,.F.);
#8830=ORIENTED_EDGE('',*,*,#6789,.T.);
#8831=ORIENTED_EDGE('',*,*,#6790,.T.);
#8832=ORIENTED_EDGE('',*,*,#6786,.F.);
#8833=ORIENTED_EDGE('',*,*,#6791,.F.);
#8834=ORIENTED_EDGE('',*,*,#6792,.T.);
#8835=ORIENTED_EDGE('',*,*,#6793,.T.);
#8836=ORIENTED_EDGE('',*,*,#6789,.F.);
#8837=ORIENTED_EDGE('',*,*,#6794,.F.);
#8838=ORIENTED_EDGE('',*,*,#6795,.T.);
#8839=ORIENTED_EDGE('',*,*,#6796,.T.);
#8840=ORIENTED_EDGE('',*,*,#6792,.F.);
#8841=ORIENTED_EDGE('',*,*,#6797,.F.);
#8842=ORIENTED_EDGE('',*,*,#6784,.T.);
#8843=ORIENTED_EDGE('',*,*,#6798,.T.);
#8844=ORIENTED_EDGE('',*,*,#6795,.F.);
#8845=ORIENTED_EDGE('',*,*,#6798,.F.);
#8846=ORIENTED_EDGE('',*,*,#6783,.F.);
#8847=ORIENTED_EDGE('',*,*,#6787,.F.);
#8848=ORIENTED_EDGE('',*,*,#6790,.F.);
#8849=ORIENTED_EDGE('',*,*,#6793,.F.);
#8850=ORIENTED_EDGE('',*,*,#6796,.F.);
#8851=ORIENTED_EDGE('',*,*,#6797,.T.);
#8852=ORIENTED_EDGE('',*,*,#6794,.T.);
#8853=ORIENTED_EDGE('',*,*,#6791,.T.);
#8854=ORIENTED_EDGE('',*,*,#6788,.T.);
#8855=ORIENTED_EDGE('',*,*,#6785,.T.);
#8856=ORIENTED_EDGE('',*,*,#6781,.F.);
#8857=ORIENTED_EDGE('',*,*,#6799,.T.);
#8858=ORIENTED_EDGE('',*,*,#6800,.T.);
#8859=ORIENTED_EDGE('',*,*,#6801,.T.);
#8860=ORIENTED_EDGE('',*,*,#6802,.F.);
#8861=ORIENTED_EDGE('',*,*,#6803,.F.);
#8862=ORIENTED_EDGE('',*,*,#6804,.T.);
#8863=ORIENTED_EDGE('',*,*,#6805,.T.);
#8864=ORIENTED_EDGE('',*,*,#6800,.F.);
#8865=ORIENTED_EDGE('',*,*,#6806,.F.);
#8866=ORIENTED_EDGE('',*,*,#6807,.T.);
#8867=ORIENTED_EDGE('',*,*,#6808,.T.);
#8868=ORIENTED_EDGE('',*,*,#6804,.F.);
#8869=ORIENTED_EDGE('',*,*,#6809,.F.);
#8870=ORIENTED_EDGE('',*,*,#6810,.T.);
#8871=ORIENTED_EDGE('',*,*,#6811,.T.);
#8872=ORIENTED_EDGE('',*,*,#6807,.F.);
#8873=ORIENTED_EDGE('',*,*,#6812,.F.);
#8874=ORIENTED_EDGE('',*,*,#6813,.T.);
#8875=ORIENTED_EDGE('',*,*,#6814,.T.);
#8876=ORIENTED_EDGE('',*,*,#6810,.F.);
#8877=ORIENTED_EDGE('',*,*,#6815,.F.);
#8878=ORIENTED_EDGE('',*,*,#6802,.T.);
#8879=ORIENTED_EDGE('',*,*,#6816,.T.);
#8880=ORIENTED_EDGE('',*,*,#6813,.F.);
#8881=ORIENTED_EDGE('',*,*,#6816,.F.);
#8882=ORIENTED_EDGE('',*,*,#6801,.F.);
#8883=ORIENTED_EDGE('',*,*,#6805,.F.);
#8884=ORIENTED_EDGE('',*,*,#6808,.F.);
#8885=ORIENTED_EDGE('',*,*,#6811,.F.);
#8886=ORIENTED_EDGE('',*,*,#6814,.F.);
#8887=ORIENTED_EDGE('',*,*,#6815,.T.);
#8888=ORIENTED_EDGE('',*,*,#6812,.T.);
#8889=ORIENTED_EDGE('',*,*,#6809,.T.);
#8890=ORIENTED_EDGE('',*,*,#6806,.T.);
#8891=ORIENTED_EDGE('',*,*,#6803,.T.);
#8892=ORIENTED_EDGE('',*,*,#6799,.F.);
#8893=ORIENTED_EDGE('',*,*,#6817,.F.);
#8894=ORIENTED_EDGE('',*,*,#6818,.T.);
#8895=ORIENTED_EDGE('',*,*,#6819,.T.);
#8896=ORIENTED_EDGE('',*,*,#6820,.F.);
#8897=ORIENTED_EDGE('',*,*,#6821,.F.);
#8898=ORIENTED_EDGE('',*,*,#6822,.T.);
#8899=ORIENTED_EDGE('',*,*,#6823,.T.);
#8900=ORIENTED_EDGE('',*,*,#6818,.F.);
#8901=ORIENTED_EDGE('',*,*,#6824,.F.);
#8902=ORIENTED_EDGE('',*,*,#6825,.T.);
#8903=ORIENTED_EDGE('',*,*,#6826,.T.);
#8904=ORIENTED_EDGE('',*,*,#6822,.F.);
#8905=ORIENTED_EDGE('',*,*,#6827,.F.);
#8906=ORIENTED_EDGE('',*,*,#6820,.T.);
#8907=ORIENTED_EDGE('',*,*,#6828,.T.);
#8908=ORIENTED_EDGE('',*,*,#6825,.F.);
#8909=ORIENTED_EDGE('',*,*,#6828,.F.);
#8910=ORIENTED_EDGE('',*,*,#6819,.F.);
#8911=ORIENTED_EDGE('',*,*,#6823,.F.);
#8912=ORIENTED_EDGE('',*,*,#6826,.F.);
#8913=ORIENTED_EDGE('',*,*,#6827,.T.);
#8914=ORIENTED_EDGE('',*,*,#6824,.T.);
#8915=ORIENTED_EDGE('',*,*,#6821,.T.);
#8916=ORIENTED_EDGE('',*,*,#6817,.T.);
#8917=ORIENTED_EDGE('',*,*,#6829,.T.);
#8918=ORIENTED_EDGE('',*,*,#6830,.T.);
#8919=ORIENTED_EDGE('',*,*,#6831,.F.);
#8920=ORIENTED_EDGE('',*,*,#6832,.F.);
#8921=ORIENTED_EDGE('',*,*,#6833,.T.);
#8922=ORIENTED_EDGE('',*,*,#6832,.T.);
#8923=ORIENTED_EDGE('',*,*,#6834,.F.);
#8924=ORIENTED_EDGE('',*,*,#6835,.F.);
#8925=ORIENTED_EDGE('',*,*,#6836,.T.);
#8926=ORIENTED_EDGE('',*,*,#6835,.T.);
#8927=ORIENTED_EDGE('',*,*,#6837,.F.);
#8928=ORIENTED_EDGE('',*,*,#6838,.F.);
#8929=ORIENTED_EDGE('',*,*,#6839,.T.);
#8930=ORIENTED_EDGE('',*,*,#6838,.T.);
#8931=ORIENTED_EDGE('',*,*,#6840,.F.);
#8932=ORIENTED_EDGE('',*,*,#6830,.F.);
#8933=ORIENTED_EDGE('',*,*,#6840,.T.);
#8934=ORIENTED_EDGE('',*,*,#6837,.T.);
#8935=ORIENTED_EDGE('',*,*,#6834,.T.);
#8936=ORIENTED_EDGE('',*,*,#6831,.T.);
#8937=ORIENTED_EDGE('',*,*,#6839,.F.);
#8938=ORIENTED_EDGE('',*,*,#6829,.F.);
#8939=ORIENTED_EDGE('',*,*,#6833,.F.);
#8940=ORIENTED_EDGE('',*,*,#6836,.F.);
#8941=ORIENTED_EDGE('',*,*,#6841,.T.);
#8942=ORIENTED_EDGE('',*,*,#6842,.T.);
#8943=ORIENTED_EDGE('',*,*,#6843,.F.);
#8944=ORIENTED_EDGE('',*,*,#6844,.F.);
#8945=ORIENTED_EDGE('',*,*,#6845,.T.);
#8946=ORIENTED_EDGE('',*,*,#6844,.T.);
#8947=ORIENTED_EDGE('',*,*,#6846,.F.);
#8948=ORIENTED_EDGE('',*,*,#6847,.F.);
#8949=ORIENTED_EDGE('',*,*,#6848,.T.);
#8950=ORIENTED_EDGE('',*,*,#6847,.T.);
#8951=ORIENTED_EDGE('',*,*,#6849,.F.);
#8952=ORIENTED_EDGE('',*,*,#6850,.F.);
#8953=ORIENTED_EDGE('',*,*,#6851,.T.);
#8954=ORIENTED_EDGE('',*,*,#6850,.T.);
#8955=ORIENTED_EDGE('',*,*,#6852,.F.);
#8956=ORIENTED_EDGE('',*,*,#6842,.F.);
#8957=ORIENTED_EDGE('',*,*,#6852,.T.);
#8958=ORIENTED_EDGE('',*,*,#6849,.T.);
#8959=ORIENTED_EDGE('',*,*,#6846,.T.);
#8960=ORIENTED_EDGE('',*,*,#6843,.T.);
#8961=ORIENTED_EDGE('',*,*,#6851,.F.);
#8962=ORIENTED_EDGE('',*,*,#6841,.F.);
#8963=ORIENTED_EDGE('',*,*,#6845,.F.);
#8964=ORIENTED_EDGE('',*,*,#6848,.F.);
#8965=ORIENTED_EDGE('',*,*,#6853,.T.);
#8966=ORIENTED_EDGE('',*,*,#6854,.T.);
#8967=ORIENTED_EDGE('',*,*,#6855,.F.);
#8968=ORIENTED_EDGE('',*,*,#6856,.F.);
#8969=ORIENTED_EDGE('',*,*,#6857,.T.);
#8970=ORIENTED_EDGE('',*,*,#6856,.T.);
#8971=ORIENTED_EDGE('',*,*,#6858,.F.);
#8972=ORIENTED_EDGE('',*,*,#6859,.F.);
#8973=ORIENTED_EDGE('',*,*,#6860,.T.);
#8974=ORIENTED_EDGE('',*,*,#6859,.T.);
#8975=ORIENTED_EDGE('',*,*,#6861,.F.);
#8976=ORIENTED_EDGE('',*,*,#6862,.F.);
#8977=ORIENTED_EDGE('',*,*,#6863,.T.);
#8978=ORIENTED_EDGE('',*,*,#6862,.T.);
#8979=ORIENTED_EDGE('',*,*,#6864,.F.);
#8980=ORIENTED_EDGE('',*,*,#6854,.F.);
#8981=ORIENTED_EDGE('',*,*,#6864,.T.);
#8982=ORIENTED_EDGE('',*,*,#6861,.T.);
#8983=ORIENTED_EDGE('',*,*,#6858,.T.);
#8984=ORIENTED_EDGE('',*,*,#6855,.T.);
#8985=ORIENTED_EDGE('',*,*,#6863,.F.);
#8986=ORIENTED_EDGE('',*,*,#6853,.F.);
#8987=ORIENTED_EDGE('',*,*,#6857,.F.);
#8988=ORIENTED_EDGE('',*,*,#6860,.F.);
#8989=ORIENTED_EDGE('',*,*,#6865,.F.);
#8990=ORIENTED_EDGE('',*,*,#6866,.T.);
#8991=ORIENTED_EDGE('',*,*,#6867,.T.);
#8992=ORIENTED_EDGE('',*,*,#6868,.F.);
#8993=ORIENTED_EDGE('',*,*,#6869,.F.);
#8994=ORIENTED_EDGE('',*,*,#6870,.T.);
#8995=ORIENTED_EDGE('',*,*,#6871,.T.);
#8996=ORIENTED_EDGE('',*,*,#6866,.F.);
#8997=ORIENTED_EDGE('',*,*,#6872,.F.);
#8998=ORIENTED_EDGE('',*,*,#6873,.T.);
#8999=ORIENTED_EDGE('',*,*,#6874,.T.);
#9000=ORIENTED_EDGE('',*,*,#6870,.F.);
#9001=ORIENTED_EDGE('',*,*,#6875,.F.);
#9002=ORIENTED_EDGE('',*,*,#6868,.T.);
#9003=ORIENTED_EDGE('',*,*,#6876,.T.);
#9004=ORIENTED_EDGE('',*,*,#6873,.F.);
#9005=ORIENTED_EDGE('',*,*,#6876,.F.);
#9006=ORIENTED_EDGE('',*,*,#6867,.F.);
#9007=ORIENTED_EDGE('',*,*,#6871,.F.);
#9008=ORIENTED_EDGE('',*,*,#6874,.F.);
#9009=ORIENTED_EDGE('',*,*,#6875,.T.);
#9010=ORIENTED_EDGE('',*,*,#6872,.T.);
#9011=ORIENTED_EDGE('',*,*,#6869,.T.);
#9012=ORIENTED_EDGE('',*,*,#6865,.T.);
#9013=ORIENTED_EDGE('',*,*,#6877,.F.);
#9014=ORIENTED_EDGE('',*,*,#6878,.T.);
#9015=ORIENTED_EDGE('',*,*,#6879,.T.);
#9016=ORIENTED_EDGE('',*,*,#6880,.F.);
#9017=ORIENTED_EDGE('',*,*,#6881,.F.);
#9018=ORIENTED_EDGE('',*,*,#6882,.T.);
#9019=ORIENTED_EDGE('',*,*,#6883,.T.);
#9020=ORIENTED_EDGE('',*,*,#6878,.F.);
#9021=ORIENTED_EDGE('',*,*,#6884,.F.);
#9022=ORIENTED_EDGE('',*,*,#6885,.T.);
#9023=ORIENTED_EDGE('',*,*,#6886,.T.);
#9024=ORIENTED_EDGE('',*,*,#6882,.F.);
#9025=ORIENTED_EDGE('',*,*,#6887,.F.);
#9026=ORIENTED_EDGE('',*,*,#6880,.T.);
#9027=ORIENTED_EDGE('',*,*,#6888,.T.);
#9028=ORIENTED_EDGE('',*,*,#6885,.F.);
#9029=ORIENTED_EDGE('',*,*,#6888,.F.);
#9030=ORIENTED_EDGE('',*,*,#6879,.F.);
#9031=ORIENTED_EDGE('',*,*,#6883,.F.);
#9032=ORIENTED_EDGE('',*,*,#6886,.F.);
#9033=ORIENTED_EDGE('',*,*,#6887,.T.);
#9034=ORIENTED_EDGE('',*,*,#6884,.T.);
#9035=ORIENTED_EDGE('',*,*,#6881,.T.);
#9036=ORIENTED_EDGE('',*,*,#6877,.T.);
#9037=ORIENTED_EDGE('',*,*,#6889,.F.);
#9038=ORIENTED_EDGE('',*,*,#6890,.T.);
#9039=ORIENTED_EDGE('',*,*,#6891,.T.);
#9040=ORIENTED_EDGE('',*,*,#6892,.F.);
#9041=ORIENTED_EDGE('',*,*,#6893,.F.);
#9042=ORIENTED_EDGE('',*,*,#6894,.T.);
#9043=ORIENTED_EDGE('',*,*,#6895,.T.);
#9044=ORIENTED_EDGE('',*,*,#6890,.F.);
#9045=ORIENTED_EDGE('',*,*,#6896,.F.);
#9046=ORIENTED_EDGE('',*,*,#6897,.T.);
#9047=ORIENTED_EDGE('',*,*,#6898,.T.);
#9048=ORIENTED_EDGE('',*,*,#6894,.F.);
#9049=ORIENTED_EDGE('',*,*,#6899,.F.);
#9050=ORIENTED_EDGE('',*,*,#6892,.T.);
#9051=ORIENTED_EDGE('',*,*,#6900,.T.);
#9052=ORIENTED_EDGE('',*,*,#6897,.F.);
#9053=ORIENTED_EDGE('',*,*,#6900,.F.);
#9054=ORIENTED_EDGE('',*,*,#6891,.F.);
#9055=ORIENTED_EDGE('',*,*,#6895,.F.);
#9056=ORIENTED_EDGE('',*,*,#6898,.F.);
#9057=ORIENTED_EDGE('',*,*,#6899,.T.);
#9058=ORIENTED_EDGE('',*,*,#6896,.T.);
#9059=ORIENTED_EDGE('',*,*,#6893,.T.);
#9060=ORIENTED_EDGE('',*,*,#6889,.T.);
#9061=ORIENTED_EDGE('',*,*,#6901,.T.);
#9062=ORIENTED_EDGE('',*,*,#6902,.T.);
#9063=ORIENTED_EDGE('',*,*,#6903,.F.);
#9064=ORIENTED_EDGE('',*,*,#6904,.F.);
#9065=ORIENTED_EDGE('',*,*,#6905,.T.);
#9066=ORIENTED_EDGE('',*,*,#6904,.T.);
#9067=ORIENTED_EDGE('',*,*,#6906,.F.);
#9068=ORIENTED_EDGE('',*,*,#6907,.F.);
#9069=ORIENTED_EDGE('',*,*,#6908,.T.);
#9070=ORIENTED_EDGE('',*,*,#6907,.T.);
#9071=ORIENTED_EDGE('',*,*,#6909,.F.);
#9072=ORIENTED_EDGE('',*,*,#6910,.F.);
#9073=ORIENTED_EDGE('',*,*,#6911,.T.);
#9074=ORIENTED_EDGE('',*,*,#6910,.T.);
#9075=ORIENTED_EDGE('',*,*,#6912,.F.);
#9076=ORIENTED_EDGE('',*,*,#6902,.F.);
#9077=ORIENTED_EDGE('',*,*,#6912,.T.);
#9078=ORIENTED_EDGE('',*,*,#6909,.T.);
#9079=ORIENTED_EDGE('',*,*,#6906,.T.);
#9080=ORIENTED_EDGE('',*,*,#6903,.T.);
#9081=ORIENTED_EDGE('',*,*,#6911,.F.);
#9082=ORIENTED_EDGE('',*,*,#6901,.F.);
#9083=ORIENTED_EDGE('',*,*,#6905,.F.);
#9084=ORIENTED_EDGE('',*,*,#6908,.F.);
#9085=ORIENTED_EDGE('',*,*,#6913,.F.);
#9086=ORIENTED_EDGE('',*,*,#6914,.F.);
#9087=ORIENTED_EDGE('',*,*,#6915,.F.);
#9088=ORIENTED_EDGE('',*,*,#6916,.F.);
#9089=ORIENTED_EDGE('',*,*,#6917,.F.);
#9090=ORIENTED_EDGE('',*,*,#6918,.F.);
#9091=ORIENTED_EDGE('',*,*,#6919,.F.);
#9092=ORIENTED_EDGE('',*,*,#6920,.F.);
#9093=ORIENTED_EDGE('',*,*,#6921,.F.);
#9094=ORIENTED_EDGE('',*,*,#6922,.F.);
#9095=ORIENTED_EDGE('',*,*,#6923,.F.);
#9096=ORIENTED_EDGE('',*,*,#6924,.F.);
#9097=ORIENTED_EDGE('',*,*,#6925,.F.);
#9098=ORIENTED_EDGE('',*,*,#6926,.F.);
#9099=ORIENTED_EDGE('',*,*,#6927,.F.);
#9100=ORIENTED_EDGE('',*,*,#6926,.T.);
#9101=ORIENTED_EDGE('',*,*,#6928,.T.);
#9102=ORIENTED_EDGE('',*,*,#6921,.T.);
#9103=ORIENTED_EDGE('',*,*,#6929,.T.);
#9104=ORIENTED_EDGE('',*,*,#6930,.F.);
#9105=ORIENTED_EDGE('',*,*,#6931,.F.);
#9106=ORIENTED_EDGE('',*,*,#6932,.F.);
#9107=ORIENTED_EDGE('',*,*,#6933,.F.);
#9108=ORIENTED_EDGE('',*,*,#6934,.F.);
#9109=ORIENTED_EDGE('',*,*,#6935,.F.);
#9110=ORIENTED_EDGE('',*,*,#6920,.T.);
#9111=ORIENTED_EDGE('',*,*,#6936,.T.);
#9112=ORIENTED_EDGE('',*,*,#6934,.T.);
#9113=ORIENTED_EDGE('',*,*,#6937,.T.);
#9114=ORIENTED_EDGE('',*,*,#6923,.T.);
#9115=ORIENTED_EDGE('',*,*,#6938,.T.);
#9116=ORIENTED_EDGE('',*,*,#6935,.T.);
#9117=ORIENTED_EDGE('',*,*,#6939,.T.);
#9118=ORIENTED_EDGE('',*,*,#6940,.F.);
#9119=ORIENTED_EDGE('',*,*,#6941,.F.);
#9120=ORIENTED_EDGE('',*,*,#6942,.F.);
#9121=ORIENTED_EDGE('',*,*,#6927,.T.);
#9122=ORIENTED_EDGE('',*,*,#6943,.T.);
#9123=ORIENTED_EDGE('',*,*,#6941,.T.);
#9124=ORIENTED_EDGE('',*,*,#6944,.T.);
#9125=ORIENTED_EDGE('',*,*,#6933,.T.);
#9126=ORIENTED_EDGE('',*,*,#6945,.T.);
#9127=ORIENTED_EDGE('',*,*,#6942,.T.);
#9128=ORIENTED_EDGE('',*,*,#6946,.T.);
#9129=ORIENTED_EDGE('',*,*,#6931,.T.);
#9130=ORIENTED_EDGE('',*,*,#6947,.T.);
#9131=ORIENTED_EDGE('',*,*,#6940,.T.);
#9132=ORIENTED_EDGE('',*,*,#6948,.T.);
#9133=ORIENTED_EDGE('',*,*,#6922,.T.);
#9134=ORIENTED_EDGE('',*,*,#6949,.T.);
#9135=ORIENTED_EDGE('',*,*,#6932,.T.);
#9136=ORIENTED_EDGE('',*,*,#6950,.T.);
#9137=ORIENTED_EDGE('',*,*,#6930,.T.);
#9138=ORIENTED_EDGE('',*,*,#6951,.T.);
#9139=ORIENTED_EDGE('',*,*,#6918,.T.);
#9140=ORIENTED_EDGE('',*,*,#6952,.T.);
#9141=ORIENTED_EDGE('',*,*,#6917,.T.);
#9142=ORIENTED_EDGE('',*,*,#6953,.T.);
#9143=ORIENTED_EDGE('',*,*,#6925,.T.);
#9144=ORIENTED_EDGE('',*,*,#6954,.T.);
#9145=ORIENTED_EDGE('',*,*,#6913,.T.);
#9146=ORIENTED_EDGE('',*,*,#6955,.T.);
#9147=ORIENTED_EDGE('',*,*,#6924,.T.);
#9148=ORIENTED_EDGE('',*,*,#6956,.T.);
#9149=ORIENTED_EDGE('',*,*,#6914,.T.);
#9150=ORIENTED_EDGE('',*,*,#6957,.T.);
#9151=ORIENTED_EDGE('',*,*,#6919,.T.);
#9152=ORIENTED_EDGE('',*,*,#6958,.T.);
#9153=ORIENTED_EDGE('',*,*,#6916,.T.);
#9154=ORIENTED_EDGE('',*,*,#6959,.T.);
#9155=ORIENTED_EDGE('',*,*,#6915,.T.);
#9156=ORIENTED_EDGE('',*,*,#6960,.T.);
#9157=ORIENTED_EDGE('',*,*,#6928,.F.);
#9158=ORIENTED_EDGE('',*,*,#6953,.F.);
#9159=ORIENTED_EDGE('',*,*,#6960,.F.);
#9160=ORIENTED_EDGE('',*,*,#6958,.F.);
#9161=ORIENTED_EDGE('',*,*,#6929,.F.);
#9162=ORIENTED_EDGE('',*,*,#6937,.F.);
#9163=ORIENTED_EDGE('',*,*,#6946,.F.);
#9164=ORIENTED_EDGE('',*,*,#6943,.F.);
#9165=ORIENTED_EDGE('',*,*,#6936,.F.);
#9166=ORIENTED_EDGE('',*,*,#6957,.F.);
#9167=ORIENTED_EDGE('',*,*,#6956,.F.);
#9168=ORIENTED_EDGE('',*,*,#6939,.F.);
#9169=ORIENTED_EDGE('',*,*,#6938,.F.);
#9170=ORIENTED_EDGE('',*,*,#6950,.F.);
#9171=ORIENTED_EDGE('',*,*,#6948,.F.);
#9172=ORIENTED_EDGE('',*,*,#6945,.F.);
#9173=ORIENTED_EDGE('',*,*,#6944,.F.);
#9174=ORIENTED_EDGE('',*,*,#6947,.F.);
#9175=ORIENTED_EDGE('',*,*,#6952,.F.);
#9176=ORIENTED_EDGE('',*,*,#6954,.F.);
#9177=ORIENTED_EDGE('',*,*,#6949,.F.);
#9178=ORIENTED_EDGE('',*,*,#6955,.F.);
#9179=ORIENTED_EDGE('',*,*,#6959,.F.);
#9180=ORIENTED_EDGE('',*,*,#6951,.F.);
#9181=ORIENTED_EDGE('',*,*,#6961,.F.);
#9182=ORIENTED_EDGE('',*,*,#6962,.F.);
#9183=ORIENTED_EDGE('',*,*,#6963,.F.);
#9184=ORIENTED_EDGE('',*,*,#6964,.F.);
#9185=ORIENTED_EDGE('',*,*,#6965,.F.);
#9186=ORIENTED_EDGE('',*,*,#6966,.F.);
#9187=ORIENTED_EDGE('',*,*,#6967,.F.);
#9188=ORIENTED_EDGE('',*,*,#6968,.F.);
#9189=ORIENTED_EDGE('',*,*,#6969,.F.);
#9190=ORIENTED_EDGE('',*,*,#6970,.F.);
#9191=ORIENTED_EDGE('',*,*,#6971,.F.);
#9192=ORIENTED_EDGE('',*,*,#6972,.F.);
#9193=ORIENTED_EDGE('',*,*,#6973,.F.);
#9194=ORIENTED_EDGE('',*,*,#6974,.F.);
#9195=ORIENTED_EDGE('',*,*,#6975,.F.);
#9196=ORIENTED_EDGE('',*,*,#6974,.T.);
#9197=ORIENTED_EDGE('',*,*,#6976,.T.);
#9198=ORIENTED_EDGE('',*,*,#6969,.T.);
#9199=ORIENTED_EDGE('',*,*,#6977,.T.);
#9200=ORIENTED_EDGE('',*,*,#6978,.F.);
#9201=ORIENTED_EDGE('',*,*,#6979,.F.);
#9202=ORIENTED_EDGE('',*,*,#6980,.F.);
#9203=ORIENTED_EDGE('',*,*,#6981,.F.);
#9204=ORIENTED_EDGE('',*,*,#6982,.F.);
#9205=ORIENTED_EDGE('',*,*,#6983,.F.);
#9206=ORIENTED_EDGE('',*,*,#6968,.T.);
#9207=ORIENTED_EDGE('',*,*,#6984,.T.);
#9208=ORIENTED_EDGE('',*,*,#6982,.T.);
#9209=ORIENTED_EDGE('',*,*,#6985,.T.);
#9210=ORIENTED_EDGE('',*,*,#6971,.T.);
#9211=ORIENTED_EDGE('',*,*,#6986,.T.);
#9212=ORIENTED_EDGE('',*,*,#6983,.T.);
#9213=ORIENTED_EDGE('',*,*,#6987,.T.);
#9214=ORIENTED_EDGE('',*,*,#6988,.F.);
#9215=ORIENTED_EDGE('',*,*,#6989,.F.);
#9216=ORIENTED_EDGE('',*,*,#6990,.F.);
#9217=ORIENTED_EDGE('',*,*,#6989,.T.);
#9218=ORIENTED_EDGE('',*,*,#6991,.T.);
#9219=ORIENTED_EDGE('',*,*,#6975,.T.);
#9220=ORIENTED_EDGE('',*,*,#6992,.T.);
#9221=ORIENTED_EDGE('',*,*,#6981,.T.);
#9222=ORIENTED_EDGE('',*,*,#6993,.T.);
#9223=ORIENTED_EDGE('',*,*,#6990,.T.);
#9224=ORIENTED_EDGE('',*,*,#6994,.T.);
#9225=ORIENTED_EDGE('',*,*,#6979,.T.);
#9226=ORIENTED_EDGE('',*,*,#6995,.T.);
#9227=ORIENTED_EDGE('',*,*,#6988,.T.);
#9228=ORIENTED_EDGE('',*,*,#6996,.T.);
#9229=ORIENTED_EDGE('',*,*,#6970,.T.);
#9230=ORIENTED_EDGE('',*,*,#6997,.T.);
#9231=ORIENTED_EDGE('',*,*,#6980,.T.);
#9232=ORIENTED_EDGE('',*,*,#6998,.T.);
#9233=ORIENTED_EDGE('',*,*,#6978,.T.);
#9234=ORIENTED_EDGE('',*,*,#6999,.T.);
#9235=ORIENTED_EDGE('',*,*,#6966,.T.);
#9236=ORIENTED_EDGE('',*,*,#7000,.T.);
#9237=ORIENTED_EDGE('',*,*,#6965,.T.);
#9238=ORIENTED_EDGE('',*,*,#7001,.T.);
#9239=ORIENTED_EDGE('',*,*,#6973,.T.);
#9240=ORIENTED_EDGE('',*,*,#7002,.T.);
#9241=ORIENTED_EDGE('',*,*,#6961,.T.);
#9242=ORIENTED_EDGE('',*,*,#7003,.T.);
#9243=ORIENTED_EDGE('',*,*,#6972,.T.);
#9244=ORIENTED_EDGE('',*,*,#7004,.T.);
#9245=ORIENTED_EDGE('',*,*,#6962,.T.);
#9246=ORIENTED_EDGE('',*,*,#7005,.T.);
#9247=ORIENTED_EDGE('',*,*,#6967,.T.);
#9248=ORIENTED_EDGE('',*,*,#7006,.T.);
#9249=ORIENTED_EDGE('',*,*,#6964,.T.);
#9250=ORIENTED_EDGE('',*,*,#7007,.T.);
#9251=ORIENTED_EDGE('',*,*,#6963,.T.);
#9252=ORIENTED_EDGE('',*,*,#7008,.T.);
#9253=ORIENTED_EDGE('',*,*,#6976,.F.);
#9254=ORIENTED_EDGE('',*,*,#7001,.F.);
#9255=ORIENTED_EDGE('',*,*,#7008,.F.);
#9256=ORIENTED_EDGE('',*,*,#7006,.F.);
#9257=ORIENTED_EDGE('',*,*,#6977,.F.);
#9258=ORIENTED_EDGE('',*,*,#6985,.F.);
#9259=ORIENTED_EDGE('',*,*,#6994,.F.);
#9260=ORIENTED_EDGE('',*,*,#6992,.F.);
#9261=ORIENTED_EDGE('',*,*,#6984,.F.);
#9262=ORIENTED_EDGE('',*,*,#7005,.F.);
#9263=ORIENTED_EDGE('',*,*,#7004,.F.);
#9264=ORIENTED_EDGE('',*,*,#6987,.F.);
#9265=ORIENTED_EDGE('',*,*,#6986,.F.);
#9266=ORIENTED_EDGE('',*,*,#6998,.F.);
#9267=ORIENTED_EDGE('',*,*,#6996,.F.);
#9268=ORIENTED_EDGE('',*,*,#6993,.F.);
#9269=ORIENTED_EDGE('',*,*,#6991,.F.);
#9270=ORIENTED_EDGE('',*,*,#6995,.F.);
#9271=ORIENTED_EDGE('',*,*,#7000,.F.);
#9272=ORIENTED_EDGE('',*,*,#7002,.F.);
#9273=ORIENTED_EDGE('',*,*,#6997,.F.);
#9274=ORIENTED_EDGE('',*,*,#7003,.F.);
#9275=ORIENTED_EDGE('',*,*,#7007,.F.);
#9276=ORIENTED_EDGE('',*,*,#6999,.F.);
#9277=ORIENTED_EDGE('',*,*,#7009,.F.);
#9278=ORIENTED_EDGE('',*,*,#7010,.T.);
#9279=ORIENTED_EDGE('',*,*,#7011,.F.);
#9280=ORIENTED_EDGE('',*,*,#7012,.F.);
#9281=ORIENTED_EDGE('',*,*,#7013,.T.);
#9282=ORIENTED_EDGE('',*,*,#7012,.T.);
#9283=ORIENTED_EDGE('',*,*,#7014,.F.);
#9284=ORIENTED_EDGE('',*,*,#7015,.F.);
#9285=ORIENTED_EDGE('',*,*,#7016,.T.);
#9286=ORIENTED_EDGE('',*,*,#7015,.T.);
#9287=ORIENTED_EDGE('',*,*,#7017,.F.);
#9288=ORIENTED_EDGE('',*,*,#7018,.F.);
#9289=ORIENTED_EDGE('',*,*,#7019,.T.);
#9290=ORIENTED_EDGE('',*,*,#7018,.T.);
#9291=ORIENTED_EDGE('',*,*,#7020,.F.);
#9292=ORIENTED_EDGE('',*,*,#7010,.F.);
#9293=ORIENTED_EDGE('',*,*,#7020,.T.);
#9294=ORIENTED_EDGE('',*,*,#7017,.T.);
#9295=ORIENTED_EDGE('',*,*,#7014,.T.);
#9296=ORIENTED_EDGE('',*,*,#7011,.T.);
#9297=ORIENTED_EDGE('',*,*,#7019,.F.);
#9298=ORIENTED_EDGE('',*,*,#7009,.T.);
#9299=ORIENTED_EDGE('',*,*,#7013,.F.);
#9300=ORIENTED_EDGE('',*,*,#7016,.F.);
#9301=ORIENTED_EDGE('',*,*,#7021,.F.);
#9302=ORIENTED_EDGE('',*,*,#7022,.F.);
#9303=ORIENTED_EDGE('',*,*,#7023,.T.);
#9304=ORIENTED_EDGE('',*,*,#7024,.T.);
#9305=ORIENTED_EDGE('',*,*,#7025,.F.);
#9306=ORIENTED_EDGE('',*,*,#7024,.F.);
#9307=ORIENTED_EDGE('',*,*,#7026,.T.);
#9308=ORIENTED_EDGE('',*,*,#7027,.T.);
#9309=ORIENTED_EDGE('',*,*,#7028,.F.);
#9310=ORIENTED_EDGE('',*,*,#7027,.F.);
#9311=ORIENTED_EDGE('',*,*,#7029,.T.);
#9312=ORIENTED_EDGE('',*,*,#7030,.T.);
#9313=ORIENTED_EDGE('',*,*,#7031,.F.);
#9314=ORIENTED_EDGE('',*,*,#7030,.F.);
#9315=ORIENTED_EDGE('',*,*,#7032,.T.);
#9316=ORIENTED_EDGE('',*,*,#7033,.T.);
#9317=ORIENTED_EDGE('',*,*,#7034,.F.);
#9318=ORIENTED_EDGE('',*,*,#7033,.F.);
#9319=ORIENTED_EDGE('',*,*,#7035,.T.);
#9320=ORIENTED_EDGE('',*,*,#7036,.T.);
#9321=ORIENTED_EDGE('',*,*,#7037,.F.);
#9322=ORIENTED_EDGE('',*,*,#7036,.F.);
#9323=ORIENTED_EDGE('',*,*,#7038,.T.);
#9324=ORIENTED_EDGE('',*,*,#7039,.T.);
#9325=ORIENTED_EDGE('',*,*,#7040,.F.);
#9326=ORIENTED_EDGE('',*,*,#7039,.F.);
#9327=ORIENTED_EDGE('',*,*,#7041,.T.);
#9328=ORIENTED_EDGE('',*,*,#7042,.T.);
#9329=ORIENTED_EDGE('',*,*,#7043,.F.);
#9330=ORIENTED_EDGE('',*,*,#7042,.F.);
#9331=ORIENTED_EDGE('',*,*,#7044,.T.);
#9332=ORIENTED_EDGE('',*,*,#7045,.T.);
#9333=ORIENTED_EDGE('',*,*,#7046,.F.);
#9334=ORIENTED_EDGE('',*,*,#7045,.F.);
#9335=ORIENTED_EDGE('',*,*,#7047,.T.);
#9336=ORIENTED_EDGE('',*,*,#7048,.T.);
#9337=ORIENTED_EDGE('',*,*,#7049,.F.);
#9338=ORIENTED_EDGE('',*,*,#7048,.F.);
#9339=ORIENTED_EDGE('',*,*,#7050,.T.);
#9340=ORIENTED_EDGE('',*,*,#7051,.T.);
#9341=ORIENTED_EDGE('',*,*,#7052,.F.);
#9342=ORIENTED_EDGE('',*,*,#7051,.F.);
#9343=ORIENTED_EDGE('',*,*,#7053,.T.);
#9344=ORIENTED_EDGE('',*,*,#7054,.T.);
#9345=ORIENTED_EDGE('',*,*,#7055,.F.);
#9346=ORIENTED_EDGE('',*,*,#7054,.F.);
#9347=ORIENTED_EDGE('',*,*,#7056,.T.);
#9348=ORIENTED_EDGE('',*,*,#7057,.T.);
#9349=ORIENTED_EDGE('',*,*,#7058,.F.);
#9350=ORIENTED_EDGE('',*,*,#7057,.F.);
#9351=ORIENTED_EDGE('',*,*,#7059,.T.);
#9352=ORIENTED_EDGE('',*,*,#7060,.T.);
#9353=ORIENTED_EDGE('',*,*,#7061,.F.);
#9354=ORIENTED_EDGE('',*,*,#7060,.F.);
#9355=ORIENTED_EDGE('',*,*,#7062,.T.);
#9356=ORIENTED_EDGE('',*,*,#7063,.T.);
#9357=ORIENTED_EDGE('',*,*,#7064,.F.);
#9358=ORIENTED_EDGE('',*,*,#7063,.F.);
#9359=ORIENTED_EDGE('',*,*,#7065,.T.);
#9360=ORIENTED_EDGE('',*,*,#7066,.T.);
#9361=ORIENTED_EDGE('',*,*,#7067,.F.);
#9362=ORIENTED_EDGE('',*,*,#7066,.F.);
#9363=ORIENTED_EDGE('',*,*,#7068,.T.);
#9364=ORIENTED_EDGE('',*,*,#7069,.T.);
#9365=ORIENTED_EDGE('',*,*,#7070,.F.);
#9366=ORIENTED_EDGE('',*,*,#7069,.F.);
#9367=ORIENTED_EDGE('',*,*,#7071,.T.);
#9368=ORIENTED_EDGE('',*,*,#7072,.T.);
#9369=ORIENTED_EDGE('',*,*,#7073,.F.);
#9370=ORIENTED_EDGE('',*,*,#7072,.F.);
#9371=ORIENTED_EDGE('',*,*,#7074,.T.);
#9372=ORIENTED_EDGE('',*,*,#7075,.T.);
#9373=ORIENTED_EDGE('',*,*,#7076,.F.);
#9374=ORIENTED_EDGE('',*,*,#7075,.F.);
#9375=ORIENTED_EDGE('',*,*,#7077,.T.);
#9376=ORIENTED_EDGE('',*,*,#7078,.T.);
#9377=ORIENTED_EDGE('',*,*,#7079,.F.);
#9378=ORIENTED_EDGE('',*,*,#7078,.F.);
#9379=ORIENTED_EDGE('',*,*,#7080,.T.);
#9380=ORIENTED_EDGE('',*,*,#7081,.T.);
#9381=ORIENTED_EDGE('',*,*,#7082,.F.);
#9382=ORIENTED_EDGE('',*,*,#7081,.F.);
#9383=ORIENTED_EDGE('',*,*,#7083,.T.);
#9384=ORIENTED_EDGE('',*,*,#7084,.T.);
#9385=ORIENTED_EDGE('',*,*,#7085,.F.);
#9386=ORIENTED_EDGE('',*,*,#7084,.F.);
#9387=ORIENTED_EDGE('',*,*,#7086,.T.);
#9388=ORIENTED_EDGE('',*,*,#7087,.T.);
#9389=ORIENTED_EDGE('',*,*,#7088,.F.);
#9390=ORIENTED_EDGE('',*,*,#7087,.F.);
#9391=ORIENTED_EDGE('',*,*,#7089,.T.);
#9392=ORIENTED_EDGE('',*,*,#7022,.T.);
#9393=ORIENTED_EDGE('',*,*,#7023,.F.);
#9394=ORIENTED_EDGE('',*,*,#7089,.F.);
#9395=ORIENTED_EDGE('',*,*,#7086,.F.);
#9396=ORIENTED_EDGE('',*,*,#7083,.F.);
#9397=ORIENTED_EDGE('',*,*,#7080,.F.);
#9398=ORIENTED_EDGE('',*,*,#7077,.F.);
#9399=ORIENTED_EDGE('',*,*,#7074,.F.);
#9400=ORIENTED_EDGE('',*,*,#7071,.F.);
#9401=ORIENTED_EDGE('',*,*,#7068,.F.);
#9402=ORIENTED_EDGE('',*,*,#7065,.F.);
#9403=ORIENTED_EDGE('',*,*,#7062,.F.);
#9404=ORIENTED_EDGE('',*,*,#7059,.F.);
#9405=ORIENTED_EDGE('',*,*,#7056,.F.);
#9406=ORIENTED_EDGE('',*,*,#7053,.F.);
#9407=ORIENTED_EDGE('',*,*,#7050,.F.);
#9408=ORIENTED_EDGE('',*,*,#7047,.F.);
#9409=ORIENTED_EDGE('',*,*,#7044,.F.);
#9410=ORIENTED_EDGE('',*,*,#7041,.F.);
#9411=ORIENTED_EDGE('',*,*,#7038,.F.);
#9412=ORIENTED_EDGE('',*,*,#7035,.F.);
#9413=ORIENTED_EDGE('',*,*,#7032,.F.);
#9414=ORIENTED_EDGE('',*,*,#7029,.F.);
#9415=ORIENTED_EDGE('',*,*,#7026,.F.);
#9416=ORIENTED_EDGE('',*,*,#7021,.T.);
#9417=ORIENTED_EDGE('',*,*,#7025,.T.);
#9418=ORIENTED_EDGE('',*,*,#7028,.T.);
#9419=ORIENTED_EDGE('',*,*,#7031,.T.);
#9420=ORIENTED_EDGE('',*,*,#7034,.T.);
#9421=ORIENTED_EDGE('',*,*,#7037,.T.);
#9422=ORIENTED_EDGE('',*,*,#7040,.T.);
#9423=ORIENTED_EDGE('',*,*,#7043,.T.);
#9424=ORIENTED_EDGE('',*,*,#7046,.T.);
#9425=ORIENTED_EDGE('',*,*,#7049,.T.);
#9426=ORIENTED_EDGE('',*,*,#7052,.T.);
#9427=ORIENTED_EDGE('',*,*,#7055,.T.);
#9428=ORIENTED_EDGE('',*,*,#7058,.T.);
#9429=ORIENTED_EDGE('',*,*,#7061,.T.);
#9430=ORIENTED_EDGE('',*,*,#7064,.T.);
#9431=ORIENTED_EDGE('',*,*,#7067,.T.);
#9432=ORIENTED_EDGE('',*,*,#7070,.T.);
#9433=ORIENTED_EDGE('',*,*,#7073,.T.);
#9434=ORIENTED_EDGE('',*,*,#7076,.T.);
#9435=ORIENTED_EDGE('',*,*,#7079,.T.);
#9436=ORIENTED_EDGE('',*,*,#7082,.T.);
#9437=ORIENTED_EDGE('',*,*,#7085,.T.);
#9438=ORIENTED_EDGE('',*,*,#7088,.T.);
#9439=ORIENTED_EDGE('',*,*,#7090,.T.);
#9440=ORIENTED_EDGE('',*,*,#7091,.F.);
#9441=ORIENTED_EDGE('',*,*,#7092,.F.);
#9442=ORIENTED_EDGE('',*,*,#7093,.T.);
#9443=ORIENTED_EDGE('',*,*,#7094,.T.);
#9444=ORIENTED_EDGE('',*,*,#7095,.F.);
#9445=ORIENTED_EDGE('',*,*,#7096,.F.);
#9446=ORIENTED_EDGE('',*,*,#7091,.T.);
#9447=ORIENTED_EDGE('',*,*,#7097,.T.);
#9448=ORIENTED_EDGE('',*,*,#7098,.F.);
#9449=ORIENTED_EDGE('',*,*,#7099,.F.);
#9450=ORIENTED_EDGE('',*,*,#7095,.T.);
#9451=ORIENTED_EDGE('',*,*,#7100,.T.);
#9452=ORIENTED_EDGE('',*,*,#7101,.F.);
#9453=ORIENTED_EDGE('',*,*,#7102,.F.);
#9454=ORIENTED_EDGE('',*,*,#7098,.T.);
#9455=ORIENTED_EDGE('',*,*,#7103,.T.);
#9456=ORIENTED_EDGE('',*,*,#7104,.F.);
#9457=ORIENTED_EDGE('',*,*,#7105,.F.);
#9458=ORIENTED_EDGE('',*,*,#7101,.T.);
#9459=ORIENTED_EDGE('',*,*,#7106,.T.);
#9460=ORIENTED_EDGE('',*,*,#7107,.F.);
#9461=ORIENTED_EDGE('',*,*,#7108,.F.);
#9462=ORIENTED_EDGE('',*,*,#7104,.T.);
#9463=ORIENTED_EDGE('',*,*,#7109,.T.);
#9464=ORIENTED_EDGE('',*,*,#7110,.F.);
#9465=ORIENTED_EDGE('',*,*,#7111,.F.);
#9466=ORIENTED_EDGE('',*,*,#7107,.T.);
#9467=ORIENTED_EDGE('',*,*,#7112,.T.);
#9468=ORIENTED_EDGE('',*,*,#7113,.F.);
#9469=ORIENTED_EDGE('',*,*,#7114,.F.);
#9470=ORIENTED_EDGE('',*,*,#7110,.T.);
#9471=ORIENTED_EDGE('',*,*,#7115,.T.);
#9472=ORIENTED_EDGE('',*,*,#7116,.F.);
#9473=ORIENTED_EDGE('',*,*,#7117,.F.);
#9474=ORIENTED_EDGE('',*,*,#7113,.T.);
#9475=ORIENTED_EDGE('',*,*,#7118,.T.);
#9476=ORIENTED_EDGE('',*,*,#7119,.F.);
#9477=ORIENTED_EDGE('',*,*,#7120,.F.);
#9478=ORIENTED_EDGE('',*,*,#7116,.T.);
#9479=ORIENTED_EDGE('',*,*,#7121,.T.);
#9480=ORIENTED_EDGE('',*,*,#7122,.F.);
#9481=ORIENTED_EDGE('',*,*,#7123,.F.);
#9482=ORIENTED_EDGE('',*,*,#7119,.T.);
#9483=ORIENTED_EDGE('',*,*,#7124,.T.);
#9484=ORIENTED_EDGE('',*,*,#7125,.F.);
#9485=ORIENTED_EDGE('',*,*,#7126,.F.);
#9486=ORIENTED_EDGE('',*,*,#7122,.T.);
#9487=ORIENTED_EDGE('',*,*,#7127,.T.);
#9488=ORIENTED_EDGE('',*,*,#7128,.F.);
#9489=ORIENTED_EDGE('',*,*,#7129,.F.);
#9490=ORIENTED_EDGE('',*,*,#7125,.T.);
#9491=ORIENTED_EDGE('',*,*,#7130,.T.);
#9492=ORIENTED_EDGE('',*,*,#7131,.F.);
#9493=ORIENTED_EDGE('',*,*,#7132,.F.);
#9494=ORIENTED_EDGE('',*,*,#7128,.T.);
#9495=ORIENTED_EDGE('',*,*,#7133,.T.);
#9496=ORIENTED_EDGE('',*,*,#7134,.F.);
#9497=ORIENTED_EDGE('',*,*,#7135,.F.);
#9498=ORIENTED_EDGE('',*,*,#7131,.T.);
#9499=ORIENTED_EDGE('',*,*,#7136,.T.);
#9500=ORIENTED_EDGE('',*,*,#7137,.F.);
#9501=ORIENTED_EDGE('',*,*,#7138,.F.);
#9502=ORIENTED_EDGE('',*,*,#7134,.T.);
#9503=ORIENTED_EDGE('',*,*,#7139,.T.);
#9504=ORIENTED_EDGE('',*,*,#7140,.F.);
#9505=ORIENTED_EDGE('',*,*,#7141,.F.);
#9506=ORIENTED_EDGE('',*,*,#7137,.T.);
#9507=ORIENTED_EDGE('',*,*,#7142,.T.);
#9508=ORIENTED_EDGE('',*,*,#7093,.F.);
#9509=ORIENTED_EDGE('',*,*,#7143,.F.);
#9510=ORIENTED_EDGE('',*,*,#7140,.T.);
#9511=ORIENTED_EDGE('',*,*,#7092,.T.);
#9512=ORIENTED_EDGE('',*,*,#7096,.T.);
#9513=ORIENTED_EDGE('',*,*,#7099,.T.);
#9514=ORIENTED_EDGE('',*,*,#7102,.T.);
#9515=ORIENTED_EDGE('',*,*,#7105,.T.);
#9516=ORIENTED_EDGE('',*,*,#7108,.T.);
#9517=ORIENTED_EDGE('',*,*,#7111,.T.);
#9518=ORIENTED_EDGE('',*,*,#7114,.T.);
#9519=ORIENTED_EDGE('',*,*,#7117,.T.);
#9520=ORIENTED_EDGE('',*,*,#7120,.T.);
#9521=ORIENTED_EDGE('',*,*,#7123,.T.);
#9522=ORIENTED_EDGE('',*,*,#7126,.T.);
#9523=ORIENTED_EDGE('',*,*,#7129,.T.);
#9524=ORIENTED_EDGE('',*,*,#7132,.T.);
#9525=ORIENTED_EDGE('',*,*,#7135,.T.);
#9526=ORIENTED_EDGE('',*,*,#7138,.T.);
#9527=ORIENTED_EDGE('',*,*,#7141,.T.);
#9528=ORIENTED_EDGE('',*,*,#7143,.T.);
#9529=ORIENTED_EDGE('',*,*,#7090,.F.);
#9530=ORIENTED_EDGE('',*,*,#7142,.F.);
#9531=ORIENTED_EDGE('',*,*,#7139,.F.);
#9532=ORIENTED_EDGE('',*,*,#7136,.F.);
#9533=ORIENTED_EDGE('',*,*,#7133,.F.);
#9534=ORIENTED_EDGE('',*,*,#7130,.F.);
#9535=ORIENTED_EDGE('',*,*,#7127,.F.);
#9536=ORIENTED_EDGE('',*,*,#7124,.F.);
#9537=ORIENTED_EDGE('',*,*,#7121,.F.);
#9538=ORIENTED_EDGE('',*,*,#7118,.F.);
#9539=ORIENTED_EDGE('',*,*,#7115,.F.);
#9540=ORIENTED_EDGE('',*,*,#7112,.F.);
#9541=ORIENTED_EDGE('',*,*,#7109,.F.);
#9542=ORIENTED_EDGE('',*,*,#7106,.F.);
#9543=ORIENTED_EDGE('',*,*,#7103,.F.);
#9544=ORIENTED_EDGE('',*,*,#7100,.F.);
#9545=ORIENTED_EDGE('',*,*,#7097,.F.);
#9546=ORIENTED_EDGE('',*,*,#7094,.F.);
#9547=ORIENTED_EDGE('',*,*,#7144,.T.);
#9548=ORIENTED_EDGE('',*,*,#7145,.F.);
#9549=ORIENTED_EDGE('',*,*,#7146,.F.);
#9550=ORIENTED_EDGE('',*,*,#7147,.T.);
#9551=ORIENTED_EDGE('',*,*,#7148,.T.);
#9552=ORIENTED_EDGE('',*,*,#7149,.F.);
#9553=ORIENTED_EDGE('',*,*,#7150,.F.);
#9554=ORIENTED_EDGE('',*,*,#7145,.T.);
#9555=ORIENTED_EDGE('',*,*,#7151,.T.);
#9556=ORIENTED_EDGE('',*,*,#7152,.F.);
#9557=ORIENTED_EDGE('',*,*,#7153,.F.);
#9558=ORIENTED_EDGE('',*,*,#7149,.T.);
#9559=ORIENTED_EDGE('',*,*,#7154,.T.);
#9560=ORIENTED_EDGE('',*,*,#7155,.F.);
#9561=ORIENTED_EDGE('',*,*,#7156,.F.);
#9562=ORIENTED_EDGE('',*,*,#7152,.T.);
#9563=ORIENTED_EDGE('',*,*,#7157,.T.);
#9564=ORIENTED_EDGE('',*,*,#7158,.F.);
#9565=ORIENTED_EDGE('',*,*,#7159,.F.);
#9566=ORIENTED_EDGE('',*,*,#7155,.T.);
#9567=ORIENTED_EDGE('',*,*,#7160,.T.);
#9568=ORIENTED_EDGE('',*,*,#7161,.F.);
#9569=ORIENTED_EDGE('',*,*,#7162,.F.);
#9570=ORIENTED_EDGE('',*,*,#7158,.T.);
#9571=ORIENTED_EDGE('',*,*,#7163,.T.);
#9572=ORIENTED_EDGE('',*,*,#7164,.F.);
#9573=ORIENTED_EDGE('',*,*,#7165,.F.);
#9574=ORIENTED_EDGE('',*,*,#7161,.T.);
#9575=ORIENTED_EDGE('',*,*,#7166,.T.);
#9576=ORIENTED_EDGE('',*,*,#7167,.F.);
#9577=ORIENTED_EDGE('',*,*,#7168,.F.);
#9578=ORIENTED_EDGE('',*,*,#7164,.T.);
#9579=ORIENTED_EDGE('',*,*,#7169,.T.);
#9580=ORIENTED_EDGE('',*,*,#7170,.F.);
#9581=ORIENTED_EDGE('',*,*,#7171,.F.);
#9582=ORIENTED_EDGE('',*,*,#7167,.T.);
#9583=ORIENTED_EDGE('',*,*,#7172,.T.);
#9584=ORIENTED_EDGE('',*,*,#7173,.F.);
#9585=ORIENTED_EDGE('',*,*,#7174,.F.);
#9586=ORIENTED_EDGE('',*,*,#7170,.T.);
#9587=ORIENTED_EDGE('',*,*,#7175,.T.);
#9588=ORIENTED_EDGE('',*,*,#7176,.F.);
#9589=ORIENTED_EDGE('',*,*,#7177,.F.);
#9590=ORIENTED_EDGE('',*,*,#7173,.T.);
#9591=ORIENTED_EDGE('',*,*,#7178,.T.);
#9592=ORIENTED_EDGE('',*,*,#7179,.F.);
#9593=ORIENTED_EDGE('',*,*,#7180,.F.);
#9594=ORIENTED_EDGE('',*,*,#7176,.T.);
#9595=ORIENTED_EDGE('',*,*,#7181,.T.);
#9596=ORIENTED_EDGE('',*,*,#7182,.F.);
#9597=ORIENTED_EDGE('',*,*,#7183,.F.);
#9598=ORIENTED_EDGE('',*,*,#7179,.T.);
#9599=ORIENTED_EDGE('',*,*,#7184,.T.);
#9600=ORIENTED_EDGE('',*,*,#7185,.F.);
#9601=ORIENTED_EDGE('',*,*,#7186,.F.);
#9602=ORIENTED_EDGE('',*,*,#7182,.T.);
#9603=ORIENTED_EDGE('',*,*,#7187,.T.);
#9604=ORIENTED_EDGE('',*,*,#7188,.F.);
#9605=ORIENTED_EDGE('',*,*,#7189,.F.);
#9606=ORIENTED_EDGE('',*,*,#7185,.T.);
#9607=ORIENTED_EDGE('',*,*,#7190,.T.);
#9608=ORIENTED_EDGE('',*,*,#7191,.F.);
#9609=ORIENTED_EDGE('',*,*,#7192,.F.);
#9610=ORIENTED_EDGE('',*,*,#7188,.T.);
#9611=ORIENTED_EDGE('',*,*,#7193,.T.);
#9612=ORIENTED_EDGE('',*,*,#7194,.F.);
#9613=ORIENTED_EDGE('',*,*,#7195,.F.);
#9614=ORIENTED_EDGE('',*,*,#7191,.T.);
#9615=ORIENTED_EDGE('',*,*,#7196,.T.);
#9616=ORIENTED_EDGE('',*,*,#7147,.F.);
#9617=ORIENTED_EDGE('',*,*,#7197,.F.);
#9618=ORIENTED_EDGE('',*,*,#7194,.T.);
#9619=ORIENTED_EDGE('',*,*,#7146,.T.);
#9620=ORIENTED_EDGE('',*,*,#7150,.T.);
#9621=ORIENTED_EDGE('',*,*,#7153,.T.);
#9622=ORIENTED_EDGE('',*,*,#7156,.T.);
#9623=ORIENTED_EDGE('',*,*,#7159,.T.);
#9624=ORIENTED_EDGE('',*,*,#7162,.T.);
#9625=ORIENTED_EDGE('',*,*,#7165,.T.);
#9626=ORIENTED_EDGE('',*,*,#7168,.T.);
#9627=ORIENTED_EDGE('',*,*,#7171,.T.);
#9628=ORIENTED_EDGE('',*,*,#7174,.T.);
#9629=ORIENTED_EDGE('',*,*,#7177,.T.);
#9630=ORIENTED_EDGE('',*,*,#7180,.T.);
#9631=ORIENTED_EDGE('',*,*,#7183,.T.);
#9632=ORIENTED_EDGE('',*,*,#7186,.T.);
#9633=ORIENTED_EDGE('',*,*,#7189,.T.);
#9634=ORIENTED_EDGE('',*,*,#7192,.T.);
#9635=ORIENTED_EDGE('',*,*,#7195,.T.);
#9636=ORIENTED_EDGE('',*,*,#7197,.T.);
#9637=ORIENTED_EDGE('',*,*,#7144,.F.);
#9638=ORIENTED_EDGE('',*,*,#7196,.F.);
#9639=ORIENTED_EDGE('',*,*,#7193,.F.);
#9640=ORIENTED_EDGE('',*,*,#7190,.F.);
#9641=ORIENTED_EDGE('',*,*,#7187,.F.);
#9642=ORIENTED_EDGE('',*,*,#7184,.F.);
#9643=ORIENTED_EDGE('',*,*,#7181,.F.);
#9644=ORIENTED_EDGE('',*,*,#7178,.F.);
#9645=ORIENTED_EDGE('',*,*,#7175,.F.);
#9646=ORIENTED_EDGE('',*,*,#7172,.F.);
#9647=ORIENTED_EDGE('',*,*,#7169,.F.);
#9648=ORIENTED_EDGE('',*,*,#7166,.F.);
#9649=ORIENTED_EDGE('',*,*,#7163,.F.);
#9650=ORIENTED_EDGE('',*,*,#7160,.F.);
#9651=ORIENTED_EDGE('',*,*,#7157,.F.);
#9652=ORIENTED_EDGE('',*,*,#7154,.F.);
#9653=ORIENTED_EDGE('',*,*,#7151,.F.);
#9654=ORIENTED_EDGE('',*,*,#7148,.F.);
#9655=ORIENTED_EDGE('',*,*,#7198,.T.);
#9656=ORIENTED_EDGE('',*,*,#7199,.F.);
#9657=ORIENTED_EDGE('',*,*,#7200,.F.);
#9658=ORIENTED_EDGE('',*,*,#7201,.T.);
#9659=ORIENTED_EDGE('',*,*,#7202,.T.);
#9660=ORIENTED_EDGE('',*,*,#7203,.F.);
#9661=ORIENTED_EDGE('',*,*,#7204,.F.);
#9662=ORIENTED_EDGE('',*,*,#7199,.T.);
#9663=ORIENTED_EDGE('',*,*,#7205,.T.);
#9664=ORIENTED_EDGE('',*,*,#7206,.F.);
#9665=ORIENTED_EDGE('',*,*,#7207,.F.);
#9666=ORIENTED_EDGE('',*,*,#7203,.T.);
#9667=ORIENTED_EDGE('',*,*,#7208,.T.);
#9668=ORIENTED_EDGE('',*,*,#7209,.F.);
#9669=ORIENTED_EDGE('',*,*,#7210,.F.);
#9670=ORIENTED_EDGE('',*,*,#7206,.T.);
#9671=ORIENTED_EDGE('',*,*,#7211,.T.);
#9672=ORIENTED_EDGE('',*,*,#7212,.F.);
#9673=ORIENTED_EDGE('',*,*,#7213,.F.);
#9674=ORIENTED_EDGE('',*,*,#7209,.T.);
#9675=ORIENTED_EDGE('',*,*,#7214,.T.);
#9676=ORIENTED_EDGE('',*,*,#7215,.F.);
#9677=ORIENTED_EDGE('',*,*,#7216,.F.);
#9678=ORIENTED_EDGE('',*,*,#7212,.T.);
#9679=ORIENTED_EDGE('',*,*,#7217,.T.);
#9680=ORIENTED_EDGE('',*,*,#7218,.F.);
#9681=ORIENTED_EDGE('',*,*,#7219,.F.);
#9682=ORIENTED_EDGE('',*,*,#7215,.T.);
#9683=ORIENTED_EDGE('',*,*,#7220,.T.);
#9684=ORIENTED_EDGE('',*,*,#7221,.F.);
#9685=ORIENTED_EDGE('',*,*,#7222,.F.);
#9686=ORIENTED_EDGE('',*,*,#7218,.T.);
#9687=ORIENTED_EDGE('',*,*,#7223,.T.);
#9688=ORIENTED_EDGE('',*,*,#7224,.F.);
#9689=ORIENTED_EDGE('',*,*,#7225,.F.);
#9690=ORIENTED_EDGE('',*,*,#7221,.T.);
#9691=ORIENTED_EDGE('',*,*,#7226,.T.);
#9692=ORIENTED_EDGE('',*,*,#7227,.F.);
#9693=ORIENTED_EDGE('',*,*,#7228,.F.);
#9694=ORIENTED_EDGE('',*,*,#7224,.T.);
#9695=ORIENTED_EDGE('',*,*,#7229,.T.);
#9696=ORIENTED_EDGE('',*,*,#7230,.F.);
#9697=ORIENTED_EDGE('',*,*,#7231,.F.);
#9698=ORIENTED_EDGE('',*,*,#7227,.T.);
#9699=ORIENTED_EDGE('',*,*,#7232,.T.);
#9700=ORIENTED_EDGE('',*,*,#7233,.F.);
#9701=ORIENTED_EDGE('',*,*,#7234,.F.);
#9702=ORIENTED_EDGE('',*,*,#7230,.T.);
#9703=ORIENTED_EDGE('',*,*,#7235,.T.);
#9704=ORIENTED_EDGE('',*,*,#7236,.F.);
#9705=ORIENTED_EDGE('',*,*,#7237,.F.);
#9706=ORIENTED_EDGE('',*,*,#7233,.T.);
#9707=ORIENTED_EDGE('',*,*,#7238,.T.);
#9708=ORIENTED_EDGE('',*,*,#7239,.F.);
#9709=ORIENTED_EDGE('',*,*,#7240,.F.);
#9710=ORIENTED_EDGE('',*,*,#7236,.T.);
#9711=ORIENTED_EDGE('',*,*,#7241,.T.);
#9712=ORIENTED_EDGE('',*,*,#7242,.F.);
#9713=ORIENTED_EDGE('',*,*,#7243,.F.);
#9714=ORIENTED_EDGE('',*,*,#7239,.T.);
#9715=ORIENTED_EDGE('',*,*,#7244,.T.);
#9716=ORIENTED_EDGE('',*,*,#7245,.F.);
#9717=ORIENTED_EDGE('',*,*,#7246,.F.);
#9718=ORIENTED_EDGE('',*,*,#7242,.T.);
#9719=ORIENTED_EDGE('',*,*,#7247,.T.);
#9720=ORIENTED_EDGE('',*,*,#7248,.F.);
#9721=ORIENTED_EDGE('',*,*,#7249,.F.);
#9722=ORIENTED_EDGE('',*,*,#7245,.T.);
#9723=ORIENTED_EDGE('',*,*,#7250,.T.);
#9724=ORIENTED_EDGE('',*,*,#7201,.F.);
#9725=ORIENTED_EDGE('',*,*,#7251,.F.);
#9726=ORIENTED_EDGE('',*,*,#7248,.T.);
#9727=ORIENTED_EDGE('',*,*,#7200,.T.);
#9728=ORIENTED_EDGE('',*,*,#7204,.T.);
#9729=ORIENTED_EDGE('',*,*,#7207,.T.);
#9730=ORIENTED_EDGE('',*,*,#7210,.T.);
#9731=ORIENTED_EDGE('',*,*,#7213,.T.);
#9732=ORIENTED_EDGE('',*,*,#7216,.T.);
#9733=ORIENTED_EDGE('',*,*,#7219,.T.);
#9734=ORIENTED_EDGE('',*,*,#7222,.T.);
#9735=ORIENTED_EDGE('',*,*,#7225,.T.);
#9736=ORIENTED_EDGE('',*,*,#7228,.T.);
#9737=ORIENTED_EDGE('',*,*,#7231,.T.);
#9738=ORIENTED_EDGE('',*,*,#7234,.T.);
#9739=ORIENTED_EDGE('',*,*,#7237,.T.);
#9740=ORIENTED_EDGE('',*,*,#7240,.T.);
#9741=ORIENTED_EDGE('',*,*,#7243,.T.);
#9742=ORIENTED_EDGE('',*,*,#7246,.T.);
#9743=ORIENTED_EDGE('',*,*,#7249,.T.);
#9744=ORIENTED_EDGE('',*,*,#7251,.T.);
#9745=ORIENTED_EDGE('',*,*,#7198,.F.);
#9746=ORIENTED_EDGE('',*,*,#7250,.F.);
#9747=ORIENTED_EDGE('',*,*,#7247,.F.);
#9748=ORIENTED_EDGE('',*,*,#7244,.F.);
#9749=ORIENTED_EDGE('',*,*,#7241,.F.);
#9750=ORIENTED_EDGE('',*,*,#7238,.F.);
#9751=ORIENTED_EDGE('',*,*,#7235,.F.);
#9752=ORIENTED_EDGE('',*,*,#7232,.F.);
#9753=ORIENTED_EDGE('',*,*,#7229,.F.);
#9754=ORIENTED_EDGE('',*,*,#7226,.F.);
#9755=ORIENTED_EDGE('',*,*,#7223,.F.);
#9756=ORIENTED_EDGE('',*,*,#7220,.F.);
#9757=ORIENTED_EDGE('',*,*,#7217,.F.);
#9758=ORIENTED_EDGE('',*,*,#7214,.F.);
#9759=ORIENTED_EDGE('',*,*,#7211,.F.);
#9760=ORIENTED_EDGE('',*,*,#7208,.F.);
#9761=ORIENTED_EDGE('',*,*,#7205,.F.);
#9762=ORIENTED_EDGE('',*,*,#7202,.F.);
#9763=ORIENTED_EDGE('',*,*,#7252,.T.);
#9764=ORIENTED_EDGE('',*,*,#7253,.F.);
#9765=ORIENTED_EDGE('',*,*,#7254,.F.);
#9766=ORIENTED_EDGE('',*,*,#7255,.T.);
#9767=ORIENTED_EDGE('',*,*,#7256,.T.);
#9768=ORIENTED_EDGE('',*,*,#7257,.F.);
#9769=ORIENTED_EDGE('',*,*,#7258,.F.);
#9770=ORIENTED_EDGE('',*,*,#7253,.T.);
#9771=ORIENTED_EDGE('',*,*,#7259,.T.);
#9772=ORIENTED_EDGE('',*,*,#7260,.F.);
#9773=ORIENTED_EDGE('',*,*,#7261,.F.);
#9774=ORIENTED_EDGE('',*,*,#7257,.T.);
#9775=ORIENTED_EDGE('',*,*,#7262,.T.);
#9776=ORIENTED_EDGE('',*,*,#7263,.F.);
#9777=ORIENTED_EDGE('',*,*,#7264,.F.);
#9778=ORIENTED_EDGE('',*,*,#7260,.T.);
#9779=ORIENTED_EDGE('',*,*,#7265,.T.);
#9780=ORIENTED_EDGE('',*,*,#7266,.F.);
#9781=ORIENTED_EDGE('',*,*,#7267,.F.);
#9782=ORIENTED_EDGE('',*,*,#7263,.T.);
#9783=ORIENTED_EDGE('',*,*,#7268,.T.);
#9784=ORIENTED_EDGE('',*,*,#7269,.F.);
#9785=ORIENTED_EDGE('',*,*,#7270,.F.);
#9786=ORIENTED_EDGE('',*,*,#7266,.T.);
#9787=ORIENTED_EDGE('',*,*,#7271,.T.);
#9788=ORIENTED_EDGE('',*,*,#7272,.F.);
#9789=ORIENTED_EDGE('',*,*,#7273,.F.);
#9790=ORIENTED_EDGE('',*,*,#7269,.T.);
#9791=ORIENTED_EDGE('',*,*,#7274,.T.);
#9792=ORIENTED_EDGE('',*,*,#7275,.F.);
#9793=ORIENTED_EDGE('',*,*,#7276,.F.);
#9794=ORIENTED_EDGE('',*,*,#7272,.T.);
#9795=ORIENTED_EDGE('',*,*,#7277,.T.);
#9796=ORIENTED_EDGE('',*,*,#7278,.F.);
#9797=ORIENTED_EDGE('',*,*,#7279,.F.);
#9798=ORIENTED_EDGE('',*,*,#7275,.T.);
#9799=ORIENTED_EDGE('',*,*,#7280,.T.);
#9800=ORIENTED_EDGE('',*,*,#7281,.F.);
#9801=ORIENTED_EDGE('',*,*,#7282,.F.);
#9802=ORIENTED_EDGE('',*,*,#7278,.T.);
#9803=ORIENTED_EDGE('',*,*,#7283,.T.);
#9804=ORIENTED_EDGE('',*,*,#7284,.F.);
#9805=ORIENTED_EDGE('',*,*,#7285,.F.);
#9806=ORIENTED_EDGE('',*,*,#7281,.T.);
#9807=ORIENTED_EDGE('',*,*,#7286,.T.);
#9808=ORIENTED_EDGE('',*,*,#7287,.F.);
#9809=ORIENTED_EDGE('',*,*,#7288,.F.);
#9810=ORIENTED_EDGE('',*,*,#7284,.T.);
#9811=ORIENTED_EDGE('',*,*,#7289,.T.);
#9812=ORIENTED_EDGE('',*,*,#7290,.F.);
#9813=ORIENTED_EDGE('',*,*,#7291,.F.);
#9814=ORIENTED_EDGE('',*,*,#7287,.T.);
#9815=ORIENTED_EDGE('',*,*,#7292,.T.);
#9816=ORIENTED_EDGE('',*,*,#7293,.F.);
#9817=ORIENTED_EDGE('',*,*,#7294,.F.);
#9818=ORIENTED_EDGE('',*,*,#7290,.T.);
#9819=ORIENTED_EDGE('',*,*,#7295,.T.);
#9820=ORIENTED_EDGE('',*,*,#7296,.F.);
#9821=ORIENTED_EDGE('',*,*,#7297,.F.);
#9822=ORIENTED_EDGE('',*,*,#7293,.T.);
#9823=ORIENTED_EDGE('',*,*,#7298,.T.);
#9824=ORIENTED_EDGE('',*,*,#7299,.F.);
#9825=ORIENTED_EDGE('',*,*,#7300,.F.);
#9826=ORIENTED_EDGE('',*,*,#7296,.T.);
#9827=ORIENTED_EDGE('',*,*,#7301,.T.);
#9828=ORIENTED_EDGE('',*,*,#7302,.F.);
#9829=ORIENTED_EDGE('',*,*,#7303,.F.);
#9830=ORIENTED_EDGE('',*,*,#7299,.T.);
#9831=ORIENTED_EDGE('',*,*,#7304,.T.);
#9832=ORIENTED_EDGE('',*,*,#7305,.F.);
#9833=ORIENTED_EDGE('',*,*,#7306,.F.);
#9834=ORIENTED_EDGE('',*,*,#7302,.T.);
#9835=ORIENTED_EDGE('',*,*,#7307,.T.);
#9836=ORIENTED_EDGE('',*,*,#7308,.F.);
#9837=ORIENTED_EDGE('',*,*,#7309,.F.);
#9838=ORIENTED_EDGE('',*,*,#7305,.T.);
#9839=ORIENTED_EDGE('',*,*,#7310,.T.);
#9840=ORIENTED_EDGE('',*,*,#7311,.F.);
#9841=ORIENTED_EDGE('',*,*,#7312,.F.);
#9842=ORIENTED_EDGE('',*,*,#7308,.T.);
#9843=ORIENTED_EDGE('',*,*,#7313,.T.);
#9844=ORIENTED_EDGE('',*,*,#7314,.F.);
#9845=ORIENTED_EDGE('',*,*,#7315,.F.);
#9846=ORIENTED_EDGE('',*,*,#7311,.T.);
#9847=ORIENTED_EDGE('',*,*,#7316,.T.);
#9848=ORIENTED_EDGE('',*,*,#7317,.F.);
#9849=ORIENTED_EDGE('',*,*,#7318,.F.);
#9850=ORIENTED_EDGE('',*,*,#7314,.T.);
#9851=ORIENTED_EDGE('',*,*,#7319,.T.);
#9852=ORIENTED_EDGE('',*,*,#7255,.F.);
#9853=ORIENTED_EDGE('',*,*,#7320,.F.);
#9854=ORIENTED_EDGE('',*,*,#7317,.T.);
#9855=ORIENTED_EDGE('',*,*,#7254,.T.);
#9856=ORIENTED_EDGE('',*,*,#7258,.T.);
#9857=ORIENTED_EDGE('',*,*,#7261,.T.);
#9858=ORIENTED_EDGE('',*,*,#7264,.T.);
#9859=ORIENTED_EDGE('',*,*,#7267,.T.);
#9860=ORIENTED_EDGE('',*,*,#7270,.T.);
#9861=ORIENTED_EDGE('',*,*,#7273,.T.);
#9862=ORIENTED_EDGE('',*,*,#7276,.T.);
#9863=ORIENTED_EDGE('',*,*,#7279,.T.);
#9864=ORIENTED_EDGE('',*,*,#7282,.T.);
#9865=ORIENTED_EDGE('',*,*,#7285,.T.);
#9866=ORIENTED_EDGE('',*,*,#7288,.T.);
#9867=ORIENTED_EDGE('',*,*,#7291,.T.);
#9868=ORIENTED_EDGE('',*,*,#7294,.T.);
#9869=ORIENTED_EDGE('',*,*,#7297,.T.);
#9870=ORIENTED_EDGE('',*,*,#7300,.T.);
#9871=ORIENTED_EDGE('',*,*,#7303,.T.);
#9872=ORIENTED_EDGE('',*,*,#7306,.T.);
#9873=ORIENTED_EDGE('',*,*,#7309,.T.);
#9874=ORIENTED_EDGE('',*,*,#7312,.T.);
#9875=ORIENTED_EDGE('',*,*,#7315,.T.);
#9876=ORIENTED_EDGE('',*,*,#7318,.T.);
#9877=ORIENTED_EDGE('',*,*,#7320,.T.);
#9878=ORIENTED_EDGE('',*,*,#7252,.F.);
#9879=ORIENTED_EDGE('',*,*,#7319,.F.);
#9880=ORIENTED_EDGE('',*,*,#7316,.F.);
#9881=ORIENTED_EDGE('',*,*,#7313,.F.);
#9882=ORIENTED_EDGE('',*,*,#7310,.F.);
#9883=ORIENTED_EDGE('',*,*,#7307,.F.);
#9884=ORIENTED_EDGE('',*,*,#7304,.F.);
#9885=ORIENTED_EDGE('',*,*,#7301,.F.);
#9886=ORIENTED_EDGE('',*,*,#7298,.F.);
#9887=ORIENTED_EDGE('',*,*,#7295,.F.);
#9888=ORIENTED_EDGE('',*,*,#7292,.F.);
#9889=ORIENTED_EDGE('',*,*,#7289,.F.);
#9890=ORIENTED_EDGE('',*,*,#7286,.F.);
#9891=ORIENTED_EDGE('',*,*,#7283,.F.);
#9892=ORIENTED_EDGE('',*,*,#7280,.F.);
#9893=ORIENTED_EDGE('',*,*,#7277,.F.);
#9894=ORIENTED_EDGE('',*,*,#7274,.F.);
#9895=ORIENTED_EDGE('',*,*,#7271,.F.);
#9896=ORIENTED_EDGE('',*,*,#7268,.F.);
#9897=ORIENTED_EDGE('',*,*,#7265,.F.);
#9898=ORIENTED_EDGE('',*,*,#7262,.F.);
#9899=ORIENTED_EDGE('',*,*,#7259,.F.);
#9900=ORIENTED_EDGE('',*,*,#7256,.F.);
#9901=ORIENTED_EDGE('',*,*,#7321,.T.);
#9902=ORIENTED_EDGE('',*,*,#7322,.F.);
#9903=ORIENTED_EDGE('',*,*,#7323,.F.);
#9904=ORIENTED_EDGE('',*,*,#7324,.T.);
#9905=ORIENTED_EDGE('',*,*,#7325,.T.);
#9906=ORIENTED_EDGE('',*,*,#7326,.F.);
#9907=ORIENTED_EDGE('',*,*,#7327,.F.);
#9908=ORIENTED_EDGE('',*,*,#7322,.T.);
#9909=ORIENTED_EDGE('',*,*,#7328,.T.);
#9910=ORIENTED_EDGE('',*,*,#7329,.F.);
#9911=ORIENTED_EDGE('',*,*,#7330,.F.);
#9912=ORIENTED_EDGE('',*,*,#7326,.T.);
#9913=ORIENTED_EDGE('',*,*,#7331,.T.);
#9914=ORIENTED_EDGE('',*,*,#7332,.F.);
#9915=ORIENTED_EDGE('',*,*,#7333,.F.);
#9916=ORIENTED_EDGE('',*,*,#7329,.T.);
#9917=ORIENTED_EDGE('',*,*,#7334,.T.);
#9918=ORIENTED_EDGE('',*,*,#7335,.F.);
#9919=ORIENTED_EDGE('',*,*,#7336,.F.);
#9920=ORIENTED_EDGE('',*,*,#7332,.T.);
#9921=ORIENTED_EDGE('',*,*,#7337,.T.);
#9922=ORIENTED_EDGE('',*,*,#7338,.F.);
#9923=ORIENTED_EDGE('',*,*,#7339,.F.);
#9924=ORIENTED_EDGE('',*,*,#7335,.T.);
#9925=ORIENTED_EDGE('',*,*,#7340,.T.);
#9926=ORIENTED_EDGE('',*,*,#7341,.F.);
#9927=ORIENTED_EDGE('',*,*,#7342,.F.);
#9928=ORIENTED_EDGE('',*,*,#7338,.T.);
#9929=ORIENTED_EDGE('',*,*,#7343,.T.);
#9930=ORIENTED_EDGE('',*,*,#7344,.F.);
#9931=ORIENTED_EDGE('',*,*,#7345,.F.);
#9932=ORIENTED_EDGE('',*,*,#7341,.T.);
#9933=ORIENTED_EDGE('',*,*,#7346,.T.);
#9934=ORIENTED_EDGE('',*,*,#7347,.F.);
#9935=ORIENTED_EDGE('',*,*,#7348,.F.);
#9936=ORIENTED_EDGE('',*,*,#7344,.T.);
#9937=ORIENTED_EDGE('',*,*,#7349,.T.);
#9938=ORIENTED_EDGE('',*,*,#7350,.F.);
#9939=ORIENTED_EDGE('',*,*,#7351,.F.);
#9940=ORIENTED_EDGE('',*,*,#7347,.T.);
#9941=ORIENTED_EDGE('',*,*,#7352,.T.);
#9942=ORIENTED_EDGE('',*,*,#7353,.F.);
#9943=ORIENTED_EDGE('',*,*,#7354,.F.);
#9944=ORIENTED_EDGE('',*,*,#7350,.T.);
#9945=ORIENTED_EDGE('',*,*,#7355,.T.);
#9946=ORIENTED_EDGE('',*,*,#7356,.F.);
#9947=ORIENTED_EDGE('',*,*,#7357,.F.);
#9948=ORIENTED_EDGE('',*,*,#7353,.T.);
#9949=ORIENTED_EDGE('',*,*,#7358,.T.);
#9950=ORIENTED_EDGE('',*,*,#7359,.F.);
#9951=ORIENTED_EDGE('',*,*,#7360,.F.);
#9952=ORIENTED_EDGE('',*,*,#7356,.T.);
#9953=ORIENTED_EDGE('',*,*,#7361,.T.);
#9954=ORIENTED_EDGE('',*,*,#7362,.F.);
#9955=ORIENTED_EDGE('',*,*,#7363,.F.);
#9956=ORIENTED_EDGE('',*,*,#7359,.T.);
#9957=ORIENTED_EDGE('',*,*,#7364,.T.);
#9958=ORIENTED_EDGE('',*,*,#7365,.F.);
#9959=ORIENTED_EDGE('',*,*,#7366,.F.);
#9960=ORIENTED_EDGE('',*,*,#7362,.T.);
#9961=ORIENTED_EDGE('',*,*,#7367,.T.);
#9962=ORIENTED_EDGE('',*,*,#7368,.F.);
#9963=ORIENTED_EDGE('',*,*,#7369,.F.);
#9964=ORIENTED_EDGE('',*,*,#7365,.T.);
#9965=ORIENTED_EDGE('',*,*,#7370,.T.);
#9966=ORIENTED_EDGE('',*,*,#7371,.F.);
#9967=ORIENTED_EDGE('',*,*,#7372,.F.);
#9968=ORIENTED_EDGE('',*,*,#7368,.T.);
#9969=ORIENTED_EDGE('',*,*,#7373,.T.);
#9970=ORIENTED_EDGE('',*,*,#7324,.F.);
#9971=ORIENTED_EDGE('',*,*,#7374,.F.);
#9972=ORIENTED_EDGE('',*,*,#7371,.T.);
#9973=ORIENTED_EDGE('',*,*,#7323,.T.);
#9974=ORIENTED_EDGE('',*,*,#7327,.T.);
#9975=ORIENTED_EDGE('',*,*,#7330,.T.);
#9976=ORIENTED_EDGE('',*,*,#7333,.T.);
#9977=ORIENTED_EDGE('',*,*,#7336,.T.);
#9978=ORIENTED_EDGE('',*,*,#7339,.T.);
#9979=ORIENTED_EDGE('',*,*,#7342,.T.);
#9980=ORIENTED_EDGE('',*,*,#7345,.T.);
#9981=ORIENTED_EDGE('',*,*,#7348,.T.);
#9982=ORIENTED_EDGE('',*,*,#7351,.T.);
#9983=ORIENTED_EDGE('',*,*,#7354,.T.);
#9984=ORIENTED_EDGE('',*,*,#7357,.T.);
#9985=ORIENTED_EDGE('',*,*,#7360,.T.);
#9986=ORIENTED_EDGE('',*,*,#7363,.T.);
#9987=ORIENTED_EDGE('',*,*,#7366,.T.);
#9988=ORIENTED_EDGE('',*,*,#7369,.T.);
#9989=ORIENTED_EDGE('',*,*,#7372,.T.);
#9990=ORIENTED_EDGE('',*,*,#7374,.T.);
#9991=ORIENTED_EDGE('',*,*,#7321,.F.);
#9992=ORIENTED_EDGE('',*,*,#7373,.F.);
#9993=ORIENTED_EDGE('',*,*,#7370,.F.);
#9994=ORIENTED_EDGE('',*,*,#7367,.F.);
#9995=ORIENTED_EDGE('',*,*,#7364,.F.);
#9996=ORIENTED_EDGE('',*,*,#7361,.F.);
#9997=ORIENTED_EDGE('',*,*,#7358,.F.);
#9998=ORIENTED_EDGE('',*,*,#7355,.F.);
#9999=ORIENTED_EDGE('',*,*,#7352,.F.);
#10000=ORIENTED_EDGE('',*,*,#7349,.F.);
#10001=ORIENTED_EDGE('',*,*,#7346,.F.);
#10002=ORIENTED_EDGE('',*,*,#7343,.F.);
#10003=ORIENTED_EDGE('',*,*,#7340,.F.);
#10004=ORIENTED_EDGE('',*,*,#7337,.F.);
#10005=ORIENTED_EDGE('',*,*,#7334,.F.);
#10006=ORIENTED_EDGE('',*,*,#7331,.F.);
#10007=ORIENTED_EDGE('',*,*,#7328,.F.);
#10008=ORIENTED_EDGE('',*,*,#7325,.F.);
#10009=ORIENTED_EDGE('',*,*,#7375,.T.);
#10010=ORIENTED_EDGE('',*,*,#7376,.T.);
#10011=ORIENTED_EDGE('',*,*,#7377,.F.);
#10012=ORIENTED_EDGE('',*,*,#7378,.T.);
#10013=ORIENTED_EDGE('',*,*,#7379,.F.);
#10014=ORIENTED_EDGE('',*,*,#7380,.F.);
#10015=ORIENTED_EDGE('',*,*,#7381,.F.);
#10016=ORIENTED_EDGE('',*,*,#7382,.T.);
#10017=ORIENTED_EDGE('',*,*,#7383,.F.);
#10018=ORIENTED_EDGE('',*,*,#7384,.F.);
#10019=ORIENTED_EDGE('',*,*,#7385,.F.);
#10020=ORIENTED_EDGE('',*,*,#7386,.T.);
#10021=ORIENTED_EDGE('',*,*,#7387,.F.);
#10022=ORIENTED_EDGE('',*,*,#7388,.F.);
#10023=ORIENTED_EDGE('',*,*,#7389,.F.);
#10024=ORIENTED_EDGE('',*,*,#7390,.T.);
#10025=ORIENTED_EDGE('',*,*,#7391,.F.);
#10026=ORIENTED_EDGE('',*,*,#7392,.F.);
#10027=ORIENTED_EDGE('',*,*,#7393,.F.);
#10028=ORIENTED_EDGE('',*,*,#7394,.F.);
#10029=ORIENTED_EDGE('',*,*,#7395,.F.);
#10030=ORIENTED_EDGE('',*,*,#7396,.F.);
#10031=ORIENTED_EDGE('',*,*,#7397,.F.);
#10032=ORIENTED_EDGE('',*,*,#7398,.F.);
#10033=ORIENTED_EDGE('',*,*,#7399,.F.);
#10034=ORIENTED_EDGE('',*,*,#7400,.T.);
#10035=ORIENTED_EDGE('',*,*,#7401,.T.);
#10036=ORIENTED_EDGE('',*,*,#7402,.T.);
#10037=ORIENTED_EDGE('',*,*,#7403,.T.);
#10038=ORIENTED_EDGE('',*,*,#7404,.T.);
#10039=ORIENTED_EDGE('',*,*,#7405,.T.);
#10040=ORIENTED_EDGE('',*,*,#7406,.F.);
#10041=ORIENTED_EDGE('',*,*,#7407,.F.);
#10042=ORIENTED_EDGE('',*,*,#7408,.F.);
#10043=ORIENTED_EDGE('',*,*,#7409,.F.);
#10044=ORIENTED_EDGE('',*,*,#7410,.F.);
#10045=ORIENTED_EDGE('',*,*,#7411,.F.);
#10046=ORIENTED_EDGE('',*,*,#7412,.T.);
#10047=ORIENTED_EDGE('',*,*,#7413,.T.);
#10048=ORIENTED_EDGE('',*,*,#7414,.F.);
#10049=ORIENTED_EDGE('',*,*,#7415,.T.);
#10050=ORIENTED_EDGE('',*,*,#7416,.T.);
#10051=ORIENTED_EDGE('',*,*,#7417,.T.);
#10052=ORIENTED_EDGE('',*,*,#7418,.T.);
#10053=ORIENTED_EDGE('',*,*,#7419,.T.);
#10054=ORIENTED_EDGE('',*,*,#7420,.T.);
#10055=ORIENTED_EDGE('',*,*,#7421,.T.);
#10056=ORIENTED_EDGE('',*,*,#7422,.T.);
#10057=ORIENTED_EDGE('',*,*,#7423,.T.);
#10058=ORIENTED_EDGE('',*,*,#7424,.T.);
#10059=ORIENTED_EDGE('',*,*,#7425,.T.);
#10060=ORIENTED_EDGE('',*,*,#7426,.T.);
#10061=ORIENTED_EDGE('',*,*,#7427,.T.);
#10062=ORIENTED_EDGE('',*,*,#7428,.T.);
#10063=ORIENTED_EDGE('',*,*,#7406,.T.);
#10064=ORIENTED_EDGE('',*,*,#7429,.F.);
#10065=ORIENTED_EDGE('',*,*,#7430,.T.);
#10066=ORIENTED_EDGE('',*,*,#7431,.T.);
#10067=ORIENTED_EDGE('',*,*,#7432,.T.);
#10068=ORIENTED_EDGE('',*,*,#7433,.T.);
#10069=ORIENTED_EDGE('',*,*,#7434,.T.);
#10070=ORIENTED_EDGE('',*,*,#7435,.T.);
#10071=ORIENTED_EDGE('',*,*,#7436,.F.);
#10072=ORIENTED_EDGE('',*,*,#7437,.T.);
#10073=ORIENTED_EDGE('',*,*,#7438,.T.);
#10074=ORIENTED_EDGE('',*,*,#7439,.T.);
#10075=ORIENTED_EDGE('',*,*,#7440,.F.);
#10076=ORIENTED_EDGE('',*,*,#7441,.T.);
#10077=ORIENTED_EDGE('',*,*,#7442,.T.);
#10078=ORIENTED_EDGE('',*,*,#7443,.T.);
#10079=ORIENTED_EDGE('',*,*,#7444,.F.);
#10080=ORIENTED_EDGE('',*,*,#7445,.T.);
#10081=ORIENTED_EDGE('',*,*,#7446,.T.);
#10082=ORIENTED_EDGE('',*,*,#7447,.T.);
#10083=ORIENTED_EDGE('',*,*,#7448,.F.);
#10084=ORIENTED_EDGE('',*,*,#7449,.T.);
#10085=ORIENTED_EDGE('',*,*,#7450,.T.);
#10086=ORIENTED_EDGE('',*,*,#7451,.F.);
#10087=ORIENTED_EDGE('',*,*,#7430,.F.);
#10088=ORIENTED_EDGE('',*,*,#7452,.F.);
#10089=ORIENTED_EDGE('',*,*,#7432,.F.);
#10090=ORIENTED_EDGE('',*,*,#7453,.F.);
#10091=ORIENTED_EDGE('',*,*,#7454,.T.);
#10092=ORIENTED_EDGE('',*,*,#7455,.F.);
#10093=ORIENTED_EDGE('',*,*,#7396,.T.);
#10094=ORIENTED_EDGE('',*,*,#7456,.F.);
#10095=ORIENTED_EDGE('',*,*,#7457,.T.);
#10096=ORIENTED_EDGE('',*,*,#7458,.T.);
#10097=ORIENTED_EDGE('',*,*,#7375,.F.);
#10098=ORIENTED_EDGE('',*,*,#7459,.T.);
#10099=ORIENTED_EDGE('',*,*,#7460,.T.);
#10100=ORIENTED_EDGE('',*,*,#7461,.F.);
#10101=ORIENTED_EDGE('',*,*,#7462,.F.);
#10102=ORIENTED_EDGE('',*,*,#7463,.T.);
#10103=ORIENTED_EDGE('',*,*,#7464,.F.);
#10104=ORIENTED_EDGE('',*,*,#7465,.T.);
#10105=ORIENTED_EDGE('',*,*,#7466,.T.);
#10106=ORIENTED_EDGE('',*,*,#7467,.T.);
#10107=ORIENTED_EDGE('',*,*,#7468,.F.);
#10108=ORIENTED_EDGE('',*,*,#7469,.T.);
#10109=ORIENTED_EDGE('',*,*,#7470,.F.);
#10110=ORIENTED_EDGE('',*,*,#7471,.T.);
#10111=ORIENTED_EDGE('',*,*,#7472,.T.);
#10112=ORIENTED_EDGE('',*,*,#7473,.T.);
#10113=ORIENTED_EDGE('',*,*,#7474,.F.);
#10114=ORIENTED_EDGE('',*,*,#7475,.T.);
#10115=ORIENTED_EDGE('',*,*,#7476,.F.);
#10116=ORIENTED_EDGE('',*,*,#7477,.T.);
#10117=ORIENTED_EDGE('',*,*,#7408,.T.);
#10118=ORIENTED_EDGE('',*,*,#7478,.F.);
#10119=ORIENTED_EDGE('',*,*,#7479,.F.);
#10120=ORIENTED_EDGE('',*,*,#7480,.T.);
#10121=ORIENTED_EDGE('',*,*,#7404,.F.);
#10122=ORIENTED_EDGE('',*,*,#7481,.F.);
#10123=ORIENTED_EDGE('',*,*,#7482,.F.);
#10124=ORIENTED_EDGE('',*,*,#7483,.F.);
#10125=ORIENTED_EDGE('',*,*,#7484,.F.);
#10126=ORIENTED_EDGE('',*,*,#7485,.T.);
#10127=ORIENTED_EDGE('',*,*,#7486,.F.);
#10128=ORIENTED_EDGE('',*,*,#7487,.T.);
#10129=ORIENTED_EDGE('',*,*,#7488,.T.);
#10130=ORIENTED_EDGE('',*,*,#7489,.T.);
#10131=ORIENTED_EDGE('',*,*,#7490,.F.);
#10132=ORIENTED_EDGE('',*,*,#7491,.T.);
#10133=ORIENTED_EDGE('',*,*,#7492,.F.);
#10134=ORIENTED_EDGE('',*,*,#7493,.T.);
#10135=ORIENTED_EDGE('',*,*,#7494,.T.);
#10136=ORIENTED_EDGE('',*,*,#7495,.T.);
#10137=ORIENTED_EDGE('',*,*,#7479,.T.);
#10138=ORIENTED_EDGE('',*,*,#7496,.T.);
#10139=ORIENTED_EDGE('',*,*,#7427,.F.);
#10140=ORIENTED_EDGE('',*,*,#7497,.T.);
#10141=ORIENTED_EDGE('',*,*,#7421,.F.);
#10142=ORIENTED_EDGE('',*,*,#7498,.T.);
#10143=ORIENTED_EDGE('',*,*,#7450,.F.);
#10144=ORIENTED_EDGE('',*,*,#7499,.F.);
#10145=ORIENTED_EDGE('',*,*,#7454,.F.);
#10146=ORIENTED_EDGE('',*,*,#7500,.T.);
#10147=ORIENTED_EDGE('',*,*,#7415,.F.);
#10148=ORIENTED_EDGE('',*,*,#7501,.F.);
#10149=ORIENTED_EDGE('',*,*,#7502,.F.);
#10150=ORIENTED_EDGE('',*,*,#7503,.T.);
#10151=ORIENTED_EDGE('',*,*,#7504,.T.);
#10152=ORIENTED_EDGE('',*,*,#7493,.F.);
#10153=ORIENTED_EDGE('',*,*,#7505,.F.);
#10154=ORIENTED_EDGE('',*,*,#7506,.T.);
#10155=ORIENTED_EDGE('',*,*,#7507,.T.);
#10156=ORIENTED_EDGE('',*,*,#7487,.F.);
#10157=ORIENTED_EDGE('',*,*,#7508,.T.);
#10158=ORIENTED_EDGE('',*,*,#7509,.T.);
#10159=ORIENTED_EDGE('',*,*,#7462,.T.);
#10160=ORIENTED_EDGE('',*,*,#7510,.T.);
#10161=ORIENTED_EDGE('',*,*,#7490,.T.);
#10162=ORIENTED_EDGE('',*,*,#7511,.T.);
#10163=ORIENTED_EDGE('',*,*,#7512,.T.);
#10164=ORIENTED_EDGE('',*,*,#7513,.T.);
#10165=ORIENTED_EDGE('',*,*,#7385,.T.);
#10166=ORIENTED_EDGE('',*,*,#7514,.F.);
#10167=ORIENTED_EDGE('',*,*,#7515,.T.);
#10168=ORIENTED_EDGE('',*,*,#7508,.F.);
#10169=ORIENTED_EDGE('',*,*,#7516,.T.);
#10170=ORIENTED_EDGE('',*,*,#7517,.T.);
#10171=ORIENTED_EDGE('',*,*,#7512,.F.);
#10172=ORIENTED_EDGE('',*,*,#7518,.T.);
#10173=ORIENTED_EDGE('',*,*,#7519,.T.);
#10174=ORIENTED_EDGE('',*,*,#7389,.T.);
#10175=ORIENTED_EDGE('',*,*,#7520,.F.);
#10176=ORIENTED_EDGE('',*,*,#7521,.T.);
#10177=ORIENTED_EDGE('',*,*,#7522,.F.);
#10178=ORIENTED_EDGE('',*,*,#7523,.T.);
#10179=ORIENTED_EDGE('',*,*,#7524,.T.);
#10180=ORIENTED_EDGE('',*,*,#7525,.F.);
#10181=ORIENTED_EDGE('',*,*,#7526,.F.);
#10182=ORIENTED_EDGE('',*,*,#7527,.T.);
#10183=ORIENTED_EDGE('',*,*,#7401,.F.);
#10184=ORIENTED_EDGE('',*,*,#7528,.T.);
#10185=ORIENTED_EDGE('',*,*,#7529,.F.);
#10186=ORIENTED_EDGE('',*,*,#7530,.F.);
#10187=ORIENTED_EDGE('',*,*,#7531,.F.);
#10188=ORIENTED_EDGE('',*,*,#7532,.T.);
#10189=ORIENTED_EDGE('',*,*,#7482,.T.);
#10190=ORIENTED_EDGE('',*,*,#7533,.F.);
#10191=ORIENTED_EDGE('',*,*,#7534,.F.);
#10192=ORIENTED_EDGE('',*,*,#7526,.T.);
#10193=ORIENTED_EDGE('',*,*,#7535,.T.);
#10194=ORIENTED_EDGE('',*,*,#7399,.T.);
#10195=ORIENTED_EDGE('',*,*,#7536,.F.);
#10196=ORIENTED_EDGE('',*,*,#7537,.F.);
#10197=ORIENTED_EDGE('',*,*,#7538,.F.);
#10198=ORIENTED_EDGE('',*,*,#7539,.F.);
#10199=ORIENTED_EDGE('',*,*,#7540,.F.);
#10200=ORIENTED_EDGE('',*,*,#7541,.T.);
#10201=ORIENTED_EDGE('',*,*,#7483,.T.);
#10202=ORIENTED_EDGE('',*,*,#7532,.F.);
#10203=ORIENTED_EDGE('',*,*,#7542,.F.);
#10204=ORIENTED_EDGE('',*,*,#7543,.F.);
#10205=ORIENTED_EDGE('',*,*,#7544,.F.);
#10206=ORIENTED_EDGE('',*,*,#7545,.T.);
#10207=ORIENTED_EDGE('',*,*,#7546,.T.);
#10208=ORIENTED_EDGE('',*,*,#7547,.T.);
#10209=ORIENTED_EDGE('',*,*,#7484,.T.);
#10210=ORIENTED_EDGE('',*,*,#7541,.F.);
#10211=ORIENTED_EDGE('',*,*,#7548,.F.);
#10212=ORIENTED_EDGE('',*,*,#7524,.F.);
#10213=ORIENTED_EDGE('',*,*,#7549,.F.);
#10214=ORIENTED_EDGE('',*,*,#7460,.F.);
#10215=ORIENTED_EDGE('',*,*,#7550,.T.);
#10216=ORIENTED_EDGE('',*,*,#7551,.T.);
#10217=ORIENTED_EDGE('',*,*,#7537,.T.);
#10218=ORIENTED_EDGE('',*,*,#7552,.F.);
#10219=ORIENTED_EDGE('',*,*,#7459,.F.);
#10220=ORIENTED_EDGE('',*,*,#7394,.T.);
#10221=ORIENTED_EDGE('',*,*,#7553,.F.);
#10222=ORIENTED_EDGE('',*,*,#7550,.F.);
#10223=ORIENTED_EDGE('',*,*,#7525,.T.);
#10224=ORIENTED_EDGE('',*,*,#7548,.T.);
#10225=ORIENTED_EDGE('',*,*,#7540,.T.);
#10226=ORIENTED_EDGE('',*,*,#7554,.T.);
#10227=ORIENTED_EDGE('',*,*,#7529,.T.);
#10228=ORIENTED_EDGE('',*,*,#7555,.T.);
#10229=ORIENTED_EDGE('',*,*,#7544,.T.);
#10230=ORIENTED_EDGE('',*,*,#7556,.T.);
#10231=ORIENTED_EDGE('',*,*,#7542,.T.);
#10232=ORIENTED_EDGE('',*,*,#7535,.F.);
#10233=ORIENTED_EDGE('',*,*,#7531,.T.);
#10234=ORIENTED_EDGE('',*,*,#7557,.T.);
#10235=ORIENTED_EDGE('',*,*,#7543,.T.);
#10236=ORIENTED_EDGE('',*,*,#7557,.F.);
#10237=ORIENTED_EDGE('',*,*,#7530,.T.);
#10238=ORIENTED_EDGE('',*,*,#7556,.F.);
#10239=ORIENTED_EDGE('',*,*,#7553,.T.);
#10240=ORIENTED_EDGE('',*,*,#7558,.T.);
#10241=ORIENTED_EDGE('',*,*,#7538,.T.);
#10242=ORIENTED_EDGE('',*,*,#7551,.F.);
#10243=ORIENTED_EDGE('',*,*,#7522,.T.);
#10244=ORIENTED_EDGE('',*,*,#7554,.F.);
#10245=ORIENTED_EDGE('',*,*,#7539,.T.);
#10246=ORIENTED_EDGE('',*,*,#7558,.F.);
#10247=ORIENTED_EDGE('',*,*,#7559,.F.);
#10248=ORIENTED_EDGE('',*,*,#7560,.T.);
#10249=ORIENTED_EDGE('',*,*,#7452,.T.);
#10250=ORIENTED_EDGE('',*,*,#7433,.F.);
#10251=ORIENTED_EDGE('',*,*,#7455,.T.);
#10252=ORIENTED_EDGE('',*,*,#7561,.T.);
#10253=ORIENTED_EDGE('',*,*,#7562,.F.);
#10254=ORIENTED_EDGE('',*,*,#7563,.F.);
#10255=ORIENTED_EDGE('',*,*,#7562,.T.);
#10256=ORIENTED_EDGE('',*,*,#7564,.T.);
#10257=ORIENTED_EDGE('',*,*,#7425,.F.);
#10258=ORIENTED_EDGE('',*,*,#7565,.F.);
#10259=ORIENTED_EDGE('',*,*,#7566,.F.);
#10260=ORIENTED_EDGE('',*,*,#7567,.T.);
#10261=ORIENTED_EDGE('',*,*,#7563,.T.);
#10262=ORIENTED_EDGE('',*,*,#7566,.T.);
#10263=ORIENTED_EDGE('',*,*,#7568,.T.);
#10264=ORIENTED_EDGE('',*,*,#7423,.F.);
#10265=ORIENTED_EDGE('',*,*,#7569,.T.);
#10266=ORIENTED_EDGE('',*,*,#7559,.T.);
#10267=ORIENTED_EDGE('',*,*,#7567,.F.);
#10268=ORIENTED_EDGE('',*,*,#7570,.F.);
#10269=ORIENTED_EDGE('',*,*,#7570,.T.);
#10270=ORIENTED_EDGE('',*,*,#7568,.F.);
#10271=ORIENTED_EDGE('',*,*,#7565,.T.);
#10272=ORIENTED_EDGE('',*,*,#7424,.F.);
#10273=ORIENTED_EDGE('',*,*,#7497,.F.);
#10274=ORIENTED_EDGE('',*,*,#7429,.T.);
#10275=ORIENTED_EDGE('',*,*,#7405,.F.);
#10276=ORIENTED_EDGE('',*,*,#7480,.F.);
#10277=ORIENTED_EDGE('',*,*,#7402,.F.);
#10278=ORIENTED_EDGE('',*,*,#7527,.F.);
#10279=ORIENTED_EDGE('',*,*,#7534,.T.);
#10280=ORIENTED_EDGE('',*,*,#7571,.T.);
#10281=ORIENTED_EDGE('',*,*,#7403,.F.);
#10282=ORIENTED_EDGE('',*,*,#7571,.F.);
#10283=ORIENTED_EDGE('',*,*,#7533,.T.);
#10284=ORIENTED_EDGE('',*,*,#7481,.T.);
#10285=ORIENTED_EDGE('',*,*,#7528,.F.);
#10286=ORIENTED_EDGE('',*,*,#7400,.F.);
#10287=ORIENTED_EDGE('',*,*,#7545,.F.);
#10288=ORIENTED_EDGE('',*,*,#7555,.F.);
#10289=ORIENTED_EDGE('',*,*,#7572,.F.);
#10290=ORIENTED_EDGE('',*,*,#7573,.T.);
#10291=ORIENTED_EDGE('',*,*,#7546,.F.);
#10292=ORIENTED_EDGE('',*,*,#7523,.F.);
#10293=ORIENTED_EDGE('',*,*,#7393,.T.);
#10294=ORIENTED_EDGE('',*,*,#7549,.T.);
#10295=ORIENTED_EDGE('',*,*,#7574,.T.);
#10296=ORIENTED_EDGE('',*,*,#7397,.T.);
#10297=ORIENTED_EDGE('',*,*,#7461,.T.);
#10298=ORIENTED_EDGE('',*,*,#7552,.T.);
#10299=ORIENTED_EDGE('',*,*,#7536,.T.);
#10300=ORIENTED_EDGE('',*,*,#7398,.T.);
#10301=ORIENTED_EDGE('',*,*,#7574,.F.);
#10302=ORIENTED_EDGE('',*,*,#7499,.T.);
#10303=ORIENTED_EDGE('',*,*,#7560,.F.);
#10304=ORIENTED_EDGE('',*,*,#7569,.F.);
#10305=ORIENTED_EDGE('',*,*,#7422,.F.);
#10306=ORIENTED_EDGE('',*,*,#7564,.F.);
#10307=ORIENTED_EDGE('',*,*,#7561,.F.);
#10308=ORIENTED_EDGE('',*,*,#7501,.T.);
#10309=ORIENTED_EDGE('',*,*,#7426,.F.);
#10310=ORIENTED_EDGE('',*,*,#7486,.T.);
#10311=ORIENTED_EDGE('',*,*,#7575,.T.);
#10312=ORIENTED_EDGE('',*,*,#7572,.T.);
#10313=ORIENTED_EDGE('',*,*,#7392,.T.);
#10314=ORIENTED_EDGE('',*,*,#7576,.T.);
#10315=ORIENTED_EDGE('',*,*,#7440,.T.);
#10316=ORIENTED_EDGE('',*,*,#7577,.T.);
#10317=ORIENTED_EDGE('',*,*,#7505,.T.);
#10318=ORIENTED_EDGE('',*,*,#7519,.F.);
#10319=ORIENTED_EDGE('',*,*,#7578,.T.);
#10320=ORIENTED_EDGE('',*,*,#7488,.F.);
#10321=ORIENTED_EDGE('',*,*,#7507,.F.);
#10322=ORIENTED_EDGE('',*,*,#7579,.F.);
#10323=ORIENTED_EDGE('',*,*,#7438,.F.);
#10324=ORIENTED_EDGE('',*,*,#7580,.F.);
#10325=ORIENTED_EDGE('',*,*,#7390,.F.);
#10326=ORIENTED_EDGE('',*,*,#7492,.T.);
#10327=ORIENTED_EDGE('',*,*,#7581,.T.);
#10328=ORIENTED_EDGE('',*,*,#7520,.T.);
#10329=ORIENTED_EDGE('',*,*,#7388,.T.);
#10330=ORIENTED_EDGE('',*,*,#7582,.T.);
#10331=ORIENTED_EDGE('',*,*,#7436,.T.);
#10332=ORIENTED_EDGE('',*,*,#7583,.T.);
#10333=ORIENTED_EDGE('',*,*,#7502,.T.);
#10334=ORIENTED_EDGE('',*,*,#7517,.F.);
#10335=ORIENTED_EDGE('',*,*,#7584,.T.);
#10336=ORIENTED_EDGE('',*,*,#7494,.F.);
#10337=ORIENTED_EDGE('',*,*,#7504,.F.);
#10338=ORIENTED_EDGE('',*,*,#7585,.F.);
#10339=ORIENTED_EDGE('',*,*,#7434,.F.);
#10340=ORIENTED_EDGE('',*,*,#7586,.F.);
#10341=ORIENTED_EDGE('',*,*,#7386,.F.);
#10342=ORIENTED_EDGE('',*,*,#7485,.F.);
#10343=ORIENTED_EDGE('',*,*,#7547,.F.);
#10344=ORIENTED_EDGE('',*,*,#7573,.F.);
#10345=ORIENTED_EDGE('',*,*,#7575,.F.);
#10346=ORIENTED_EDGE('',*,*,#7489,.F.);
#10347=ORIENTED_EDGE('',*,*,#7578,.F.);
#10348=ORIENTED_EDGE('',*,*,#7518,.F.);
#10349=ORIENTED_EDGE('',*,*,#7511,.F.);
#10350=ORIENTED_EDGE('',*,*,#7491,.F.);
#10351=ORIENTED_EDGE('',*,*,#7513,.F.);
#10352=ORIENTED_EDGE('',*,*,#7521,.F.);
#10353=ORIENTED_EDGE('',*,*,#7581,.F.);
#10354=ORIENTED_EDGE('',*,*,#7495,.F.);
#10355=ORIENTED_EDGE('',*,*,#7584,.F.);
#10356=ORIENTED_EDGE('',*,*,#7516,.F.);
#10357=ORIENTED_EDGE('',*,*,#7510,.F.);
#10358=ORIENTED_EDGE('',*,*,#7437,.F.);
#10359=ORIENTED_EDGE('',*,*,#7582,.F.);
#10360=ORIENTED_EDGE('',*,*,#7387,.T.);
#10361=ORIENTED_EDGE('',*,*,#7586,.T.);
#10362=ORIENTED_EDGE('',*,*,#7585,.T.);
#10363=ORIENTED_EDGE('',*,*,#7503,.F.);
#10364=ORIENTED_EDGE('',*,*,#7583,.F.);
#10365=ORIENTED_EDGE('',*,*,#7435,.F.);
#10366=ORIENTED_EDGE('',*,*,#7441,.F.);
#10367=ORIENTED_EDGE('',*,*,#7576,.F.);
#10368=ORIENTED_EDGE('',*,*,#7391,.T.);
#10369=ORIENTED_EDGE('',*,*,#7580,.T.);
#10370=ORIENTED_EDGE('',*,*,#7579,.T.);
#10371=ORIENTED_EDGE('',*,*,#7506,.F.);
#10372=ORIENTED_EDGE('',*,*,#7577,.F.);
#10373=ORIENTED_EDGE('',*,*,#7439,.F.);
#10374=ORIENTED_EDGE('',*,*,#7587,.T.);
#10375=ORIENTED_EDGE('',*,*,#7588,.T.);
#10376=ORIENTED_EDGE('',*,*,#7589,.T.);
#10377=ORIENTED_EDGE('',*,*,#7590,.T.);
#10378=ORIENTED_EDGE('',*,*,#7591,.F.);
#10379=ORIENTED_EDGE('',*,*,#7592,.T.);
#10380=ORIENTED_EDGE('',*,*,#7593,.T.);
#10381=ORIENTED_EDGE('',*,*,#7594,.T.);
#10382=ORIENTED_EDGE('',*,*,#7595,.T.);
#10383=ORIENTED_EDGE('',*,*,#7596,.T.);
#10384=ORIENTED_EDGE('',*,*,#7591,.T.);
#10385=ORIENTED_EDGE('',*,*,#7597,.T.);
#10386=ORIENTED_EDGE('',*,*,#7598,.T.);
#10387=ORIENTED_EDGE('',*,*,#7599,.F.);
#10388=ORIENTED_EDGE('',*,*,#7600,.F.);
#10389=ORIENTED_EDGE('',*,*,#7601,.T.);
#10390=ORIENTED_EDGE('',*,*,#7602,.T.);
#10391=ORIENTED_EDGE('',*,*,#7603,.F.);
#10392=ORIENTED_EDGE('',*,*,#7598,.F.);
#10393=ORIENTED_EDGE('',*,*,#7604,.T.);
#10394=ORIENTED_EDGE('',*,*,#7605,.T.);
#10395=ORIENTED_EDGE('',*,*,#7606,.T.);
#10396=ORIENTED_EDGE('',*,*,#7607,.F.);
#10397=ORIENTED_EDGE('',*,*,#7602,.F.);
#10398=ORIENTED_EDGE('',*,*,#7608,.T.);
#10399=ORIENTED_EDGE('',*,*,#7609,.T.);
#10400=ORIENTED_EDGE('',*,*,#7595,.F.);
#10401=ORIENTED_EDGE('',*,*,#7610,.T.);
#10402=ORIENTED_EDGE('',*,*,#7611,.T.);
#10403=ORIENTED_EDGE('',*,*,#7612,.F.);
#10404=ORIENTED_EDGE('',*,*,#7596,.F.);
#10405=ORIENTED_EDGE('',*,*,#7609,.F.);
#10406=ORIENTED_EDGE('',*,*,#7613,.F.);
#10407=ORIENTED_EDGE('',*,*,#7614,.T.);
#10408=ORIENTED_EDGE('',*,*,#7615,.T.);
#10409=ORIENTED_EDGE('',*,*,#7381,.T.);
#10410=ORIENTED_EDGE('',*,*,#7616,.F.);
#10411=ORIENTED_EDGE('',*,*,#7617,.T.);
#10412=ORIENTED_EDGE('',*,*,#7618,.F.);
#10413=ORIENTED_EDGE('',*,*,#7619,.T.);
#10414=ORIENTED_EDGE('',*,*,#7620,.T.);
#10415=ORIENTED_EDGE('',*,*,#7377,.T.);
#10416=ORIENTED_EDGE('',*,*,#7612,.T.);
#10417=ORIENTED_EDGE('',*,*,#7621,.T.);
#10418=ORIENTED_EDGE('',*,*,#7414,.T.);
#10419=ORIENTED_EDGE('',*,*,#7622,.F.);
#10420=ORIENTED_EDGE('',*,*,#7623,.F.);
#10421=ORIENTED_EDGE('',*,*,#7624,.F.);
#10422=ORIENTED_EDGE('',*,*,#7412,.F.);
#10423=ORIENTED_EDGE('',*,*,#7625,.F.);
#10424=ORIENTED_EDGE('',*,*,#7606,.F.);
#10425=ORIENTED_EDGE('',*,*,#7626,.F.);
#10426=ORIENTED_EDGE('',*,*,#7627,.T.);
#10427=ORIENTED_EDGE('',*,*,#7599,.T.);
#10428=ORIENTED_EDGE('',*,*,#7603,.T.);
#10429=ORIENTED_EDGE('',*,*,#7607,.T.);
#10430=ORIENTED_EDGE('',*,*,#7625,.T.);
#10431=ORIENTED_EDGE('',*,*,#7411,.T.);
#10432=ORIENTED_EDGE('',*,*,#7410,.T.);
#10433=ORIENTED_EDGE('',*,*,#7628,.F.);
#10434=ORIENTED_EDGE('',*,*,#7629,.F.);
#10435=ORIENTED_EDGE('',*,*,#7626,.T.);
#10436=ORIENTED_EDGE('',*,*,#7630,.T.);
#10437=ORIENTED_EDGE('',*,*,#7631,.T.);
#10438=ORIENTED_EDGE('',*,*,#7419,.F.);
#10439=ORIENTED_EDGE('',*,*,#7632,.F.);
#10440=ORIENTED_EDGE('',*,*,#7590,.F.);
#10441=ORIENTED_EDGE('',*,*,#7633,.T.);
#10442=ORIENTED_EDGE('',*,*,#7587,.F.);
#10443=ORIENTED_EDGE('',*,*,#7632,.T.);
#10444=ORIENTED_EDGE('',*,*,#7418,.F.);
#10445=ORIENTED_EDGE('',*,*,#7417,.F.);
#10446=ORIENTED_EDGE('',*,*,#7634,.T.);
#10447=ORIENTED_EDGE('',*,*,#7635,.T.);
#10448=ORIENTED_EDGE('',*,*,#7588,.F.);
#10449=ORIENTED_EDGE('',*,*,#7633,.F.);
#10450=ORIENTED_EDGE('',*,*,#7449,.F.);
#10451=ORIENTED_EDGE('',*,*,#7636,.F.);
#10452=ORIENTED_EDGE('',*,*,#7379,.T.);
#10453=ORIENTED_EDGE('',*,*,#7637,.T.);
#10454=ORIENTED_EDGE('',*,*,#7638,.T.);
#10455=ORIENTED_EDGE('',*,*,#7639,.F.);
#10456=ORIENTED_EDGE('',*,*,#7640,.F.);
#10457=ORIENTED_EDGE('',*,*,#7447,.F.);
#10458=ORIENTED_EDGE('',*,*,#7445,.F.);
#10459=ORIENTED_EDGE('',*,*,#7641,.F.);
#10460=ORIENTED_EDGE('',*,*,#7383,.T.);
#10461=ORIENTED_EDGE('',*,*,#7642,.T.);
#10462=ORIENTED_EDGE('',*,*,#7643,.T.);
#10463=ORIENTED_EDGE('',*,*,#7644,.F.);
#10464=ORIENTED_EDGE('',*,*,#7645,.F.);
#10465=ORIENTED_EDGE('',*,*,#7443,.F.);
#10466=ORIENTED_EDGE('',*,*,#7451,.T.);
#10467=ORIENTED_EDGE('',*,*,#7646,.T.);
#10468=ORIENTED_EDGE('',*,*,#7630,.F.);
#10469=ORIENTED_EDGE('',*,*,#7589,.F.);
#10470=ORIENTED_EDGE('',*,*,#7635,.F.);
#10471=ORIENTED_EDGE('',*,*,#7647,.T.);
#10472=ORIENTED_EDGE('',*,*,#7453,.T.);
#10473=ORIENTED_EDGE('',*,*,#7431,.F.);
#10474=ORIENTED_EDGE('',*,*,#7592,.F.);
#10475=ORIENTED_EDGE('',*,*,#7376,.F.);
#10476=ORIENTED_EDGE('',*,*,#7458,.F.);
#10477=ORIENTED_EDGE('',*,*,#7648,.F.);
#10478=ORIENTED_EDGE('',*,*,#7649,.T.);
#10479=ORIENTED_EDGE('',*,*,#7623,.T.);
#10480=ORIENTED_EDGE('',*,*,#7650,.F.);
#10481=ORIENTED_EDGE('',*,*,#7593,.F.);
#10482=ORIENTED_EDGE('',*,*,#7648,.T.);
#10483=ORIENTED_EDGE('',*,*,#7457,.F.);
#10484=ORIENTED_EDGE('',*,*,#7456,.T.);
#10485=ORIENTED_EDGE('',*,*,#7395,.T.);
#10486=ORIENTED_EDGE('',*,*,#7621,.F.);
#10487=ORIENTED_EDGE('',*,*,#7649,.F.);
#10488=ORIENTED_EDGE('',*,*,#7409,.T.);
#10489=ORIENTED_EDGE('',*,*,#7477,.F.);
#10490=ORIENTED_EDGE('',*,*,#7651,.F.);
#10491=ORIENTED_EDGE('',*,*,#7628,.T.);
#10492=ORIENTED_EDGE('',*,*,#7627,.F.);
#10493=ORIENTED_EDGE('',*,*,#7629,.T.);
#10494=ORIENTED_EDGE('',*,*,#7651,.T.);
#10495=ORIENTED_EDGE('',*,*,#7476,.T.);
#10496=ORIENTED_EDGE('',*,*,#7652,.T.);
#10497=ORIENTED_EDGE('',*,*,#7600,.T.);
#10498=ORIENTED_EDGE('',*,*,#7650,.T.);
#10499=ORIENTED_EDGE('',*,*,#7622,.T.);
#10500=ORIENTED_EDGE('',*,*,#7413,.F.);
#10501=ORIENTED_EDGE('',*,*,#7624,.T.);
#10502=ORIENTED_EDGE('',*,*,#7605,.F.);
#10503=ORIENTED_EDGE('',*,*,#7604,.F.);
#10504=ORIENTED_EDGE('',*,*,#7601,.F.);
#10505=ORIENTED_EDGE('',*,*,#7652,.F.);
#10506=ORIENTED_EDGE('',*,*,#7475,.F.);
#10507=ORIENTED_EDGE('',*,*,#7653,.T.);
#10508=ORIENTED_EDGE('',*,*,#7610,.F.);
#10509=ORIENTED_EDGE('',*,*,#7597,.F.);
#10510=ORIENTED_EDGE('',*,*,#7594,.F.);
#10511=ORIENTED_EDGE('',*,*,#7474,.T.);
#10512=ORIENTED_EDGE('',*,*,#7654,.T.);
#10513=ORIENTED_EDGE('',*,*,#7618,.T.);
#10514=ORIENTED_EDGE('',*,*,#7611,.F.);
#10515=ORIENTED_EDGE('',*,*,#7608,.F.);
#10516=ORIENTED_EDGE('',*,*,#7653,.F.);
#10517=ORIENTED_EDGE('',*,*,#7473,.F.);
#10518=ORIENTED_EDGE('',*,*,#7655,.F.);
#10519=ORIENTED_EDGE('',*,*,#7619,.F.);
#10520=ORIENTED_EDGE('',*,*,#7654,.F.);
#10521=ORIENTED_EDGE('',*,*,#7620,.F.);
#10522=ORIENTED_EDGE('',*,*,#7655,.T.);
#10523=ORIENTED_EDGE('',*,*,#7472,.F.);
#10524=ORIENTED_EDGE('',*,*,#7656,.F.);
#10525=ORIENTED_EDGE('',*,*,#7638,.F.);
#10526=ORIENTED_EDGE('',*,*,#7446,.F.);
#10527=ORIENTED_EDGE('',*,*,#7637,.F.);
#10528=ORIENTED_EDGE('',*,*,#7378,.F.);
#10529=ORIENTED_EDGE('',*,*,#7657,.F.);
#10530=ORIENTED_EDGE('',*,*,#7639,.T.);
#10531=ORIENTED_EDGE('',*,*,#7656,.T.);
#10532=ORIENTED_EDGE('',*,*,#7471,.F.);
#10533=ORIENTED_EDGE('',*,*,#7470,.T.);
#10534=ORIENTED_EDGE('',*,*,#7658,.T.);
#10535=ORIENTED_EDGE('',*,*,#7616,.T.);
#10536=ORIENTED_EDGE('',*,*,#7380,.T.);
#10537=ORIENTED_EDGE('',*,*,#7636,.T.);
#10538=ORIENTED_EDGE('',*,*,#7448,.T.);
#10539=ORIENTED_EDGE('',*,*,#7640,.T.);
#10540=ORIENTED_EDGE('',*,*,#7657,.T.);
#10541=ORIENTED_EDGE('',*,*,#7469,.F.);
#10542=ORIENTED_EDGE('',*,*,#7659,.F.);
#10543=ORIENTED_EDGE('',*,*,#7617,.F.);
#10544=ORIENTED_EDGE('',*,*,#7658,.F.);
#10545=ORIENTED_EDGE('',*,*,#7468,.T.);
#10546=ORIENTED_EDGE('',*,*,#7660,.T.);
#10547=ORIENTED_EDGE('',*,*,#7613,.T.);
#10548=ORIENTED_EDGE('',*,*,#7659,.T.);
#10549=ORIENTED_EDGE('',*,*,#7467,.F.);
#10550=ORIENTED_EDGE('',*,*,#7661,.F.);
#10551=ORIENTED_EDGE('',*,*,#7614,.F.);
#10552=ORIENTED_EDGE('',*,*,#7660,.F.);
#10553=ORIENTED_EDGE('',*,*,#7615,.F.);
#10554=ORIENTED_EDGE('',*,*,#7661,.T.);
#10555=ORIENTED_EDGE('',*,*,#7466,.F.);
#10556=ORIENTED_EDGE('',*,*,#7662,.F.);
#10557=ORIENTED_EDGE('',*,*,#7643,.F.);
#10558=ORIENTED_EDGE('',*,*,#7442,.F.);
#10559=ORIENTED_EDGE('',*,*,#7642,.F.);
#10560=ORIENTED_EDGE('',*,*,#7382,.F.);
#10561=ORIENTED_EDGE('',*,*,#7663,.F.);
#10562=ORIENTED_EDGE('',*,*,#7644,.T.);
#10563=ORIENTED_EDGE('',*,*,#7662,.T.);
#10564=ORIENTED_EDGE('',*,*,#7465,.F.);
#10565=ORIENTED_EDGE('',*,*,#7464,.T.);
#10566=ORIENTED_EDGE('',*,*,#7664,.T.);
#10567=ORIENTED_EDGE('',*,*,#7514,.T.);
#10568=ORIENTED_EDGE('',*,*,#7384,.T.);
#10569=ORIENTED_EDGE('',*,*,#7641,.T.);
#10570=ORIENTED_EDGE('',*,*,#7444,.T.);
#10571=ORIENTED_EDGE('',*,*,#7645,.T.);
#10572=ORIENTED_EDGE('',*,*,#7663,.T.);
#10573=ORIENTED_EDGE('',*,*,#7463,.F.);
#10574=ORIENTED_EDGE('',*,*,#7509,.F.);
#10575=ORIENTED_EDGE('',*,*,#7515,.F.);
#10576=ORIENTED_EDGE('',*,*,#7664,.F.);
#10577=ORIENTED_EDGE('',*,*,#7428,.F.);
#10578=ORIENTED_EDGE('',*,*,#7496,.F.);
#10579=ORIENTED_EDGE('',*,*,#7478,.T.);
#10580=ORIENTED_EDGE('',*,*,#7407,.T.);
#10581=ORIENTED_EDGE('',*,*,#7631,.F.);
#10582=ORIENTED_EDGE('',*,*,#7646,.F.);
#10583=ORIENTED_EDGE('',*,*,#7498,.F.);
#10584=ORIENTED_EDGE('',*,*,#7420,.F.);
#10585=ORIENTED_EDGE('',*,*,#7634,.F.);
#10586=ORIENTED_EDGE('',*,*,#7416,.F.);
#10587=ORIENTED_EDGE('',*,*,#7500,.F.);
#10588=ORIENTED_EDGE('',*,*,#7647,.F.);
#10589=ORIENTED_EDGE('',*,*,#7665,.F.);
#10590=ORIENTED_EDGE('',*,*,#7666,.F.);
#10591=ORIENTED_EDGE('',*,*,#7667,.F.);
#10592=ORIENTED_EDGE('',*,*,#7668,.F.);
#10593=ORIENTED_EDGE('',*,*,#7669,.F.);
#10594=ORIENTED_EDGE('',*,*,#7670,.F.);
#10595=ORIENTED_EDGE('',*,*,#7667,.T.);
#10596=ORIENTED_EDGE('',*,*,#7671,.T.);
#10597=ORIENTED_EDGE('',*,*,#7669,.T.);
#10598=ORIENTED_EDGE('',*,*,#7672,.T.);
#10599=ORIENTED_EDGE('',*,*,#7673,.F.);
#10600=ORIENTED_EDGE('',*,*,#7674,.F.);
#10601=ORIENTED_EDGE('',*,*,#7675,.F.);
#10602=ORIENTED_EDGE('',*,*,#7676,.F.);
#10603=ORIENTED_EDGE('',*,*,#7677,.F.);
#10604=ORIENTED_EDGE('',*,*,#7678,.F.);
#10605=ORIENTED_EDGE('',*,*,#7679,.F.);
#10606=ORIENTED_EDGE('',*,*,#7680,.F.);
#10607=ORIENTED_EDGE('',*,*,#7681,.F.);
#10608=ORIENTED_EDGE('',*,*,#7682,.F.);
#10609=ORIENTED_EDGE('',*,*,#7683,.F.);
#10610=ORIENTED_EDGE('',*,*,#7684,.F.);
#10611=ORIENTED_EDGE('',*,*,#7683,.T.);
#10612=ORIENTED_EDGE('',*,*,#7685,.T.);
#10613=ORIENTED_EDGE('',*,*,#7676,.T.);
#10614=ORIENTED_EDGE('',*,*,#7686,.T.);
#10615=ORIENTED_EDGE('',*,*,#7668,.T.);
#10616=ORIENTED_EDGE('',*,*,#7687,.F.);
#10617=ORIENTED_EDGE('',*,*,#7684,.T.);
#10618=ORIENTED_EDGE('',*,*,#7688,.T.);
#10619=ORIENTED_EDGE('',*,*,#7689,.F.);
#10620=ORIENTED_EDGE('',*,*,#7690,.F.);
#10621=ORIENTED_EDGE('',*,*,#7691,.F.);
#10622=ORIENTED_EDGE('',*,*,#7692,.F.);
#10623=ORIENTED_EDGE('',*,*,#7693,.F.);
#10624=ORIENTED_EDGE('',*,*,#7694,.F.);
#10625=ORIENTED_EDGE('',*,*,#7690,.T.);
#10626=ORIENTED_EDGE('',*,*,#7695,.T.);
#10627=ORIENTED_EDGE('',*,*,#7693,.T.);
#10628=ORIENTED_EDGE('',*,*,#7696,.T.);
#10629=ORIENTED_EDGE('',*,*,#7694,.T.);
#10630=ORIENTED_EDGE('',*,*,#7697,.T.);
#10631=ORIENTED_EDGE('',*,*,#7682,.T.);
#10632=ORIENTED_EDGE('',*,*,#7698,.T.);
#10633=ORIENTED_EDGE('',*,*,#7680,.T.);
#10634=ORIENTED_EDGE('',*,*,#7699,.T.);
#10635=ORIENTED_EDGE('',*,*,#7692,.T.);
#10636=ORIENTED_EDGE('',*,*,#7700,.T.);
#10637=ORIENTED_EDGE('',*,*,#7673,.T.);
#10638=ORIENTED_EDGE('',*,*,#7701,.T.);
#10639=ORIENTED_EDGE('',*,*,#7691,.T.);
#10640=ORIENTED_EDGE('',*,*,#7702,.T.);
#10641=ORIENTED_EDGE('',*,*,#7677,.T.);
#10642=ORIENTED_EDGE('',*,*,#7703,.T.);
#10643=ORIENTED_EDGE('',*,*,#7689,.T.);
#10644=ORIENTED_EDGE('',*,*,#7704,.T.);
#10645=ORIENTED_EDGE('',*,*,#7670,.T.);
#10646=ORIENTED_EDGE('',*,*,#7705,.T.);
#10647=ORIENTED_EDGE('',*,*,#7681,.T.);
#10648=ORIENTED_EDGE('',*,*,#7706,.T.);
#10649=ORIENTED_EDGE('',*,*,#7679,.T.);
#10650=ORIENTED_EDGE('',*,*,#7707,.T.);
#10651=ORIENTED_EDGE('',*,*,#7674,.T.);
#10652=ORIENTED_EDGE('',*,*,#7708,.T.);
#10653=ORIENTED_EDGE('',*,*,#7665,.T.);
#10654=ORIENTED_EDGE('',*,*,#7709,.T.);
#10655=ORIENTED_EDGE('',*,*,#7678,.T.);
#10656=ORIENTED_EDGE('',*,*,#7710,.T.);
#10657=ORIENTED_EDGE('',*,*,#7675,.T.);
#10658=ORIENTED_EDGE('',*,*,#7711,.T.);
#10659=ORIENTED_EDGE('',*,*,#7666,.T.);
#10660=ORIENTED_EDGE('',*,*,#7712,.T.);
#10661=ORIENTED_EDGE('',*,*,#7671,.F.);
#10662=ORIENTED_EDGE('',*,*,#7711,.F.);
#10663=ORIENTED_EDGE('',*,*,#7707,.F.);
#10664=ORIENTED_EDGE('',*,*,#7705,.F.);
#10665=ORIENTED_EDGE('',*,*,#7686,.F.);
#10666=ORIENTED_EDGE('',*,*,#7709,.F.);
#10667=ORIENTED_EDGE('',*,*,#7672,.F.);
#10668=ORIENTED_EDGE('',*,*,#7688,.F.);
#10669=ORIENTED_EDGE('',*,*,#7695,.F.);
#10670=ORIENTED_EDGE('',*,*,#7703,.F.);
#10671=ORIENTED_EDGE('',*,*,#7685,.F.);
#10672=ORIENTED_EDGE('',*,*,#7697,.F.);
#10673=ORIENTED_EDGE('',*,*,#7696,.F.);
#10674=ORIENTED_EDGE('',*,*,#7699,.F.);
#10675=ORIENTED_EDGE('',*,*,#7708,.F.);
#10676=ORIENTED_EDGE('',*,*,#7702,.F.);
#10677=ORIENTED_EDGE('',*,*,#7701,.F.);
#10678=ORIENTED_EDGE('',*,*,#7712,.F.);
#10679=ORIENTED_EDGE('',*,*,#7710,.F.);
#10680=ORIENTED_EDGE('',*,*,#7704,.F.);
#10681=ORIENTED_EDGE('',*,*,#7713,.F.);
#10682=ORIENTED_EDGE('',*,*,#7714,.F.);
#10683=ORIENTED_EDGE('',*,*,#7715,.F.);
#10684=ORIENTED_EDGE('',*,*,#7716,.F.);
#10685=ORIENTED_EDGE('',*,*,#7717,.F.);
#10686=ORIENTED_EDGE('',*,*,#7718,.F.);
#10687=ORIENTED_EDGE('',*,*,#7715,.T.);
#10688=ORIENTED_EDGE('',*,*,#7719,.T.);
#10689=ORIENTED_EDGE('',*,*,#7717,.T.);
#10690=ORIENTED_EDGE('',*,*,#7720,.T.);
#10691=ORIENTED_EDGE('',*,*,#7721,.F.);
#10692=ORIENTED_EDGE('',*,*,#7722,.F.);
#10693=ORIENTED_EDGE('',*,*,#7723,.F.);
#10694=ORIENTED_EDGE('',*,*,#7724,.F.);
#10695=ORIENTED_EDGE('',*,*,#7725,.F.);
#10696=ORIENTED_EDGE('',*,*,#7726,.F.);
#10697=ORIENTED_EDGE('',*,*,#7727,.F.);
#10698=ORIENTED_EDGE('',*,*,#7728,.F.);
#10699=ORIENTED_EDGE('',*,*,#7729,.F.);
#10700=ORIENTED_EDGE('',*,*,#7730,.F.);
#10701=ORIENTED_EDGE('',*,*,#7731,.F.);
#10702=ORIENTED_EDGE('',*,*,#7732,.F.);
#10703=ORIENTED_EDGE('',*,*,#7731,.T.);
#10704=ORIENTED_EDGE('',*,*,#7733,.T.);
#10705=ORIENTED_EDGE('',*,*,#7724,.T.);
#10706=ORIENTED_EDGE('',*,*,#7734,.T.);
#10707=ORIENTED_EDGE('',*,*,#7716,.T.);
#10708=ORIENTED_EDGE('',*,*,#7735,.T.);
#10709=ORIENTED_EDGE('',*,*,#7732,.T.);
#10710=ORIENTED_EDGE('',*,*,#7736,.T.);
#10711=ORIENTED_EDGE('',*,*,#7737,.F.);
#10712=ORIENTED_EDGE('',*,*,#7738,.F.);
#10713=ORIENTED_EDGE('',*,*,#7739,.F.);
#10714=ORIENTED_EDGE('',*,*,#7740,.F.);
#10715=ORIENTED_EDGE('',*,*,#7741,.F.);
#10716=ORIENTED_EDGE('',*,*,#7742,.F.);
#10717=ORIENTED_EDGE('',*,*,#7738,.T.);
#10718=ORIENTED_EDGE('',*,*,#7743,.T.);
#10719=ORIENTED_EDGE('',*,*,#7741,.T.);
#10720=ORIENTED_EDGE('',*,*,#7744,.T.);
#10721=ORIENTED_EDGE('',*,*,#7742,.T.);
#10722=ORIENTED_EDGE('',*,*,#7745,.T.);
#10723=ORIENTED_EDGE('',*,*,#7730,.T.);
#10724=ORIENTED_EDGE('',*,*,#7746,.T.);
#10725=ORIENTED_EDGE('',*,*,#7728,.T.);
#10726=ORIENTED_EDGE('',*,*,#7747,.T.);
#10727=ORIENTED_EDGE('',*,*,#7740,.T.);
#10728=ORIENTED_EDGE('',*,*,#7748,.T.);
#10729=ORIENTED_EDGE('',*,*,#7721,.T.);
#10730=ORIENTED_EDGE('',*,*,#7749,.F.);
#10731=ORIENTED_EDGE('',*,*,#7739,.T.);
#10732=ORIENTED_EDGE('',*,*,#7750,.T.);
#10733=ORIENTED_EDGE('',*,*,#7725,.T.);
#10734=ORIENTED_EDGE('',*,*,#7751,.T.);
#10735=ORIENTED_EDGE('',*,*,#7737,.T.);
#10736=ORIENTED_EDGE('',*,*,#7752,.T.);
#10737=ORIENTED_EDGE('',*,*,#7718,.T.);
#10738=ORIENTED_EDGE('',*,*,#7753,.T.);
#10739=ORIENTED_EDGE('',*,*,#7729,.T.);
#10740=ORIENTED_EDGE('',*,*,#7754,.T.);
#10741=ORIENTED_EDGE('',*,*,#7727,.T.);
#10742=ORIENTED_EDGE('',*,*,#7755,.T.);
#10743=ORIENTED_EDGE('',*,*,#7722,.T.);
#10744=ORIENTED_EDGE('',*,*,#7756,.T.);
#10745=ORIENTED_EDGE('',*,*,#7713,.T.);
#10746=ORIENTED_EDGE('',*,*,#7757,.T.);
#10747=ORIENTED_EDGE('',*,*,#7726,.T.);
#10748=ORIENTED_EDGE('',*,*,#7758,.T.);
#10749=ORIENTED_EDGE('',*,*,#7723,.T.);
#10750=ORIENTED_EDGE('',*,*,#7759,.T.);
#10751=ORIENTED_EDGE('',*,*,#7714,.T.);
#10752=ORIENTED_EDGE('',*,*,#7760,.T.);
#10753=ORIENTED_EDGE('',*,*,#7719,.F.);
#10754=ORIENTED_EDGE('',*,*,#7759,.F.);
#10755=ORIENTED_EDGE('',*,*,#7755,.F.);
#10756=ORIENTED_EDGE('',*,*,#7753,.F.);
#10757=ORIENTED_EDGE('',*,*,#7734,.F.);
#10758=ORIENTED_EDGE('',*,*,#7757,.F.);
#10759=ORIENTED_EDGE('',*,*,#7720,.F.);
#10760=ORIENTED_EDGE('',*,*,#7736,.F.);
#10761=ORIENTED_EDGE('',*,*,#7735,.F.);
#10762=ORIENTED_EDGE('',*,*,#7754,.F.);
#10763=ORIENTED_EDGE('',*,*,#7748,.F.);
#10764=ORIENTED_EDGE('',*,*,#7746,.F.);
#10765=ORIENTED_EDGE('',*,*,#7743,.F.);
#10766=ORIENTED_EDGE('',*,*,#7751,.F.);
#10767=ORIENTED_EDGE('',*,*,#7733,.F.);
#10768=ORIENTED_EDGE('',*,*,#7745,.F.);
#10769=ORIENTED_EDGE('',*,*,#7744,.F.);
#10770=ORIENTED_EDGE('',*,*,#7747,.F.);
#10771=ORIENTED_EDGE('',*,*,#7756,.F.);
#10772=ORIENTED_EDGE('',*,*,#7750,.F.);
#10773=ORIENTED_EDGE('',*,*,#7761,.T.);
#10774=ORIENTED_EDGE('',*,*,#7762,.T.);
#10775=ORIENTED_EDGE('',*,*,#7763,.T.);
#10776=ORIENTED_EDGE('',*,*,#7764,.T.);
#10777=ORIENTED_EDGE('',*,*,#7765,.T.);
#10778=ORIENTED_EDGE('',*,*,#7766,.T.);
#10779=ORIENTED_EDGE('',*,*,#7767,.T.);
#10780=ORIENTED_EDGE('',*,*,#7768,.T.);
#10781=ORIENTED_EDGE('',*,*,#7769,.T.);
#10782=ORIENTED_EDGE('',*,*,#7766,.F.);
#10783=ORIENTED_EDGE('',*,*,#7770,.F.);
#10784=ORIENTED_EDGE('',*,*,#7764,.F.);
#10785=ORIENTED_EDGE('',*,*,#7749,.T.);
#10786=ORIENTED_EDGE('',*,*,#7760,.F.);
#10787=ORIENTED_EDGE('',*,*,#7758,.F.);
#10788=ORIENTED_EDGE('',*,*,#7752,.F.);
#10789=ORIENTED_EDGE('',*,*,#7771,.T.);
#10790=ORIENTED_EDGE('',*,*,#7767,.F.);
#10791=ORIENTED_EDGE('',*,*,#7769,.F.);
#10792=ORIENTED_EDGE('',*,*,#7763,.F.);
#10793=ORIENTED_EDGE('',*,*,#7772,.T.);
#10794=ORIENTED_EDGE('',*,*,#7768,.F.);
#10795=ORIENTED_EDGE('',*,*,#7771,.F.);
#10796=ORIENTED_EDGE('',*,*,#7762,.F.);
#10797=ORIENTED_EDGE('',*,*,#7687,.T.);
#10798=ORIENTED_EDGE('',*,*,#7706,.F.);
#10799=ORIENTED_EDGE('',*,*,#7700,.F.);
#10800=ORIENTED_EDGE('',*,*,#7698,.F.);
#10801=ORIENTED_EDGE('',*,*,#7770,.T.);
#10802=ORIENTED_EDGE('',*,*,#7765,.F.);
#10803=ORIENTED_EDGE('',*,*,#7772,.F.);
#10804=ORIENTED_EDGE('',*,*,#7761,.F.);
#10805=ORIENTED_EDGE('',*,*,#7773,.T.);
#10806=ORIENTED_EDGE('',*,*,#7774,.F.);
#10807=ORIENTED_EDGE('',*,*,#7775,.T.);
#10808=ORIENTED_EDGE('',*,*,#7776,.T.);
#10809=ORIENTED_EDGE('',*,*,#7777,.F.);
#10810=ORIENTED_EDGE('',*,*,#7778,.F.);
#10811=ORIENTED_EDGE('',*,*,#7779,.F.);
#10812=ORIENTED_EDGE('',*,*,#7780,.F.);
#10813=ORIENTED_EDGE('',*,*,#7781,.F.);
#10814=ORIENTED_EDGE('',*,*,#7782,.F.);
#10815=ORIENTED_EDGE('',*,*,#7783,.F.);
#10816=ORIENTED_EDGE('',*,*,#7784,.T.);
#10817=ORIENTED_EDGE('',*,*,#7785,.F.);
#10818=ORIENTED_EDGE('',*,*,#7786,.F.);
#10819=ORIENTED_EDGE('',*,*,#7787,.F.);
#10820=ORIENTED_EDGE('',*,*,#7788,.F.);
#10821=ORIENTED_EDGE('',*,*,#7789,.F.);
#10822=ORIENTED_EDGE('',*,*,#7790,.F.);
#10823=ORIENTED_EDGE('',*,*,#7791,.F.);
#10824=ORIENTED_EDGE('',*,*,#7792,.F.);
#10825=ORIENTED_EDGE('',*,*,#7793,.T.);
#10826=ORIENTED_EDGE('',*,*,#7786,.T.);
#10827=ORIENTED_EDGE('',*,*,#7794,.F.);
#10828=ORIENTED_EDGE('',*,*,#7776,.F.);
#10829=ORIENTED_EDGE('',*,*,#7795,.T.);
#10830=ORIENTED_EDGE('',*,*,#7778,.T.);
#10831=ORIENTED_EDGE('',*,*,#7796,.F.);
#10832=ORIENTED_EDGE('',*,*,#7784,.F.);
#10833=ORIENTED_EDGE('',*,*,#7796,.T.);
#10834=ORIENTED_EDGE('',*,*,#7777,.T.);
#10835=ORIENTED_EDGE('',*,*,#7794,.T.);
#10836=ORIENTED_EDGE('',*,*,#7785,.T.);
#10837=ORIENTED_EDGE('',*,*,#7797,.T.);
#10838=ORIENTED_EDGE('',*,*,#7773,.F.);
#10839=ORIENTED_EDGE('',*,*,#7795,.F.);
#10840=ORIENTED_EDGE('',*,*,#7783,.T.);
#10841=ORIENTED_EDGE('',*,*,#7798,.T.);
#10842=ORIENTED_EDGE('',*,*,#7799,.T.);
#10843=ORIENTED_EDGE('',*,*,#7800,.F.);
#10844=ORIENTED_EDGE('',*,*,#7787,.T.);
#10845=ORIENTED_EDGE('',*,*,#7793,.F.);
#10846=ORIENTED_EDGE('',*,*,#7775,.F.);
#10847=ORIENTED_EDGE('',*,*,#7801,.T.);
#10848=ORIENTED_EDGE('',*,*,#7802,.T.);
#10849=ORIENTED_EDGE('',*,*,#7803,.T.);
#10850=ORIENTED_EDGE('',*,*,#7804,.T.);
#10851=ORIENTED_EDGE('',*,*,#7805,.T.);
#10852=ORIENTED_EDGE('',*,*,#7806,.T.);
#10853=ORIENTED_EDGE('',*,*,#7788,.T.);
#10854=ORIENTED_EDGE('',*,*,#7807,.F.);
#10855=ORIENTED_EDGE('',*,*,#7808,.F.);
#10856=ORIENTED_EDGE('',*,*,#7809,.T.);
#10857=ORIENTED_EDGE('',*,*,#7810,.F.);
#10858=ORIENTED_EDGE('',*,*,#7811,.F.);
#10859=ORIENTED_EDGE('',*,*,#7812,.F.);
#10860=ORIENTED_EDGE('',*,*,#7813,.F.);
#10861=ORIENTED_EDGE('',*,*,#7814,.F.);
#10862=ORIENTED_EDGE('',*,*,#7815,.T.);
#10863=ORIENTED_EDGE('',*,*,#7816,.T.);
#10864=ORIENTED_EDGE('',*,*,#7817,.T.);
#10865=ORIENTED_EDGE('',*,*,#7815,.F.);
#10866=ORIENTED_EDGE('',*,*,#7818,.T.);
#10867=ORIENTED_EDGE('',*,*,#7819,.F.);
#10868=ORIENTED_EDGE('',*,*,#7820,.F.);
#10869=ORIENTED_EDGE('',*,*,#7816,.F.);
#10870=ORIENTED_EDGE('',*,*,#7820,.T.);
#10871=ORIENTED_EDGE('',*,*,#7821,.F.);
#10872=ORIENTED_EDGE('',*,*,#7822,.F.);
#10873=ORIENTED_EDGE('',*,*,#7817,.F.);
#10874=ORIENTED_EDGE('',*,*,#7822,.T.);
#10875=ORIENTED_EDGE('',*,*,#7823,.F.);
#10876=ORIENTED_EDGE('',*,*,#7824,.F.);
#10877=ORIENTED_EDGE('',*,*,#7825,.F.);
#10878=ORIENTED_EDGE('',*,*,#7826,.F.);
#10879=ORIENTED_EDGE('',*,*,#7824,.T.);
#10880=ORIENTED_EDGE('',*,*,#7827,.F.);
#10881=ORIENTED_EDGE('',*,*,#7828,.F.);
#10882=ORIENTED_EDGE('',*,*,#7798,.F.);
#10883=ORIENTED_EDGE('',*,*,#7809,.F.);
#10884=ORIENTED_EDGE('',*,*,#7799,.F.);
#10885=ORIENTED_EDGE('',*,*,#7828,.T.);
#10886=ORIENTED_EDGE('',*,*,#7829,.F.);
#10887=ORIENTED_EDGE('',*,*,#7830,.F.);
#10888=ORIENTED_EDGE('',*,*,#7831,.F.);
#10889=ORIENTED_EDGE('',*,*,#7807,.T.);
#10890=ORIENTED_EDGE('',*,*,#7800,.T.);
#10891=ORIENTED_EDGE('',*,*,#7830,.T.);
#10892=ORIENTED_EDGE('',*,*,#7832,.F.);
#10893=ORIENTED_EDGE('',*,*,#7833,.F.);
#10894=ORIENTED_EDGE('',*,*,#7813,.T.);
#10895=ORIENTED_EDGE('',*,*,#7834,.F.);
#10896=ORIENTED_EDGE('',*,*,#7833,.T.);
#10897=ORIENTED_EDGE('',*,*,#7835,.F.);
#10898=ORIENTED_EDGE('',*,*,#7836,.F.);
#10899=ORIENTED_EDGE('',*,*,#7814,.T.);
#10900=ORIENTED_EDGE('',*,*,#7836,.T.);
#10901=ORIENTED_EDGE('',*,*,#7837,.F.);
#10902=ORIENTED_EDGE('',*,*,#7818,.F.);
#10903=ORIENTED_EDGE('',*,*,#7837,.T.);
#10904=ORIENTED_EDGE('',*,*,#7835,.T.);
#10905=ORIENTED_EDGE('',*,*,#7832,.T.);
#10906=ORIENTED_EDGE('',*,*,#7829,.T.);
#10907=ORIENTED_EDGE('',*,*,#7827,.T.);
#10908=ORIENTED_EDGE('',*,*,#7823,.T.);
#10909=ORIENTED_EDGE('',*,*,#7821,.T.);
#10910=ORIENTED_EDGE('',*,*,#7819,.T.);
#10911=ORIENTED_EDGE('',*,*,#7834,.T.);
#10912=ORIENTED_EDGE('',*,*,#7838,.F.);
#10913=ORIENTED_EDGE('',*,*,#7839,.F.);
#10914=ORIENTED_EDGE('',*,*,#7831,.T.);
#10915=ORIENTED_EDGE('',*,*,#7825,.T.);
#10916=ORIENTED_EDGE('',*,*,#7826,.T.);
#10917=ORIENTED_EDGE('',*,*,#7840,.F.);
#10918=ORIENTED_EDGE('',*,*,#7841,.F.);
#10919=ORIENTED_EDGE('',*,*,#7842,.F.);
#10920=ORIENTED_EDGE('',*,*,#7843,.F.);
#10921=ORIENTED_EDGE('',*,*,#7844,.F.);
#10922=ORIENTED_EDGE('',*,*,#7845,.F.);
#10923=ORIENTED_EDGE('',*,*,#7846,.F.);
#10924=ORIENTED_EDGE('',*,*,#7847,.F.);
#10925=ORIENTED_EDGE('',*,*,#7848,.F.);
#10926=ORIENTED_EDGE('',*,*,#7849,.F.);
#10927=ORIENTED_EDGE('',*,*,#7850,.F.);
#10928=ORIENTED_EDGE('',*,*,#7851,.F.);
#10929=ORIENTED_EDGE('',*,*,#7852,.F.);
#10930=ORIENTED_EDGE('',*,*,#7853,.F.);
#10931=ORIENTED_EDGE('',*,*,#7854,.F.);
#10932=ORIENTED_EDGE('',*,*,#7855,.F.);
#10933=ORIENTED_EDGE('',*,*,#7856,.F.);
#10934=ORIENTED_EDGE('',*,*,#7855,.T.);
#10935=ORIENTED_EDGE('',*,*,#7857,.T.);
#10936=ORIENTED_EDGE('',*,*,#7850,.T.);
#10937=ORIENTED_EDGE('',*,*,#7838,.T.);
#10938=ORIENTED_EDGE('',*,*,#7812,.T.);
#10939=ORIENTED_EDGE('',*,*,#7858,.F.);
#10940=ORIENTED_EDGE('',*,*,#7859,.F.);
#10941=ORIENTED_EDGE('',*,*,#7860,.F.);
#10942=ORIENTED_EDGE('',*,*,#7861,.F.);
#10943=ORIENTED_EDGE('',*,*,#7862,.F.);
#10944=ORIENTED_EDGE('',*,*,#7863,.F.);
#10945=ORIENTED_EDGE('',*,*,#7849,.T.);
#10946=ORIENTED_EDGE('',*,*,#7789,.T.);
#10947=ORIENTED_EDGE('',*,*,#7862,.T.);
#10948=ORIENTED_EDGE('',*,*,#7840,.T.);
#10949=ORIENTED_EDGE('',*,*,#7808,.T.);
#10950=ORIENTED_EDGE('',*,*,#7839,.T.);
#10951=ORIENTED_EDGE('',*,*,#7852,.T.);
#10952=ORIENTED_EDGE('',*,*,#7864,.T.);
#10953=ORIENTED_EDGE('',*,*,#7863,.T.);
#10954=ORIENTED_EDGE('',*,*,#7792,.T.);
#10955=ORIENTED_EDGE('',*,*,#7865,.F.);
#10956=ORIENTED_EDGE('',*,*,#7866,.F.);
#10957=ORIENTED_EDGE('',*,*,#7867,.F.);
#10958=ORIENTED_EDGE('',*,*,#7866,.T.);
#10959=ORIENTED_EDGE('',*,*,#7868,.T.);
#10960=ORIENTED_EDGE('',*,*,#7856,.T.);
#10961=ORIENTED_EDGE('',*,*,#7811,.T.);
#10962=ORIENTED_EDGE('',*,*,#7861,.T.);
#10963=ORIENTED_EDGE('',*,*,#7869,.T.);
#10964=ORIENTED_EDGE('',*,*,#7867,.T.);
#10965=ORIENTED_EDGE('',*,*,#7810,.T.);
#10966=ORIENTED_EDGE('',*,*,#7841,.T.);
#10967=ORIENTED_EDGE('',*,*,#7859,.T.);
#10968=ORIENTED_EDGE('',*,*,#7870,.T.);
#10969=ORIENTED_EDGE('',*,*,#7865,.T.);
#10970=ORIENTED_EDGE('',*,*,#7871,.T.);
#10971=ORIENTED_EDGE('',*,*,#7851,.T.);
#10972=ORIENTED_EDGE('',*,*,#7872,.T.);
#10973=ORIENTED_EDGE('',*,*,#7860,.T.);
#10974=ORIENTED_EDGE('',*,*,#7873,.T.);
#10975=ORIENTED_EDGE('',*,*,#7858,.T.);
#10976=ORIENTED_EDGE('',*,*,#7874,.T.);
#10977=ORIENTED_EDGE('',*,*,#7847,.T.);
#10978=ORIENTED_EDGE('',*,*,#7875,.T.);
#10979=ORIENTED_EDGE('',*,*,#7846,.T.);
#10980=ORIENTED_EDGE('',*,*,#7876,.T.);
#10981=ORIENTED_EDGE('',*,*,#7854,.T.);
#10982=ORIENTED_EDGE('',*,*,#7877,.T.);
#10983=ORIENTED_EDGE('',*,*,#7842,.T.);
#10984=ORIENTED_EDGE('',*,*,#7878,.T.);
#10985=ORIENTED_EDGE('',*,*,#7853,.T.);
#10986=ORIENTED_EDGE('',*,*,#7791,.T.);
#10987=ORIENTED_EDGE('',*,*,#7843,.T.);
#10988=ORIENTED_EDGE('',*,*,#7790,.T.);
#10989=ORIENTED_EDGE('',*,*,#7848,.T.);
#10990=ORIENTED_EDGE('',*,*,#7879,.T.);
#10991=ORIENTED_EDGE('',*,*,#7845,.T.);
#10992=ORIENTED_EDGE('',*,*,#7880,.T.);
#10993=ORIENTED_EDGE('',*,*,#7844,.T.);
#10994=ORIENTED_EDGE('',*,*,#7881,.T.);
#10995=ORIENTED_EDGE('',*,*,#7857,.F.);
#10996=ORIENTED_EDGE('',*,*,#7876,.F.);
#10997=ORIENTED_EDGE('',*,*,#7881,.F.);
#10998=ORIENTED_EDGE('',*,*,#7879,.F.);
#10999=ORIENTED_EDGE('',*,*,#7864,.F.);
#11000=ORIENTED_EDGE('',*,*,#7873,.F.);
#11001=ORIENTED_EDGE('',*,*,#7871,.F.);
#11002=ORIENTED_EDGE('',*,*,#7869,.F.);
#11003=ORIENTED_EDGE('',*,*,#7868,.F.);
#11004=ORIENTED_EDGE('',*,*,#7870,.F.);
#11005=ORIENTED_EDGE('',*,*,#7875,.F.);
#11006=ORIENTED_EDGE('',*,*,#7877,.F.);
#11007=ORIENTED_EDGE('',*,*,#7872,.F.);
#11008=ORIENTED_EDGE('',*,*,#7878,.F.);
#11009=ORIENTED_EDGE('',*,*,#7880,.F.);
#11010=ORIENTED_EDGE('',*,*,#7874,.F.);
#11011=ORIENTED_EDGE('',*,*,#7774,.T.);
#11012=ORIENTED_EDGE('',*,*,#7882,.T.);
#11013=ORIENTED_EDGE('',*,*,#7883,.F.);
#11014=ORIENTED_EDGE('',*,*,#7884,.T.);
#11015=ORIENTED_EDGE('',*,*,#7885,.F.);
#11016=ORIENTED_EDGE('',*,*,#7886,.F.);
#11017=ORIENTED_EDGE('',*,*,#7887,.F.);
#11018=ORIENTED_EDGE('',*,*,#7888,.T.);
#11019=ORIENTED_EDGE('',*,*,#7889,.T.);
#11020=ORIENTED_EDGE('',*,*,#7890,.T.);
#11021=ORIENTED_EDGE('',*,*,#7891,.T.);
#11022=ORIENTED_EDGE('',*,*,#7892,.T.);
#11023=ORIENTED_EDGE('',*,*,#7889,.F.);
#11024=ORIENTED_EDGE('',*,*,#7893,.T.);
#11025=ORIENTED_EDGE('',*,*,#7894,.F.);
#11026=ORIENTED_EDGE('',*,*,#7895,.F.);
#11027=ORIENTED_EDGE('',*,*,#7890,.F.);
#11028=ORIENTED_EDGE('',*,*,#7895,.T.);
#11029=ORIENTED_EDGE('',*,*,#7896,.F.);
#11030=ORIENTED_EDGE('',*,*,#7897,.F.);
#11031=ORIENTED_EDGE('',*,*,#7891,.F.);
#11032=ORIENTED_EDGE('',*,*,#7897,.T.);
#11033=ORIENTED_EDGE('',*,*,#7898,.F.);
#11034=ORIENTED_EDGE('',*,*,#7899,.F.);
#11035=ORIENTED_EDGE('',*,*,#7892,.F.);
#11036=ORIENTED_EDGE('',*,*,#7899,.T.);
#11037=ORIENTED_EDGE('',*,*,#7900,.F.);
#11038=ORIENTED_EDGE('',*,*,#7901,.F.);
#11039=ORIENTED_EDGE('',*,*,#7902,.F.);
#11040=ORIENTED_EDGE('',*,*,#7903,.F.);
#11041=ORIENTED_EDGE('',*,*,#7901,.T.);
#11042=ORIENTED_EDGE('',*,*,#7904,.F.);
#11043=ORIENTED_EDGE('',*,*,#7905,.F.);
#11044=ORIENTED_EDGE('',*,*,#7801,.F.);
#11045=ORIENTED_EDGE('',*,*,#7884,.F.);
#11046=ORIENTED_EDGE('',*,*,#7802,.F.);
#11047=ORIENTED_EDGE('',*,*,#7905,.T.);
#11048=ORIENTED_EDGE('',*,*,#7906,.F.);
#11049=ORIENTED_EDGE('',*,*,#7907,.F.);
#11050=ORIENTED_EDGE('',*,*,#7803,.F.);
#11051=ORIENTED_EDGE('',*,*,#7907,.T.);
#11052=ORIENTED_EDGE('',*,*,#7908,.F.);
#11053=ORIENTED_EDGE('',*,*,#7909,.F.);
#11054=ORIENTED_EDGE('',*,*,#7804,.F.);
#11055=ORIENTED_EDGE('',*,*,#7909,.T.);
#11056=ORIENTED_EDGE('',*,*,#7910,.F.);
#11057=ORIENTED_EDGE('',*,*,#7911,.F.);
#11058=ORIENTED_EDGE('',*,*,#7805,.F.);
#11059=ORIENTED_EDGE('',*,*,#7911,.T.);
#11060=ORIENTED_EDGE('',*,*,#7912,.F.);
#11061=ORIENTED_EDGE('',*,*,#7913,.F.);
#11062=ORIENTED_EDGE('',*,*,#7806,.F.);
#11063=ORIENTED_EDGE('',*,*,#7913,.T.);
#11064=ORIENTED_EDGE('',*,*,#7914,.F.);
#11065=ORIENTED_EDGE('',*,*,#7915,.F.);
#11066=ORIENTED_EDGE('',*,*,#7797,.F.);
#11067=ORIENTED_EDGE('',*,*,#7915,.T.);
#11068=ORIENTED_EDGE('',*,*,#7916,.F.);
#11069=ORIENTED_EDGE('',*,*,#7917,.F.);
#11070=ORIENTED_EDGE('',*,*,#7918,.F.);
#11071=ORIENTED_EDGE('',*,*,#7882,.F.);
#11072=ORIENTED_EDGE('',*,*,#7919,.F.);
#11073=ORIENTED_EDGE('',*,*,#7917,.T.);
#11074=ORIENTED_EDGE('',*,*,#7920,.F.);
#11075=ORIENTED_EDGE('',*,*,#7893,.F.);
#11076=ORIENTED_EDGE('',*,*,#7888,.F.);
#11077=ORIENTED_EDGE('',*,*,#7920,.T.);
#11078=ORIENTED_EDGE('',*,*,#7916,.T.);
#11079=ORIENTED_EDGE('',*,*,#7914,.T.);
#11080=ORIENTED_EDGE('',*,*,#7912,.T.);
#11081=ORIENTED_EDGE('',*,*,#7910,.T.);
#11082=ORIENTED_EDGE('',*,*,#7908,.T.);
#11083=ORIENTED_EDGE('',*,*,#7906,.T.);
#11084=ORIENTED_EDGE('',*,*,#7904,.T.);
#11085=ORIENTED_EDGE('',*,*,#7900,.T.);
#11086=ORIENTED_EDGE('',*,*,#7898,.T.);
#11087=ORIENTED_EDGE('',*,*,#7896,.T.);
#11088=ORIENTED_EDGE('',*,*,#7894,.T.);
#11089=ORIENTED_EDGE('',*,*,#7919,.T.);
#11090=ORIENTED_EDGE('',*,*,#7921,.F.);
#11091=ORIENTED_EDGE('',*,*,#7922,.F.);
#11092=ORIENTED_EDGE('',*,*,#7918,.T.);
#11093=ORIENTED_EDGE('',*,*,#7902,.T.);
#11094=ORIENTED_EDGE('',*,*,#7903,.T.);
#11095=ORIENTED_EDGE('',*,*,#7923,.F.);
#11096=ORIENTED_EDGE('',*,*,#7924,.F.);
#11097=ORIENTED_EDGE('',*,*,#7925,.F.);
#11098=ORIENTED_EDGE('',*,*,#7926,.F.);
#11099=ORIENTED_EDGE('',*,*,#7927,.F.);
#11100=ORIENTED_EDGE('',*,*,#7928,.F.);
#11101=ORIENTED_EDGE('',*,*,#7929,.F.);
#11102=ORIENTED_EDGE('',*,*,#7930,.F.);
#11103=ORIENTED_EDGE('',*,*,#7931,.F.);
#11104=ORIENTED_EDGE('',*,*,#7932,.F.);
#11105=ORIENTED_EDGE('',*,*,#7933,.F.);
#11106=ORIENTED_EDGE('',*,*,#7934,.F.);
#11107=ORIENTED_EDGE('',*,*,#7935,.F.);
#11108=ORIENTED_EDGE('',*,*,#7936,.F.);
#11109=ORIENTED_EDGE('',*,*,#7937,.F.);
#11110=ORIENTED_EDGE('',*,*,#7938,.F.);
#11111=ORIENTED_EDGE('',*,*,#7939,.F.);
#11112=ORIENTED_EDGE('',*,*,#7938,.T.);
#11113=ORIENTED_EDGE('',*,*,#7940,.T.);
#11114=ORIENTED_EDGE('',*,*,#7933,.T.);
#11115=ORIENTED_EDGE('',*,*,#7885,.T.);
#11116=ORIENTED_EDGE('',*,*,#7924,.T.);
#11117=ORIENTED_EDGE('',*,*,#7941,.F.);
#11118=ORIENTED_EDGE('',*,*,#7942,.F.);
#11119=ORIENTED_EDGE('',*,*,#7943,.F.);
#11120=ORIENTED_EDGE('',*,*,#7944,.F.);
#11121=ORIENTED_EDGE('',*,*,#7945,.F.);
#11122=ORIENTED_EDGE('',*,*,#7946,.F.);
#11123=ORIENTED_EDGE('',*,*,#7932,.T.);
#11124=ORIENTED_EDGE('',*,*,#7947,.T.);
#11125=ORIENTED_EDGE('',*,*,#7945,.T.);
#11126=ORIENTED_EDGE('',*,*,#7886,.T.);
#11127=ORIENTED_EDGE('',*,*,#7935,.T.);
#11128=ORIENTED_EDGE('',*,*,#7948,.T.);
#11129=ORIENTED_EDGE('',*,*,#7946,.T.);
#11130=ORIENTED_EDGE('',*,*,#7949,.T.);
#11131=ORIENTED_EDGE('',*,*,#7950,.F.);
#11132=ORIENTED_EDGE('',*,*,#7951,.F.);
#11133=ORIENTED_EDGE('',*,*,#7952,.F.);
#11134=ORIENTED_EDGE('',*,*,#7939,.T.);
#11135=ORIENTED_EDGE('',*,*,#7923,.T.);
#11136=ORIENTED_EDGE('',*,*,#7883,.T.);
#11137=ORIENTED_EDGE('',*,*,#7922,.T.);
#11138=ORIENTED_EDGE('',*,*,#7951,.T.);
#11139=ORIENTED_EDGE('',*,*,#7779,.T.);
#11140=ORIENTED_EDGE('',*,*,#7944,.T.);
#11141=ORIENTED_EDGE('',*,*,#7953,.T.);
#11142=ORIENTED_EDGE('',*,*,#7952,.T.);
#11143=ORIENTED_EDGE('',*,*,#7921,.T.);
#11144=ORIENTED_EDGE('',*,*,#7887,.T.);
#11145=ORIENTED_EDGE('',*,*,#7942,.T.);
#11146=ORIENTED_EDGE('',*,*,#7780,.T.);
#11147=ORIENTED_EDGE('',*,*,#7950,.T.);
#11148=ORIENTED_EDGE('',*,*,#7954,.T.);
#11149=ORIENTED_EDGE('',*,*,#7934,.T.);
#11150=ORIENTED_EDGE('',*,*,#7955,.T.);
#11151=ORIENTED_EDGE('',*,*,#7943,.T.);
#11152=ORIENTED_EDGE('',*,*,#7956,.T.);
#11153=ORIENTED_EDGE('',*,*,#7941,.T.);
#11154=ORIENTED_EDGE('',*,*,#7957,.T.);
#11155=ORIENTED_EDGE('',*,*,#7930,.T.);
#11156=ORIENTED_EDGE('',*,*,#7781,.T.);
#11157=ORIENTED_EDGE('',*,*,#7929,.T.);
#11158=ORIENTED_EDGE('',*,*,#7958,.T.);
#11159=ORIENTED_EDGE('',*,*,#7937,.T.);
#11160=ORIENTED_EDGE('',*,*,#7782,.T.);
#11161=ORIENTED_EDGE('',*,*,#7925,.T.);
#11162=ORIENTED_EDGE('',*,*,#7959,.T.);
#11163=ORIENTED_EDGE('',*,*,#7936,.T.);
#11164=ORIENTED_EDGE('',*,*,#7960,.T.);
#11165=ORIENTED_EDGE('',*,*,#7926,.T.);
#11166=ORIENTED_EDGE('',*,*,#7961,.T.);
#11167=ORIENTED_EDGE('',*,*,#7931,.T.);
#11168=ORIENTED_EDGE('',*,*,#7962,.T.);
#11169=ORIENTED_EDGE('',*,*,#7928,.T.);
#11170=ORIENTED_EDGE('',*,*,#7963,.T.);
#11171=ORIENTED_EDGE('',*,*,#7927,.T.);
#11172=ORIENTED_EDGE('',*,*,#7964,.T.);
#11173=ORIENTED_EDGE('',*,*,#7940,.F.);
#11174=ORIENTED_EDGE('',*,*,#7958,.F.);
#11175=ORIENTED_EDGE('',*,*,#7964,.F.);
#11176=ORIENTED_EDGE('',*,*,#7962,.F.);
#11177=ORIENTED_EDGE('',*,*,#7947,.F.);
#11178=ORIENTED_EDGE('',*,*,#7961,.F.);
#11179=ORIENTED_EDGE('',*,*,#7960,.F.);
#11180=ORIENTED_EDGE('',*,*,#7949,.F.);
#11181=ORIENTED_EDGE('',*,*,#7948,.F.);
#11182=ORIENTED_EDGE('',*,*,#7956,.F.);
#11183=ORIENTED_EDGE('',*,*,#7954,.F.);
#11184=ORIENTED_EDGE('',*,*,#7953,.F.);
#11185=ORIENTED_EDGE('',*,*,#7955,.F.);
#11186=ORIENTED_EDGE('',*,*,#7959,.F.);
#11187=ORIENTED_EDGE('',*,*,#7963,.F.);
#11188=ORIENTED_EDGE('',*,*,#7957,.F.);
#11189=ORIENTED_EDGE('',*,*,#7965,.F.);
#11190=ORIENTED_EDGE('',*,*,#7966,.F.);
#11191=ORIENTED_EDGE('',*,*,#7967,.F.);
#11192=ORIENTED_EDGE('',*,*,#7968,.F.);
#11193=ORIENTED_EDGE('',*,*,#7969,.T.);
#11194=ORIENTED_EDGE('',*,*,#7970,.T.);
#11195=ORIENTED_EDGE('',*,*,#7971,.T.);
#11196=ORIENTED_EDGE('',*,*,#7972,.T.);
#11197=ORIENTED_EDGE('',*,*,#7969,.F.);
#11198=ORIENTED_EDGE('',*,*,#7973,.T.);
#11199=ORIENTED_EDGE('',*,*,#7965,.T.);
#11200=ORIENTED_EDGE('',*,*,#7974,.F.);
#11201=ORIENTED_EDGE('',*,*,#7970,.F.);
#11202=ORIENTED_EDGE('',*,*,#7974,.T.);
#11203=ORIENTED_EDGE('',*,*,#7968,.T.);
#11204=ORIENTED_EDGE('',*,*,#7975,.F.);
#11205=ORIENTED_EDGE('',*,*,#7971,.F.);
#11206=ORIENTED_EDGE('',*,*,#7975,.T.);
#11207=ORIENTED_EDGE('',*,*,#7967,.T.);
#11208=ORIENTED_EDGE('',*,*,#7976,.F.);
#11209=ORIENTED_EDGE('',*,*,#7972,.F.);
#11210=ORIENTED_EDGE('',*,*,#7976,.T.);
#11211=ORIENTED_EDGE('',*,*,#7966,.T.);
#11212=ORIENTED_EDGE('',*,*,#7973,.F.);
#11213=ORIENTED_EDGE('',*,*,#7977,.T.);
#11214=ORIENTED_EDGE('',*,*,#7978,.T.);
#11215=ORIENTED_EDGE('',*,*,#7979,.F.);
#11216=ORIENTED_EDGE('',*,*,#7980,.F.);
#11217=ORIENTED_EDGE('',*,*,#7981,.T.);
#11218=ORIENTED_EDGE('',*,*,#7980,.T.);
#11219=ORIENTED_EDGE('',*,*,#7982,.F.);
#11220=ORIENTED_EDGE('',*,*,#7983,.F.);
#11221=ORIENTED_EDGE('',*,*,#7984,.T.);
#11222=ORIENTED_EDGE('',*,*,#7983,.T.);
#11223=ORIENTED_EDGE('',*,*,#7985,.F.);
#11224=ORIENTED_EDGE('',*,*,#7986,.F.);
#11225=ORIENTED_EDGE('',*,*,#7987,.T.);
#11226=ORIENTED_EDGE('',*,*,#7986,.T.);
#11227=ORIENTED_EDGE('',*,*,#7988,.F.);
#11228=ORIENTED_EDGE('',*,*,#7978,.F.);
#11229=ORIENTED_EDGE('',*,*,#7988,.T.);
#11230=ORIENTED_EDGE('',*,*,#7985,.T.);
#11231=ORIENTED_EDGE('',*,*,#7982,.T.);
#11232=ORIENTED_EDGE('',*,*,#7979,.T.);
#11233=ORIENTED_EDGE('',*,*,#7987,.F.);
#11234=ORIENTED_EDGE('',*,*,#7977,.F.);
#11235=ORIENTED_EDGE('',*,*,#7981,.F.);
#11236=ORIENTED_EDGE('',*,*,#7984,.F.);
#11237=ORIENTED_EDGE('',*,*,#7989,.F.);
#11238=ORIENTED_EDGE('',*,*,#7990,.F.);
#11239=ORIENTED_EDGE('',*,*,#7991,.F.);
#11240=ORIENTED_EDGE('',*,*,#7992,.F.);
#11241=ORIENTED_EDGE('',*,*,#7993,.F.);
#11242=ORIENTED_EDGE('',*,*,#7994,.F.);
#11243=ORIENTED_EDGE('',*,*,#7991,.T.);
#11244=ORIENTED_EDGE('',*,*,#7995,.T.);
#11245=ORIENTED_EDGE('',*,*,#7993,.T.);
#11246=ORIENTED_EDGE('',*,*,#7996,.T.);
#11247=ORIENTED_EDGE('',*,*,#7997,.F.);
#11248=ORIENTED_EDGE('',*,*,#7998,.F.);
#11249=ORIENTED_EDGE('',*,*,#7999,.F.);
#11250=ORIENTED_EDGE('',*,*,#8000,.F.);
#11251=ORIENTED_EDGE('',*,*,#8001,.F.);
#11252=ORIENTED_EDGE('',*,*,#8002,.F.);
#11253=ORIENTED_EDGE('',*,*,#8003,.F.);
#11254=ORIENTED_EDGE('',*,*,#8004,.F.);
#11255=ORIENTED_EDGE('',*,*,#8005,.F.);
#11256=ORIENTED_EDGE('',*,*,#8006,.F.);
#11257=ORIENTED_EDGE('',*,*,#8007,.F.);
#11258=ORIENTED_EDGE('',*,*,#8008,.F.);
#11259=ORIENTED_EDGE('',*,*,#8007,.T.);
#11260=ORIENTED_EDGE('',*,*,#8009,.T.);
#11261=ORIENTED_EDGE('',*,*,#8000,.T.);
#11262=ORIENTED_EDGE('',*,*,#8010,.T.);
#11263=ORIENTED_EDGE('',*,*,#7992,.T.);
#11264=ORIENTED_EDGE('',*,*,#8011,.F.);
#11265=ORIENTED_EDGE('',*,*,#8008,.T.);
#11266=ORIENTED_EDGE('',*,*,#8012,.T.);
#11267=ORIENTED_EDGE('',*,*,#8013,.F.);
#11268=ORIENTED_EDGE('',*,*,#8014,.F.);
#11269=ORIENTED_EDGE('',*,*,#8015,.F.);
#11270=ORIENTED_EDGE('',*,*,#8016,.F.);
#11271=ORIENTED_EDGE('',*,*,#8017,.F.);
#11272=ORIENTED_EDGE('',*,*,#8018,.F.);
#11273=ORIENTED_EDGE('',*,*,#8014,.T.);
#11274=ORIENTED_EDGE('',*,*,#8019,.T.);
#11275=ORIENTED_EDGE('',*,*,#8017,.T.);
#11276=ORIENTED_EDGE('',*,*,#8020,.T.);
#11277=ORIENTED_EDGE('',*,*,#8018,.T.);
#11278=ORIENTED_EDGE('',*,*,#8021,.T.);
#11279=ORIENTED_EDGE('',*,*,#8006,.T.);
#11280=ORIENTED_EDGE('',*,*,#8022,.T.);
#11281=ORIENTED_EDGE('',*,*,#8004,.T.);
#11282=ORIENTED_EDGE('',*,*,#8023,.T.);
#11283=ORIENTED_EDGE('',*,*,#8016,.T.);
#11284=ORIENTED_EDGE('',*,*,#8024,.T.);
#11285=ORIENTED_EDGE('',*,*,#7997,.T.);
#11286=ORIENTED_EDGE('',*,*,#8025,.T.);
#11287=ORIENTED_EDGE('',*,*,#8015,.T.);
#11288=ORIENTED_EDGE('',*,*,#8026,.T.);
#11289=ORIENTED_EDGE('',*,*,#8001,.T.);
#11290=ORIENTED_EDGE('',*,*,#8027,.T.);
#11291=ORIENTED_EDGE('',*,*,#8013,.T.);
#11292=ORIENTED_EDGE('',*,*,#8028,.T.);
#11293=ORIENTED_EDGE('',*,*,#7994,.T.);
#11294=ORIENTED_EDGE('',*,*,#8029,.T.);
#11295=ORIENTED_EDGE('',*,*,#8005,.T.);
#11296=ORIENTED_EDGE('',*,*,#8030,.T.);
#11297=ORIENTED_EDGE('',*,*,#8003,.T.);
#11298=ORIENTED_EDGE('',*,*,#8031,.T.);
#11299=ORIENTED_EDGE('',*,*,#7998,.T.);
#11300=ORIENTED_EDGE('',*,*,#8032,.T.);
#11301=ORIENTED_EDGE('',*,*,#7989,.T.);
#11302=ORIENTED_EDGE('',*,*,#8033,.T.);
#11303=ORIENTED_EDGE('',*,*,#8002,.T.);
#11304=ORIENTED_EDGE('',*,*,#8034,.T.);
#11305=ORIENTED_EDGE('',*,*,#7999,.T.);
#11306=ORIENTED_EDGE('',*,*,#8035,.T.);
#11307=ORIENTED_EDGE('',*,*,#7990,.T.);
#11308=ORIENTED_EDGE('',*,*,#8036,.T.);
#11309=ORIENTED_EDGE('',*,*,#7995,.F.);
#11310=ORIENTED_EDGE('',*,*,#8035,.F.);
#11311=ORIENTED_EDGE('',*,*,#8031,.F.);
#11312=ORIENTED_EDGE('',*,*,#8029,.F.);
#11313=ORIENTED_EDGE('',*,*,#8010,.F.);
#11314=ORIENTED_EDGE('',*,*,#8033,.F.);
#11315=ORIENTED_EDGE('',*,*,#7996,.F.);
#11316=ORIENTED_EDGE('',*,*,#8012,.F.);
#11317=ORIENTED_EDGE('',*,*,#8019,.F.);
#11318=ORIENTED_EDGE('',*,*,#8027,.F.);
#11319=ORIENTED_EDGE('',*,*,#8009,.F.);
#11320=ORIENTED_EDGE('',*,*,#8021,.F.);
#11321=ORIENTED_EDGE('',*,*,#8020,.F.);
#11322=ORIENTED_EDGE('',*,*,#8023,.F.);
#11323=ORIENTED_EDGE('',*,*,#8032,.F.);
#11324=ORIENTED_EDGE('',*,*,#8026,.F.);
#11325=ORIENTED_EDGE('',*,*,#8025,.F.);
#11326=ORIENTED_EDGE('',*,*,#8036,.F.);
#11327=ORIENTED_EDGE('',*,*,#8034,.F.);
#11328=ORIENTED_EDGE('',*,*,#8028,.F.);
#11329=ORIENTED_EDGE('',*,*,#8037,.F.);
#11330=ORIENTED_EDGE('',*,*,#8038,.F.);
#11331=ORIENTED_EDGE('',*,*,#8039,.F.);
#11332=ORIENTED_EDGE('',*,*,#8040,.F.);
#11333=ORIENTED_EDGE('',*,*,#8041,.F.);
#11334=ORIENTED_EDGE('',*,*,#8042,.F.);
#11335=ORIENTED_EDGE('',*,*,#8039,.T.);
#11336=ORIENTED_EDGE('',*,*,#8043,.T.);
#11337=ORIENTED_EDGE('',*,*,#8041,.T.);
#11338=ORIENTED_EDGE('',*,*,#8044,.T.);
#11339=ORIENTED_EDGE('',*,*,#8045,.F.);
#11340=ORIENTED_EDGE('',*,*,#8046,.F.);
#11341=ORIENTED_EDGE('',*,*,#8047,.F.);
#11342=ORIENTED_EDGE('',*,*,#8048,.F.);
#11343=ORIENTED_EDGE('',*,*,#8049,.F.);
#11344=ORIENTED_EDGE('',*,*,#8050,.F.);
#11345=ORIENTED_EDGE('',*,*,#8051,.F.);
#11346=ORIENTED_EDGE('',*,*,#8052,.F.);
#11347=ORIENTED_EDGE('',*,*,#8053,.F.);
#11348=ORIENTED_EDGE('',*,*,#8054,.F.);
#11349=ORIENTED_EDGE('',*,*,#8055,.F.);
#11350=ORIENTED_EDGE('',*,*,#8056,.F.);
#11351=ORIENTED_EDGE('',*,*,#8055,.T.);
#11352=ORIENTED_EDGE('',*,*,#8057,.T.);
#11353=ORIENTED_EDGE('',*,*,#8048,.T.);
#11354=ORIENTED_EDGE('',*,*,#8058,.T.);
#11355=ORIENTED_EDGE('',*,*,#8040,.T.);
#11356=ORIENTED_EDGE('',*,*,#8059,.T.);
#11357=ORIENTED_EDGE('',*,*,#8056,.T.);
#11358=ORIENTED_EDGE('',*,*,#8060,.T.);
#11359=ORIENTED_EDGE('',*,*,#8061,.F.);
#11360=ORIENTED_EDGE('',*,*,#8062,.F.);
#11361=ORIENTED_EDGE('',*,*,#8063,.F.);
#11362=ORIENTED_EDGE('',*,*,#8064,.F.);
#11363=ORIENTED_EDGE('',*,*,#8065,.F.);
#11364=ORIENTED_EDGE('',*,*,#8066,.F.);
#11365=ORIENTED_EDGE('',*,*,#8062,.T.);
#11366=ORIENTED_EDGE('',*,*,#8067,.T.);
#11367=ORIENTED_EDGE('',*,*,#8065,.T.);
#11368=ORIENTED_EDGE('',*,*,#8068,.T.);
#11369=ORIENTED_EDGE('',*,*,#8066,.T.);
#11370=ORIENTED_EDGE('',*,*,#8069,.T.);
#11371=ORIENTED_EDGE('',*,*,#8054,.T.);
#11372=ORIENTED_EDGE('',*,*,#8070,.T.);
#11373=ORIENTED_EDGE('',*,*,#8052,.T.);
#11374=ORIENTED_EDGE('',*,*,#8071,.T.);
#11375=ORIENTED_EDGE('',*,*,#8064,.T.);
#11376=ORIENTED_EDGE('',*,*,#8072,.T.);
#11377=ORIENTED_EDGE('',*,*,#8045,.T.);
#11378=ORIENTED_EDGE('',*,*,#8073,.F.);
#11379=ORIENTED_EDGE('',*,*,#8063,.T.);
#11380=ORIENTED_EDGE('',*,*,#8074,.T.);
#11381=ORIENTED_EDGE('',*,*,#8049,.T.);
#11382=ORIENTED_EDGE('',*,*,#8075,.T.);
#11383=ORIENTED_EDGE('',*,*,#8061,.T.);
#11384=ORIENTED_EDGE('',*,*,#8076,.T.);
#11385=ORIENTED_EDGE('',*,*,#8042,.T.);
#11386=ORIENTED_EDGE('',*,*,#8077,.T.);
#11387=ORIENTED_EDGE('',*,*,#8053,.T.);
#11388=ORIENTED_EDGE('',*,*,#8078,.T.);
#11389=ORIENTED_EDGE('',*,*,#8051,.T.);
#11390=ORIENTED_EDGE('',*,*,#8079,.T.);
#11391=ORIENTED_EDGE('',*,*,#8046,.T.);
#11392=ORIENTED_EDGE('',*,*,#8080,.T.);
#11393=ORIENTED_EDGE('',*,*,#8037,.T.);
#11394=ORIENTED_EDGE('',*,*,#8081,.T.);
#11395=ORIENTED_EDGE('',*,*,#8050,.T.);
#11396=ORIENTED_EDGE('',*,*,#8082,.T.);
#11397=ORIENTED_EDGE('',*,*,#8047,.T.);
#11398=ORIENTED_EDGE('',*,*,#8083,.T.);
#11399=ORIENTED_EDGE('',*,*,#8038,.T.);
#11400=ORIENTED_EDGE('',*,*,#8084,.T.);
#11401=ORIENTED_EDGE('',*,*,#8043,.F.);
#11402=ORIENTED_EDGE('',*,*,#8083,.F.);
#11403=ORIENTED_EDGE('',*,*,#8079,.F.);
#11404=ORIENTED_EDGE('',*,*,#8077,.F.);
#11405=ORIENTED_EDGE('',*,*,#8058,.F.);
#11406=ORIENTED_EDGE('',*,*,#8081,.F.);
#11407=ORIENTED_EDGE('',*,*,#8044,.F.);
#11408=ORIENTED_EDGE('',*,*,#8060,.F.);
#11409=ORIENTED_EDGE('',*,*,#8059,.F.);
#11410=ORIENTED_EDGE('',*,*,#8078,.F.);
#11411=ORIENTED_EDGE('',*,*,#8072,.F.);
#11412=ORIENTED_EDGE('',*,*,#8070,.F.);
#11413=ORIENTED_EDGE('',*,*,#8067,.F.);
#11414=ORIENTED_EDGE('',*,*,#8075,.F.);
#11415=ORIENTED_EDGE('',*,*,#8057,.F.);
#11416=ORIENTED_EDGE('',*,*,#8069,.F.);
#11417=ORIENTED_EDGE('',*,*,#8068,.F.);
#11418=ORIENTED_EDGE('',*,*,#8071,.F.);
#11419=ORIENTED_EDGE('',*,*,#8080,.F.);
#11420=ORIENTED_EDGE('',*,*,#8074,.F.);
#11421=ORIENTED_EDGE('',*,*,#8085,.T.);
#11422=ORIENTED_EDGE('',*,*,#8086,.T.);
#11423=ORIENTED_EDGE('',*,*,#8087,.T.);
#11424=ORIENTED_EDGE('',*,*,#8088,.T.);
#11425=ORIENTED_EDGE('',*,*,#8089,.T.);
#11426=ORIENTED_EDGE('',*,*,#8090,.T.);
#11427=ORIENTED_EDGE('',*,*,#8091,.T.);
#11428=ORIENTED_EDGE('',*,*,#8092,.T.);
#11429=ORIENTED_EDGE('',*,*,#8093,.T.);
#11430=ORIENTED_EDGE('',*,*,#8090,.F.);
#11431=ORIENTED_EDGE('',*,*,#8094,.F.);
#11432=ORIENTED_EDGE('',*,*,#8088,.F.);
#11433=ORIENTED_EDGE('',*,*,#8073,.T.);
#11434=ORIENTED_EDGE('',*,*,#8084,.F.);
#11435=ORIENTED_EDGE('',*,*,#8082,.F.);
#11436=ORIENTED_EDGE('',*,*,#8076,.F.);
#11437=ORIENTED_EDGE('',*,*,#8095,.T.);
#11438=ORIENTED_EDGE('',*,*,#8091,.F.);
#11439=ORIENTED_EDGE('',*,*,#8093,.F.);
#11440=ORIENTED_EDGE('',*,*,#8087,.F.);
#11441=ORIENTED_EDGE('',*,*,#8096,.T.);
#11442=ORIENTED_EDGE('',*,*,#8092,.F.);
#11443=ORIENTED_EDGE('',*,*,#8095,.F.);
#11444=ORIENTED_EDGE('',*,*,#8086,.F.);
#11445=ORIENTED_EDGE('',*,*,#8011,.T.);
#11446=ORIENTED_EDGE('',*,*,#8030,.F.);
#11447=ORIENTED_EDGE('',*,*,#8024,.F.);
#11448=ORIENTED_EDGE('',*,*,#8022,.F.);
#11449=ORIENTED_EDGE('',*,*,#8094,.T.);
#11450=ORIENTED_EDGE('',*,*,#8089,.F.);
#11451=ORIENTED_EDGE('',*,*,#8096,.F.);
#11452=ORIENTED_EDGE('',*,*,#8085,.F.);
#11453=CYLINDRICAL_SURFACE('',#12516,0.5);
#11454=CYLINDRICAL_SURFACE('',#12519,0.175);
#11455=CYLINDRICAL_SURFACE('',#12522,0.175);
#11456=CYLINDRICAL_SURFACE('',#12525,0.1);
#11457=CYLINDRICAL_SURFACE('',#12528,0.5);
#11458=CYLINDRICAL_SURFACE('',#12531,0.1);
#11459=CYLINDRICAL_SURFACE('',#12534,0.1);
#11460=CYLINDRICAL_SURFACE('',#12537,0.1);
#11461=CYLINDRICAL_SURFACE('',#12540,1.55);
#11462=CYLINDRICAL_SURFACE('',#12543,0.1);
#11463=CYLINDRICAL_SURFACE('',#12546,0.1);
#11464=CYLINDRICAL_SURFACE('',#12549,0.1);
#11465=CYLINDRICAL_SURFACE('',#12552,0.5);
#11466=CYLINDRICAL_SURFACE('',#12555,0.1);
#11467=CYLINDRICAL_SURFACE('',#12558,0.1);
#11468=CYLINDRICAL_SURFACE('',#12561,0.1);
#11469=CYLINDRICAL_SURFACE('',#12564,0.5);
#11470=CYLINDRICAL_SURFACE('',#12567,0.1);
#11471=CYLINDRICAL_SURFACE('',#12570,0.5);
#11472=CYLINDRICAL_SURFACE('',#12573,0.1);
#11473=CYLINDRICAL_SURFACE('',#12576,0.5);
#11474=CYLINDRICAL_SURFACE('',#12579,0.1);
#11475=CYLINDRICAL_SURFACE('',#12582,0.1);
#11476=CYLINDRICAL_SURFACE('',#12585,0.1);
#11477=CYLINDRICAL_SURFACE('',#12602,0.699999999999999);
#11478=CYLINDRICAL_SURFACE('',#12603,0.7);
#11479=CYLINDRICAL_SURFACE('',#12605,0.7);
#11480=CYLINDRICAL_SURFACE('',#12607,0.7);
#11481=CYLINDRICAL_SURFACE('',#12619,0.25625);
#11482=CYLINDRICAL_SURFACE('',#12622,0.25625);
#11483=CYLINDRICAL_SURFACE('',#12634,0.25625);
#11484=CYLINDRICAL_SURFACE('',#12649,0.20625);
#11485=CYLINDRICAL_SURFACE('',#12650,0.25625);
#11486=CYLINDRICAL_SURFACE('',#12663,0.20625);
#11487=CYLINDRICAL_SURFACE('',#12664,0.25625);
#11488=CYLINDRICAL_SURFACE('',#12677,0.20625);
#11489=CYLINDRICAL_SURFACE('',#12678,0.25625);
#11490=CYLINDRICAL_SURFACE('',#12683,0.0750000000000001);
#11491=CYLINDRICAL_SURFACE('',#12705,0.15);
#11492=CYLINDRICAL_SURFACE('',#12709,0.15);
#11493=CYLINDRICAL_SURFACE('',#12717,0.15);
#11494=CYLINDRICAL_SURFACE('',#12721,0.15);
#11495=CYLINDRICAL_SURFACE('',#12729,0.15);
#11496=CYLINDRICAL_SURFACE('',#12733,0.15);
#11497=CYLINDRICAL_SURFACE('',#12741,0.15);
#11498=CYLINDRICAL_SURFACE('',#12745,0.15);
#11499=CYLINDRICAL_SURFACE('',#12753,0.15);
#11500=CYLINDRICAL_SURFACE('',#12757,0.15);
#11501=CYLINDRICAL_SURFACE('',#12765,0.15);
#11502=CYLINDRICAL_SURFACE('',#12769,0.15);
#11503=CYLINDRICAL_SURFACE('',#12777,0.15);
#11504=CYLINDRICAL_SURFACE('',#12781,0.15);
#11505=CYLINDRICAL_SURFACE('',#12789,0.15);
#11506=CYLINDRICAL_SURFACE('',#12793,0.15);
#11507=CYLINDRICAL_SURFACE('',#12870,0.02);
#11508=CYLINDRICAL_SURFACE('',#12879,0.02);
#11509=CYLINDRICAL_SURFACE('',#12880,0.02);
#11510=CYLINDRICAL_SURFACE('',#12885,0.02);
#11511=CYLINDRICAL_SURFACE('',#12886,0.02);
#11512=CYLINDRICAL_SURFACE('',#12887,0.02);
#11513=CYLINDRICAL_SURFACE('',#12888,0.02);
#11514=CYLINDRICAL_SURFACE('',#12889,0.02);
#11515=CYLINDRICAL_SURFACE('',#12890,0.02);
#11516=CYLINDRICAL_SURFACE('',#12891,0.02);
#11517=CYLINDRICAL_SURFACE('',#12892,0.02);
#11518=CYLINDRICAL_SURFACE('',#12893,0.02);
#11519=CYLINDRICAL_SURFACE('',#12920,0.02);
#11520=CYLINDRICAL_SURFACE('',#12929,0.02);
#11521=CYLINDRICAL_SURFACE('',#12930,0.02);
#11522=CYLINDRICAL_SURFACE('',#12935,0.02);
#11523=CYLINDRICAL_SURFACE('',#12936,0.02);
#11524=CYLINDRICAL_SURFACE('',#12937,0.02);
#11525=CYLINDRICAL_SURFACE('',#12938,0.02);
#11526=CYLINDRICAL_SURFACE('',#12939,0.02);
#11527=CYLINDRICAL_SURFACE('',#12940,0.02);
#11528=CYLINDRICAL_SURFACE('',#12941,0.02);
#11529=CYLINDRICAL_SURFACE('',#12942,0.02);
#11530=CYLINDRICAL_SURFACE('',#12943,0.02);
#11531=CYLINDRICAL_SURFACE('',#12965,0.0499999999999997);
#11532=CYLINDRICAL_SURFACE('',#12969,0.0499999999999997);
#11533=CYLINDRICAL_SURFACE('',#12972,0.0500000000000001);
#11534=CYLINDRICAL_SURFACE('',#12976,0.0500000000000001);
#11535=CYLINDRICAL_SURFACE('',#12979,0.0499999999999997);
#11536=CYLINDRICAL_SURFACE('',#12983,0.0499999999999997);
#11537=CYLINDRICAL_SURFACE('',#12989,0.1);
#11538=CYLINDRICAL_SURFACE('',#12993,0.0999999999999998);
#11539=CYLINDRICAL_SURFACE('',#13006,0.1);
#11540=CYLINDRICAL_SURFACE('',#13010,0.1);
#11541=CYLINDRICAL_SURFACE('',#13014,0.100000000000001);
#11542=CYLINDRICAL_SURFACE('',#13019,0.1);
#11543=CYLINDRICAL_SURFACE('',#13023,0.0999999999999999);
#11544=CYLINDRICAL_SURFACE('',#13027,0.0999999999999999);
#11545=CYLINDRICAL_SURFACE('',#13038,0.1);
#11546=CYLINDRICAL_SURFACE('',#13042,0.1);
#11547=CYLINDRICAL_SURFACE('',#13046,0.100000000000001);
#11548=CYLINDRICAL_SURFACE('',#13051,0.1);
#11549=CYLINDRICAL_SURFACE('',#13055,0.0999999999999999);
#11550=CYLINDRICAL_SURFACE('',#13059,0.0999999999999999);
#11551=CYLINDRICAL_SURFACE('',#13070,0.1);
#11552=CYLINDRICAL_SURFACE('',#13074,0.1);
#11553=CYLINDRICAL_SURFACE('',#13078,0.100000000000001);
#11554=CYLINDRICAL_SURFACE('',#13083,0.1);
#11555=CYLINDRICAL_SURFACE('',#13087,0.0999999999999999);
#11556=CYLINDRICAL_SURFACE('',#13091,0.0999999999999999);
#11557=CYLINDRICAL_SURFACE('',#13102,0.0499999999999997);
#11558=CYLINDRICAL_SURFACE('',#13106,0.0499999999999997);
#11559=CYLINDRICAL_SURFACE('',#13109,0.0500000000000001);
#11560=CYLINDRICAL_SURFACE('',#13113,0.0500000000000001);
#11561=CYLINDRICAL_SURFACE('',#13116,0.0499999999999997);
#11562=CYLINDRICAL_SURFACE('',#13120,0.0499999999999997);
#11563=CYLINDRICAL_SURFACE('',#13126,0.1);
#11564=CYLINDRICAL_SURFACE('',#13130,0.0999999999999998);
#11565=CYLINDRICAL_SURFACE('',#13143,0.1);
#11566=CYLINDRICAL_SURFACE('',#13147,0.1);
#11567=CYLINDRICAL_SURFACE('',#13151,0.100000000000001);
#11568=CYLINDRICAL_SURFACE('',#13156,0.1);
#11569=CYLINDRICAL_SURFACE('',#13160,0.0999999999999999);
#11570=CYLINDRICAL_SURFACE('',#13164,0.0999999999999999);
#11571=CYLINDRICAL_SURFACE('',#13281,0.024);
#11572=CYLINDRICAL_SURFACE('',#13298,0.024);
#11573=CYLINDRICAL_SURFACE('',#13299,0.024);
#11574=CYLINDRICAL_SURFACE('',#13308,0.024);
#11575=CYLINDRICAL_SURFACE('',#13309,0.024);
#11576=CYLINDRICAL_SURFACE('',#13310,0.024);
#11577=CYLINDRICAL_SURFACE('',#13311,0.024);
#11578=CYLINDRICAL_SURFACE('',#13312,0.024);
#11579=CYLINDRICAL_SURFACE('',#13313,0.024);
#11580=CYLINDRICAL_SURFACE('',#13314,0.024);
#11581=CYLINDRICAL_SURFACE('',#13315,0.024);
#11582=CYLINDRICAL_SURFACE('',#13316,0.024);
#11583=CYLINDRICAL_SURFACE('',#13330,0.024);
#11584=CYLINDRICAL_SURFACE('',#13347,0.024);
#11585=CYLINDRICAL_SURFACE('',#13348,0.024);
#11586=CYLINDRICAL_SURFACE('',#13357,0.024);
#11587=CYLINDRICAL_SURFACE('',#13358,0.024);
#11588=CYLINDRICAL_SURFACE('',#13359,0.024);
#11589=CYLINDRICAL_SURFACE('',#13360,0.024);
#11590=CYLINDRICAL_SURFACE('',#13361,0.024);
#11591=CYLINDRICAL_SURFACE('',#13362,0.024);
#11592=CYLINDRICAL_SURFACE('',#13363,0.024);
#11593=CYLINDRICAL_SURFACE('',#13364,0.024);
#11594=CYLINDRICAL_SURFACE('',#13365,0.024);
#11595=CYLINDRICAL_SURFACE('',#13419,0.001);
#11596=CYLINDRICAL_SURFACE('',#13428,0.001);
#11597=CYLINDRICAL_SURFACE('',#13429,0.001);
#11598=CYLINDRICAL_SURFACE('',#13434,0.001);
#11599=CYLINDRICAL_SURFACE('',#13435,0.001);
#11600=CYLINDRICAL_SURFACE('',#13436,0.001);
#11601=CYLINDRICAL_SURFACE('',#13437,0.001);
#11602=CYLINDRICAL_SURFACE('',#13438,0.001);
#11603=CYLINDRICAL_SURFACE('',#13439,0.001);
#11604=CYLINDRICAL_SURFACE('',#13440,0.001);
#11605=CYLINDRICAL_SURFACE('',#13441,0.001);
#11606=CYLINDRICAL_SURFACE('',#13442,0.001);
#11607=CYLINDRICAL_SURFACE('',#13484,0.001);
#11608=CYLINDRICAL_SURFACE('',#13493,0.001);
#11609=CYLINDRICAL_SURFACE('',#13494,0.001);
#11610=CYLINDRICAL_SURFACE('',#13499,0.001);
#11611=CYLINDRICAL_SURFACE('',#13500,0.001);
#11612=CYLINDRICAL_SURFACE('',#13501,0.001);
#11613=CYLINDRICAL_SURFACE('',#13502,0.001);
#11614=CYLINDRICAL_SURFACE('',#13503,0.001);
#11615=CYLINDRICAL_SURFACE('',#13504,0.001);
#11616=CYLINDRICAL_SURFACE('',#13505,0.001);
#11617=CYLINDRICAL_SURFACE('',#13506,0.001);
#11618=CYLINDRICAL_SURFACE('',#13507,0.001);
#11619=CYLINDRICAL_SURFACE('',#13535,0.024);
#11620=CYLINDRICAL_SURFACE('',#13552,0.024);
#11621=CYLINDRICAL_SURFACE('',#13553,0.024);
#11622=CYLINDRICAL_SURFACE('',#13562,0.024);
#11623=CYLINDRICAL_SURFACE('',#13563,0.024);
#11624=CYLINDRICAL_SURFACE('',#13564,0.024);
#11625=CYLINDRICAL_SURFACE('',#13565,0.024);
#11626=CYLINDRICAL_SURFACE('',#13566,0.024);
#11627=CYLINDRICAL_SURFACE('',#13567,0.024);
#11628=CYLINDRICAL_SURFACE('',#13568,0.024);
#11629=CYLINDRICAL_SURFACE('',#13569,0.024);
#11630=CYLINDRICAL_SURFACE('',#13570,0.024);
#11631=CYLINDRICAL_SURFACE('',#13584,0.024);
#11632=CYLINDRICAL_SURFACE('',#13601,0.024);
#11633=CYLINDRICAL_SURFACE('',#13602,0.024);
#11634=CYLINDRICAL_SURFACE('',#13611,0.024);
#11635=CYLINDRICAL_SURFACE('',#13612,0.024);
#11636=CYLINDRICAL_SURFACE('',#13613,0.024);
#11637=CYLINDRICAL_SURFACE('',#13614,0.024);
#11638=CYLINDRICAL_SURFACE('',#13615,0.024);
#11639=CYLINDRICAL_SURFACE('',#13616,0.024);
#11640=CYLINDRICAL_SURFACE('',#13617,0.024);
#11641=CYLINDRICAL_SURFACE('',#13618,0.024);
#11642=CYLINDRICAL_SURFACE('',#13619,0.024);
#11643=ADVANCED_FACE('',(#923),#11453,.F.);
#11644=ADVANCED_FACE('',(#924),#11454,.F.);
#11645=ADVANCED_FACE('',(#925),#11455,.F.);
#11646=ADVANCED_FACE('',(#926),#11456,.F.);
#11647=ADVANCED_FACE('',(#927),#11457,.F.);
#11648=ADVANCED_FACE('',(#928),#11458,.F.);
#11649=ADVANCED_FACE('',(#929),#11459,.F.);
#11650=ADVANCED_FACE('',(#930),#11460,.F.);
#11651=ADVANCED_FACE('',(#931),#11461,.F.);
#11652=ADVANCED_FACE('',(#932),#11462,.F.);
#11653=ADVANCED_FACE('',(#933),#11463,.F.);
#11654=ADVANCED_FACE('',(#934),#11464,.F.);
#11655=ADVANCED_FACE('',(#935),#11465,.F.);
#11656=ADVANCED_FACE('',(#936),#11466,.F.);
#11657=ADVANCED_FACE('',(#937),#11467,.F.);
#11658=ADVANCED_FACE('',(#938),#11468,.F.);
#11659=ADVANCED_FACE('',(#939),#11469,.F.);
#11660=ADVANCED_FACE('',(#940),#11470,.F.);
#11661=ADVANCED_FACE('',(#941),#11471,.F.);
#11662=ADVANCED_FACE('',(#942),#11472,.F.);
#11663=ADVANCED_FACE('',(#943),#11473,.F.);
#11664=ADVANCED_FACE('',(#944),#11474,.F.);
#11665=ADVANCED_FACE('',(#945),#11475,.F.);
#11666=ADVANCED_FACE('',(#946),#11476,.F.);
#11667=ADVANCED_FACE('',(#947),#467,.T.);
#11668=ADVANCED_FACE('',(#948),#468,.T.);
#11669=ADVANCED_FACE('',(#949),#469,.T.);
#11670=ADVANCED_FACE('',(#950),#470,.T.);
#11671=ADVANCED_FACE('',(#951,#413,#414,#415,#416,#417,#418,#419,#420,#421,
#422,#423,#424,#425,#426,#427,#428,#429,#430,#431,#432,#433),#471,.T.);
#11672=ADVANCED_FACE('',(#952,#434,#435,#436,#437,#438,#439,#440,#441,#442,
#443,#444,#445,#446,#447,#448,#449,#450,#451,#452,#453,#454),#472,.F.);
#11673=ADVANCED_FACE('',(#953),#11477,.T.);
#11674=ADVANCED_FACE('',(#954),#11478,.T.);
#11675=ADVANCED_FACE('',(#955),#473,.T.);
#11676=ADVANCED_FACE('',(#956),#11479,.T.);
#11677=ADVANCED_FACE('',(#957),#474,.T.);
#11678=ADVANCED_FACE('',(#958),#11480,.T.);
#11679=ADVANCED_FACE('',(#959),#475,.T.);
#11680=ADVANCED_FACE('',(#960),#476,.F.);
#11681=ADVANCED_FACE('',(#961),#477,.F.);
#11682=ADVANCED_FACE('',(#962),#478,.T.);
#11683=ADVANCED_FACE('',(#963),#479,.F.);
#11684=ADVANCED_FACE('',(#964),#480,.F.);
#11685=ADVANCED_FACE('',(#965),#481,.F.);
#11686=ADVANCED_FACE('',(#966),#11481,.F.);
#11687=ADVANCED_FACE('',(#967),#11482,.F.);
#11688=ADVANCED_FACE('',(#968),#482,.F.);
#11689=ADVANCED_FACE('',(#969),#483,.F.);
#11690=ADVANCED_FACE('',(#970),#484,.F.);
#11691=ADVANCED_FACE('',(#971),#485,.T.);
#11692=ADVANCED_FACE('',(#972),#486,.F.);
#11693=ADVANCED_FACE('',(#973),#487,.T.);
#11694=ADVANCED_FACE('',(#974),#488,.F.);
#11695=ADVANCED_FACE('',(#975),#11483,.F.);
#11696=ADVANCED_FACE('',(#976),#489,.F.);
#11697=ADVANCED_FACE('',(#977),#490,.F.);
#11698=ADVANCED_FACE('',(#978),#491,.F.);
#11699=ADVANCED_FACE('',(#979),#492,.F.);
#11700=ADVANCED_FACE('',(#980),#493,.F.);
#11701=ADVANCED_FACE('',(#981),#494,.F.);
#11702=ADVANCED_FACE('',(#982),#495,.F.);
#11703=ADVANCED_FACE('',(#983),#496,.F.);
#11704=ADVANCED_FACE('',(#984),#497,.T.);
#11705=ADVANCED_FACE('',(#985),#498,.F.);
#11706=ADVANCED_FACE('',(#986),#11484,.F.);
#11707=ADVANCED_FACE('',(#987),#11485,.T.);
#11708=ADVANCED_FACE('',(#988),#499,.F.);
#11709=ADVANCED_FACE('',(#989),#500,.F.);
#11710=ADVANCED_FACE('',(#990),#501,.F.);
#11711=ADVANCED_FACE('',(#991),#502,.F.);
#11712=ADVANCED_FACE('',(#992),#503,.F.);
#11713=ADVANCED_FACE('',(#993),#504,.F.);
#11714=ADVANCED_FACE('',(#994),#505,.T.);
#11715=ADVANCED_FACE('',(#995),#506,.F.);
#11716=ADVANCED_FACE('',(#996),#11486,.F.);
#11717=ADVANCED_FACE('',(#997),#11487,.T.);
#11718=ADVANCED_FACE('',(#998),#507,.F.);
#11719=ADVANCED_FACE('',(#999),#508,.F.);
#11720=ADVANCED_FACE('',(#1000),#509,.F.);
#11721=ADVANCED_FACE('',(#1001),#510,.F.);
#11722=ADVANCED_FACE('',(#1002),#511,.F.);
#11723=ADVANCED_FACE('',(#1003),#512,.F.);
#11724=ADVANCED_FACE('',(#1004),#513,.T.);
#11725=ADVANCED_FACE('',(#1005),#514,.F.);
#11726=ADVANCED_FACE('',(#1006),#11488,.F.);
#11727=ADVANCED_FACE('',(#1007),#11489,.T.);
#11728=ADVANCED_FACE('',(#1008),#11490,.F.);
#11729=ADVANCED_FACE('',(#1009),#515,.T.);
#11730=ADVANCED_FACE('',(#1010),#516,.T.);
#11731=ADVANCED_FACE('',(#1011),#517,.T.);
#11732=ADVANCED_FACE('',(#1012),#518,.T.);
#11733=ADVANCED_FACE('',(#1013),#519,.T.);
#11734=ADVANCED_FACE('',(#1014),#520,.T.);
#11735=ADVANCED_FACE('',(#1015),#521,.T.);
#11736=ADVANCED_FACE('',(#1016,#455),#522,.T.);
#11737=ADVANCED_FACE('',(#1017),#523,.T.);
#11738=ADVANCED_FACE('',(#1018),#524,.T.);
#11739=ADVANCED_FACE('',(#1019),#525,.T.);
#11740=ADVANCED_FACE('',(#1020),#526,.T.);
#11741=ADVANCED_FACE('',(#1021),#527,.T.);
#11742=ADVANCED_FACE('',(#1022),#528,.T.);
#11743=ADVANCED_FACE('',(#1023),#529,.T.);
#11744=ADVANCED_FACE('',(#1024),#530,.T.);
#11745=ADVANCED_FACE('',(#1025),#531,.F.);
#11746=ADVANCED_FACE('',(#1026),#532,.T.);
#11747=ADVANCED_FACE('',(#1027),#533,.T.);
#11748=ADVANCED_FACE('',(#1028),#11491,.T.);
#11749=ADVANCED_FACE('',(#1029),#534,.T.);
#11750=ADVANCED_FACE('',(#1030),#11492,.T.);
#11751=ADVANCED_FACE('',(#1031),#535,.T.);
#11752=ADVANCED_FACE('',(#1032),#536,.T.);
#11753=ADVANCED_FACE('',(#1033),#537,.F.);
#11754=ADVANCED_FACE('',(#1034),#538,.F.);
#11755=ADVANCED_FACE('',(#1035),#539,.F.);
#11756=ADVANCED_FACE('',(#1036),#11493,.T.);
#11757=ADVANCED_FACE('',(#1037),#540,.F.);
#11758=ADVANCED_FACE('',(#1038),#11494,.T.);
#11759=ADVANCED_FACE('',(#1039),#541,.F.);
#11760=ADVANCED_FACE('',(#1040),#542,.F.);
#11761=ADVANCED_FACE('',(#1041),#543,.T.);
#11762=ADVANCED_FACE('',(#1042),#544,.T.);
#11763=ADVANCED_FACE('',(#1043),#545,.T.);
#11764=ADVANCED_FACE('',(#1044),#11495,.T.);
#11765=ADVANCED_FACE('',(#1045),#546,.T.);
#11766=ADVANCED_FACE('',(#1046),#11496,.T.);
#11767=ADVANCED_FACE('',(#1047),#547,.T.);
#11768=ADVANCED_FACE('',(#1048),#548,.T.);
#11769=ADVANCED_FACE('',(#1049),#549,.F.);
#11770=ADVANCED_FACE('',(#1050),#550,.T.);
#11771=ADVANCED_FACE('',(#1051),#551,.T.);
#11772=ADVANCED_FACE('',(#1052),#11497,.T.);
#11773=ADVANCED_FACE('',(#1053),#552,.T.);
#11774=ADVANCED_FACE('',(#1054),#11498,.T.);
#11775=ADVANCED_FACE('',(#1055),#553,.T.);
#11776=ADVANCED_FACE('',(#1056),#554,.T.);
#11777=ADVANCED_FACE('',(#1057),#555,.F.);
#11778=ADVANCED_FACE('',(#1058),#556,.T.);
#11779=ADVANCED_FACE('',(#1059),#557,.T.);
#11780=ADVANCED_FACE('',(#1060),#11499,.T.);
#11781=ADVANCED_FACE('',(#1061),#558,.T.);
#11782=ADVANCED_FACE('',(#1062),#11500,.T.);
#11783=ADVANCED_FACE('',(#1063),#559,.T.);
#11784=ADVANCED_FACE('',(#1064),#560,.T.);
#11785=ADVANCED_FACE('',(#1065),#561,.F.);
#11786=ADVANCED_FACE('',(#1066),#562,.F.);
#11787=ADVANCED_FACE('',(#1067),#563,.F.);
#11788=ADVANCED_FACE('',(#1068),#11501,.T.);
#11789=ADVANCED_FACE('',(#1069),#564,.F.);
#11790=ADVANCED_FACE('',(#1070),#11502,.T.);
#11791=ADVANCED_FACE('',(#1071),#565,.F.);
#11792=ADVANCED_FACE('',(#1072),#566,.F.);
#11793=ADVANCED_FACE('',(#1073),#567,.T.);
#11794=ADVANCED_FACE('',(#1074),#568,.F.);
#11795=ADVANCED_FACE('',(#1075),#569,.F.);
#11796=ADVANCED_FACE('',(#1076),#11503,.T.);
#11797=ADVANCED_FACE('',(#1077),#570,.F.);
#11798=ADVANCED_FACE('',(#1078),#11504,.T.);
#11799=ADVANCED_FACE('',(#1079),#571,.F.);
#11800=ADVANCED_FACE('',(#1080),#572,.F.);
#11801=ADVANCED_FACE('',(#1081),#573,.T.);
#11802=ADVANCED_FACE('',(#1082),#574,.F.);
#11803=ADVANCED_FACE('',(#1083),#575,.F.);
#11804=ADVANCED_FACE('',(#1084),#11505,.T.);
#11805=ADVANCED_FACE('',(#1085),#576,.F.);
#11806=ADVANCED_FACE('',(#1086),#11506,.T.);
#11807=ADVANCED_FACE('',(#1087),#577,.F.);
#11808=ADVANCED_FACE('',(#1088),#578,.F.);
#11809=ADVANCED_FACE('',(#1089),#579,.T.);
#11810=ADVANCED_FACE('',(#1090),#580,.F.);
#11811=ADVANCED_FACE('',(#1091),#581,.F.);
#11812=ADVANCED_FACE('',(#1092),#582,.F.);
#11813=ADVANCED_FACE('',(#1093),#583,.F.);
#11814=ADVANCED_FACE('',(#1094),#584,.F.);
#11815=ADVANCED_FACE('',(#1095),#585,.T.);
#11816=ADVANCED_FACE('',(#1096),#586,.T.);
#11817=ADVANCED_FACE('',(#1097),#587,.T.);
#11818=ADVANCED_FACE('',(#1098),#588,.T.);
#11819=ADVANCED_FACE('',(#1099),#589,.T.);
#11820=ADVANCED_FACE('',(#1100),#590,.T.);
#11821=ADVANCED_FACE('',(#1101),#591,.F.);
#11822=ADVANCED_FACE('',(#1102),#592,.T.);
#11823=ADVANCED_FACE('',(#1103),#593,.T.);
#11824=ADVANCED_FACE('',(#1104),#594,.T.);
#11825=ADVANCED_FACE('',(#1105),#595,.T.);
#11826=ADVANCED_FACE('',(#1106),#596,.T.);
#11827=ADVANCED_FACE('',(#1107),#597,.F.);
#11828=ADVANCED_FACE('',(#1108),#598,.T.);
#11829=ADVANCED_FACE('',(#1109),#599,.T.);
#11830=ADVANCED_FACE('',(#1110),#600,.T.);
#11831=ADVANCED_FACE('',(#1111),#601,.T.);
#11832=ADVANCED_FACE('',(#1112),#602,.T.);
#11833=ADVANCED_FACE('',(#1113),#603,.F.);
#11834=ADVANCED_FACE('',(#1114),#604,.F.);
#11835=ADVANCED_FACE('',(#1115),#605,.F.);
#11836=ADVANCED_FACE('',(#1116),#606,.F.);
#11837=ADVANCED_FACE('',(#1117),#607,.F.);
#11838=ADVANCED_FACE('',(#1118),#608,.F.);
#11839=ADVANCED_FACE('',(#1119),#609,.T.);
#11840=ADVANCED_FACE('',(#1120),#610,.F.);
#11841=ADVANCED_FACE('',(#1121),#611,.F.);
#11842=ADVANCED_FACE('',(#1122),#612,.F.);
#11843=ADVANCED_FACE('',(#1123),#613,.F.);
#11844=ADVANCED_FACE('',(#1124),#614,.F.);
#11845=ADVANCED_FACE('',(#1125),#615,.T.);
#11846=ADVANCED_FACE('',(#1126),#616,.F.);
#11847=ADVANCED_FACE('',(#1127),#617,.F.);
#11848=ADVANCED_FACE('',(#1128),#618,.F.);
#11849=ADVANCED_FACE('',(#1129),#619,.F.);
#11850=ADVANCED_FACE('',(#1130),#620,.F.);
#11851=ADVANCED_FACE('',(#1131),#621,.T.);
#11852=ADVANCED_FACE('',(#1132),#622,.T.);
#11853=ADVANCED_FACE('',(#1133),#623,.T.);
#11854=ADVANCED_FACE('',(#1134),#624,.T.);
#11855=ADVANCED_FACE('',(#1135),#625,.T.);
#11856=ADVANCED_FACE('',(#1136),#626,.T.);
#11857=ADVANCED_FACE('',(#1137),#627,.F.);
#11858=ADVANCED_FACE('',(#1138),#14,.T.);
#11859=ADVANCED_FACE('',(#1139),#15,.T.);
#11860=ADVANCED_FACE('',(#1140),#16,.T.);
#11861=ADVANCED_FACE('',(#1141),#17,.T.);
#11862=ADVANCED_FACE('',(#1142),#18,.T.);
#11863=ADVANCED_FACE('',(#1143),#11507,.T.);
#11864=ADVANCED_FACE('',(#1144),#19,.T.);
#11865=ADVANCED_FACE('',(#1145),#20,.T.);
#11866=ADVANCED_FACE('',(#1146),#11508,.T.);
#11867=ADVANCED_FACE('',(#1147),#11509,.T.);
#11868=ADVANCED_FACE('',(#1148),#21,.T.);
#11869=ADVANCED_FACE('',(#1149),#11510,.T.);
#11870=ADVANCED_FACE('',(#1150),#11511,.T.);
#11871=ADVANCED_FACE('',(#1151),#11512,.T.);
#11872=ADVANCED_FACE('',(#1152),#11513,.T.);
#11873=ADVANCED_FACE('',(#1153),#11514,.T.);
#11874=ADVANCED_FACE('',(#1154),#11515,.T.);
#11875=ADVANCED_FACE('',(#1155),#11516,.T.);
#11876=ADVANCED_FACE('',(#1156),#11517,.T.);
#11877=ADVANCED_FACE('',(#1157),#11518,.T.);
#11878=ADVANCED_FACE('',(#1158),#628,.T.);
#11879=ADVANCED_FACE('',(#1159),#629,.F.);
#11880=ADVANCED_FACE('',(#1160),#630,.T.);
#11881=ADVANCED_FACE('',(#1161),#631,.T.);
#11882=ADVANCED_FACE('',(#1162),#632,.T.);
#11883=ADVANCED_FACE('',(#1163),#633,.T.);
#11884=ADVANCED_FACE('',(#1164),#22,.T.);
#11885=ADVANCED_FACE('',(#1165),#23,.T.);
#11886=ADVANCED_FACE('',(#1166),#24,.T.);
#11887=ADVANCED_FACE('',(#1167),#25,.T.);
#11888=ADVANCED_FACE('',(#1168),#26,.T.);
#11889=ADVANCED_FACE('',(#1169),#11519,.T.);
#11890=ADVANCED_FACE('',(#1170),#27,.T.);
#11891=ADVANCED_FACE('',(#1171),#28,.T.);
#11892=ADVANCED_FACE('',(#1172),#11520,.T.);
#11893=ADVANCED_FACE('',(#1173),#11521,.T.);
#11894=ADVANCED_FACE('',(#1174),#29,.T.);
#11895=ADVANCED_FACE('',(#1175),#11522,.T.);
#11896=ADVANCED_FACE('',(#1176),#11523,.T.);
#11897=ADVANCED_FACE('',(#1177),#11524,.T.);
#11898=ADVANCED_FACE('',(#1178),#11525,.T.);
#11899=ADVANCED_FACE('',(#1179),#11526,.T.);
#11900=ADVANCED_FACE('',(#1180),#11527,.T.);
#11901=ADVANCED_FACE('',(#1181),#11528,.T.);
#11902=ADVANCED_FACE('',(#1182),#11529,.T.);
#11903=ADVANCED_FACE('',(#1183),#11530,.T.);
#11904=ADVANCED_FACE('',(#1184),#634,.T.);
#11905=ADVANCED_FACE('',(#1185),#635,.F.);
#11906=ADVANCED_FACE('',(#1186),#636,.T.);
#11907=ADVANCED_FACE('',(#1187),#637,.T.);
#11908=ADVANCED_FACE('',(#1188),#638,.T.);
#11909=ADVANCED_FACE('',(#1189),#639,.T.);
#11910=ADVANCED_FACE('',(#1190),#640,.T.);
#11911=ADVANCED_FACE('',(#1191),#641,.T.);
#11912=ADVANCED_FACE('',(#1192),#642,.T.);
#11913=ADVANCED_FACE('',(#1193),#643,.T.);
#11914=ADVANCED_FACE('',(#1194),#644,.T.);
#11915=ADVANCED_FACE('',(#1195),#645,.F.);
#11916=ADVANCED_FACE('',(#1196),#646,.F.);
#11917=ADVANCED_FACE('',(#1197),#647,.F.);
#11918=ADVANCED_FACE('',(#1198),#648,.F.);
#11919=ADVANCED_FACE('',(#1199),#649,.F.);
#11920=ADVANCED_FACE('',(#1200),#650,.F.);
#11921=ADVANCED_FACE('',(#1201),#11531,.F.);
#11922=ADVANCED_FACE('',(#1202),#651,.F.);
#11923=ADVANCED_FACE('',(#1203),#11532,.F.);
#11924=ADVANCED_FACE('',(#1204),#11533,.T.);
#11925=ADVANCED_FACE('',(#1205),#652,.F.);
#11926=ADVANCED_FACE('',(#1206),#11534,.T.);
#11927=ADVANCED_FACE('',(#1207),#11535,.F.);
#11928=ADVANCED_FACE('',(#1208),#653,.F.);
#11929=ADVANCED_FACE('',(#1209),#11536,.F.);
#11930=ADVANCED_FACE('',(#1210),#654,.F.);
#11931=ADVANCED_FACE('',(#1211),#655,.F.);
#11932=ADVANCED_FACE('',(#1212),#656,.F.);
#11933=ADVANCED_FACE('',(#1213),#11537,.T.);
#11934=ADVANCED_FACE('',(#1214),#657,.F.);
#11935=ADVANCED_FACE('',(#1215),#11538,.T.);
#11936=ADVANCED_FACE('',(#1216),#658,.F.);
#11937=ADVANCED_FACE('',(#1217),#659,.F.);
#11938=ADVANCED_FACE('',(#1218),#660,.F.);
#11939=ADVANCED_FACE('',(#1219),#661,.F.);
#11940=ADVANCED_FACE('',(#1220),#662,.T.);
#11941=ADVANCED_FACE('',(#1221),#663,.F.);
#11942=ADVANCED_FACE('',(#1222),#664,.F.);
#11943=ADVANCED_FACE('',(#1223),#665,.F.);
#11944=ADVANCED_FACE('',(#1224),#666,.F.);
#11945=ADVANCED_FACE('',(#1225),#667,.F.);
#11946=ADVANCED_FACE('',(#1226),#11539,.T.);
#11947=ADVANCED_FACE('',(#1227),#668,.F.);
#11948=ADVANCED_FACE('',(#1228),#11540,.T.);
#11949=ADVANCED_FACE('',(#1229),#669,.F.);
#11950=ADVANCED_FACE('',(#1230),#11541,.T.);
#11951=ADVANCED_FACE('',(#1231),#670,.F.);
#11952=ADVANCED_FACE('',(#1232),#671,.F.);
#11953=ADVANCED_FACE('',(#1233),#11542,.F.);
#11954=ADVANCED_FACE('',(#1234),#672,.F.);
#11955=ADVANCED_FACE('',(#1235),#11543,.T.);
#11956=ADVANCED_FACE('',(#1236),#673,.F.);
#11957=ADVANCED_FACE('',(#1237),#11544,.T.);
#11958=ADVANCED_FACE('',(#1238),#674,.F.);
#11959=ADVANCED_FACE('',(#1239),#675,.F.);
#11960=ADVANCED_FACE('',(#1240),#676,.T.);
#11961=ADVANCED_FACE('',(#1241),#677,.F.);
#11962=ADVANCED_FACE('',(#1242),#678,.F.);
#11963=ADVANCED_FACE('',(#1243),#679,.F.);
#11964=ADVANCED_FACE('',(#1244),#680,.F.);
#11965=ADVANCED_FACE('',(#1245),#681,.F.);
#11966=ADVANCED_FACE('',(#1246),#11545,.T.);
#11967=ADVANCED_FACE('',(#1247),#682,.F.);
#11968=ADVANCED_FACE('',(#1248),#11546,.T.);
#11969=ADVANCED_FACE('',(#1249),#683,.F.);
#11970=ADVANCED_FACE('',(#1250),#11547,.T.);
#11971=ADVANCED_FACE('',(#1251),#684,.F.);
#11972=ADVANCED_FACE('',(#1252),#685,.F.);
#11973=ADVANCED_FACE('',(#1253),#11548,.F.);
#11974=ADVANCED_FACE('',(#1254),#686,.F.);
#11975=ADVANCED_FACE('',(#1255),#11549,.T.);
#11976=ADVANCED_FACE('',(#1256),#687,.F.);
#11977=ADVANCED_FACE('',(#1257),#11550,.T.);
#11978=ADVANCED_FACE('',(#1258),#688,.F.);
#11979=ADVANCED_FACE('',(#1259),#689,.F.);
#11980=ADVANCED_FACE('',(#1260),#690,.T.);
#11981=ADVANCED_FACE('',(#1261),#691,.F.);
#11982=ADVANCED_FACE('',(#1262),#692,.F.);
#11983=ADVANCED_FACE('',(#1263),#693,.F.);
#11984=ADVANCED_FACE('',(#1264),#694,.F.);
#11985=ADVANCED_FACE('',(#1265),#695,.F.);
#11986=ADVANCED_FACE('',(#1266),#11551,.T.);
#11987=ADVANCED_FACE('',(#1267),#696,.F.);
#11988=ADVANCED_FACE('',(#1268),#11552,.T.);
#11989=ADVANCED_FACE('',(#1269),#697,.F.);
#11990=ADVANCED_FACE('',(#1270),#11553,.T.);
#11991=ADVANCED_FACE('',(#1271),#698,.F.);
#11992=ADVANCED_FACE('',(#1272),#699,.F.);
#11993=ADVANCED_FACE('',(#1273),#11554,.F.);
#11994=ADVANCED_FACE('',(#1274),#700,.F.);
#11995=ADVANCED_FACE('',(#1275),#11555,.T.);
#11996=ADVANCED_FACE('',(#1276),#701,.F.);
#11997=ADVANCED_FACE('',(#1277),#11556,.T.);
#11998=ADVANCED_FACE('',(#1278),#702,.F.);
#11999=ADVANCED_FACE('',(#1279),#703,.F.);
#12000=ADVANCED_FACE('',(#1280),#704,.T.);
#12001=ADVANCED_FACE('',(#1281),#705,.F.);
#12002=ADVANCED_FACE('',(#1282),#706,.F.);
#12003=ADVANCED_FACE('',(#1283),#707,.F.);
#12004=ADVANCED_FACE('',(#1284),#708,.F.);
#12005=ADVANCED_FACE('',(#1285),#709,.F.);
#12006=ADVANCED_FACE('',(#1286),#11557,.F.);
#12007=ADVANCED_FACE('',(#1287),#710,.F.);
#12008=ADVANCED_FACE('',(#1288),#11558,.F.);
#12009=ADVANCED_FACE('',(#1289),#11559,.T.);
#12010=ADVANCED_FACE('',(#1290),#711,.F.);
#12011=ADVANCED_FACE('',(#1291),#11560,.T.);
#12012=ADVANCED_FACE('',(#1292),#11561,.F.);
#12013=ADVANCED_FACE('',(#1293),#712,.F.);
#12014=ADVANCED_FACE('',(#1294),#11562,.F.);
#12015=ADVANCED_FACE('',(#1295),#713,.F.);
#12016=ADVANCED_FACE('',(#1296),#714,.F.);
#12017=ADVANCED_FACE('',(#1297),#715,.F.);
#12018=ADVANCED_FACE('',(#1298),#11563,.T.);
#12019=ADVANCED_FACE('',(#1299),#716,.F.);
#12020=ADVANCED_FACE('',(#1300),#11564,.T.);
#12021=ADVANCED_FACE('',(#1301),#717,.F.);
#12022=ADVANCED_FACE('',(#1302),#718,.F.);
#12023=ADVANCED_FACE('',(#1303),#719,.F.);
#12024=ADVANCED_FACE('',(#1304),#720,.F.);
#12025=ADVANCED_FACE('',(#1305),#721,.T.);
#12026=ADVANCED_FACE('',(#1306),#722,.F.);
#12027=ADVANCED_FACE('',(#1307),#723,.F.);
#12028=ADVANCED_FACE('',(#1308),#724,.F.);
#12029=ADVANCED_FACE('',(#1309),#725,.F.);
#12030=ADVANCED_FACE('',(#1310),#726,.F.);
#12031=ADVANCED_FACE('',(#1311),#11565,.T.);
#12032=ADVANCED_FACE('',(#1312),#727,.F.);
#12033=ADVANCED_FACE('',(#1313),#11566,.T.);
#12034=ADVANCED_FACE('',(#1314),#728,.F.);
#12035=ADVANCED_FACE('',(#1315),#11567,.T.);
#12036=ADVANCED_FACE('',(#1316),#729,.F.);
#12037=ADVANCED_FACE('',(#1317),#730,.F.);
#12038=ADVANCED_FACE('',(#1318),#11568,.F.);
#12039=ADVANCED_FACE('',(#1319),#731,.F.);
#12040=ADVANCED_FACE('',(#1320),#11569,.T.);
#12041=ADVANCED_FACE('',(#1321),#732,.F.);
#12042=ADVANCED_FACE('',(#1322),#11570,.T.);
#12043=ADVANCED_FACE('',(#1323),#733,.F.);
#12044=ADVANCED_FACE('',(#1324),#734,.F.);
#12045=ADVANCED_FACE('',(#1325),#735,.T.);
#12046=ADVANCED_FACE('',(#1326),#736,.F.);
#12047=ADVANCED_FACE('',(#1327,#456),#737,.F.);
#12048=ADVANCED_FACE('',(#1328),#738,.F.);
#12049=ADVANCED_FACE('',(#1329,#457,#458,#459,#460),#739,.T.);
#12050=ADVANCED_FACE('',(#1330),#740,.F.);
#12051=ADVANCED_FACE('',(#1331),#741,.F.);
#12052=ADVANCED_FACE('',(#1332),#742,.T.);
#12053=ADVANCED_FACE('',(#1333),#743,.F.);
#12054=ADVANCED_FACE('',(#1334),#744,.F.);
#12055=ADVANCED_FACE('',(#1335),#745,.F.);
#12056=ADVANCED_FACE('',(#1336),#746,.F.);
#12057=ADVANCED_FACE('',(#1337),#747,.F.);
#12058=ADVANCED_FACE('',(#1338),#748,.F.);
#12059=ADVANCED_FACE('',(#1339),#749,.F.);
#12060=ADVANCED_FACE('',(#1340),#750,.F.);
#12061=ADVANCED_FACE('',(#1341),#751,.F.);
#12062=ADVANCED_FACE('',(#1342),#752,.F.);
#12063=ADVANCED_FACE('',(#1343),#753,.F.);
#12064=ADVANCED_FACE('',(#1344),#754,.T.);
#12065=ADVANCED_FACE('',(#1345),#755,.T.);
#12066=ADVANCED_FACE('',(#1346),#756,.F.);
#12067=ADVANCED_FACE('',(#1347),#757,.F.);
#12068=ADVANCED_FACE('',(#1348),#758,.T.);
#12069=ADVANCED_FACE('',(#1349),#759,.F.);
#12070=ADVANCED_FACE('',(#1350),#760,.T.);
#12071=ADVANCED_FACE('',(#1351),#761,.T.);
#12072=ADVANCED_FACE('',(#1352),#762,.T.);
#12073=ADVANCED_FACE('',(#1353),#763,.T.);
#12074=ADVANCED_FACE('',(#1354),#764,.T.);
#12075=ADVANCED_FACE('',(#1355),#765,.T.);
#12076=ADVANCED_FACE('',(#1356),#766,.F.);
#12077=ADVANCED_FACE('',(#1357),#767,.F.);
#12078=ADVANCED_FACE('',(#1358),#768,.T.);
#12079=ADVANCED_FACE('',(#1359),#769,.F.);
#12080=ADVANCED_FACE('',(#1360),#770,.F.);
#12081=ADVANCED_FACE('',(#1361),#771,.T.);
#12082=ADVANCED_FACE('',(#1362),#772,.T.);
#12083=ADVANCED_FACE('',(#1363),#773,.T.);
#12084=ADVANCED_FACE('',(#1364),#774,.T.);
#12085=ADVANCED_FACE('',(#1365),#775,.F.);
#12086=ADVANCED_FACE('',(#1366),#776,.F.);
#12087=ADVANCED_FACE('',(#1367),#777,.F.);
#12088=ADVANCED_FACE('',(#1368),#778,.F.);
#12089=ADVANCED_FACE('',(#1369),#779,.F.);
#12090=ADVANCED_FACE('',(#1370),#780,.F.);
#12091=ADVANCED_FACE('',(#1371),#781,.T.);
#12092=ADVANCED_FACE('',(#1372),#782,.F.);
#12093=ADVANCED_FACE('',(#1373),#783,.T.);
#12094=ADVANCED_FACE('',(#1374),#784,.F.);
#12095=ADVANCED_FACE('',(#1375),#785,.T.);
#12096=ADVANCED_FACE('',(#1376),#786,.F.);
#12097=ADVANCED_FACE('',(#1377),#787,.T.);
#12098=ADVANCED_FACE('',(#1378),#788,.F.);
#12099=ADVANCED_FACE('',(#1379),#789,.F.);
#12100=ADVANCED_FACE('',(#1380),#790,.F.);
#12101=ADVANCED_FACE('',(#1381),#791,.F.);
#12102=ADVANCED_FACE('',(#1382),#792,.T.);
#12103=ADVANCED_FACE('',(#1383),#793,.F.);
#12104=ADVANCED_FACE('',(#1384),#794,.F.);
#12105=ADVANCED_FACE('',(#1385),#795,.F.);
#12106=ADVANCED_FACE('',(#1386),#796,.F.);
#12107=ADVANCED_FACE('',(#1387),#797,.F.);
#12108=ADVANCED_FACE('',(#1388),#798,.F.);
#12109=ADVANCED_FACE('',(#1389),#799,.F.);
#12110=ADVANCED_FACE('',(#1390),#800,.F.);
#12111=ADVANCED_FACE('',(#1391),#801,.F.);
#12112=ADVANCED_FACE('',(#1392),#802,.F.);
#12113=ADVANCED_FACE('',(#1393),#803,.F.);
#12114=ADVANCED_FACE('',(#1394),#804,.T.);
#12115=ADVANCED_FACE('',(#1395),#805,.F.);
#12116=ADVANCED_FACE('',(#1396),#806,.F.);
#12117=ADVANCED_FACE('',(#1397),#807,.F.);
#12118=ADVANCED_FACE('',(#1398),#808,.F.);
#12119=ADVANCED_FACE('',(#1399),#809,.F.);
#12120=ADVANCED_FACE('',(#1400),#810,.F.);
#12121=ADVANCED_FACE('',(#1401),#811,.F.);
#12122=ADVANCED_FACE('',(#1402),#812,.F.);
#12123=ADVANCED_FACE('',(#1403),#813,.F.);
#12124=ADVANCED_FACE('',(#1404),#814,.F.);
#12125=ADVANCED_FACE('',(#1405),#815,.F.);
#12126=ADVANCED_FACE('',(#1406),#816,.F.);
#12127=ADVANCED_FACE('',(#1407),#817,.F.);
#12128=ADVANCED_FACE('',(#1408),#818,.F.);
#12129=ADVANCED_FACE('',(#1409),#819,.F.);
#12130=ADVANCED_FACE('',(#1410),#820,.F.);
#12131=ADVANCED_FACE('',(#1411),#821,.T.);
#12132=ADVANCED_FACE('',(#1412),#822,.T.);
#12133=ADVANCED_FACE('',(#1413),#823,.F.);
#12134=ADVANCED_FACE('',(#1414),#824,.F.);
#12135=ADVANCED_FACE('',(#1415),#825,.F.);
#12136=ADVANCED_FACE('',(#1416),#826,.F.);
#12137=ADVANCED_FACE('',(#1417),#827,.T.);
#12138=ADVANCED_FACE('',(#1418),#828,.T.);
#12139=ADVANCED_FACE('',(#1419),#829,.F.);
#12140=ADVANCED_FACE('',(#1420),#830,.F.);
#12141=ADVANCED_FACE('',(#1421),#831,.F.);
#12142=ADVANCED_FACE('',(#1422),#832,.F.);
#12143=ADVANCED_FACE('',(#1423),#833,.F.);
#12144=ADVANCED_FACE('',(#1424),#834,.F.);
#12145=ADVANCED_FACE('',(#1425),#30,.T.);
#12146=ADVANCED_FACE('',(#1426),#31,.T.);
#12147=ADVANCED_FACE('',(#1427),#11571,.T.);
#12148=ADVANCED_FACE('',(#1428),#32,.T.);
#12149=ADVANCED_FACE('',(#1429),#33,.T.);
#12150=ADVANCED_FACE('',(#1430),#34,.T.);
#12151=ADVANCED_FACE('',(#1431),#35,.T.);
#12152=ADVANCED_FACE('',(#1432),#11572,.T.);
#12153=ADVANCED_FACE('',(#1433),#11573,.T.);
#12154=ADVANCED_FACE('',(#1434),#36,.T.);
#12155=ADVANCED_FACE('',(#1435),#37,.T.);
#12156=ADVANCED_FACE('',(#1436),#11574,.T.);
#12157=ADVANCED_FACE('',(#1437),#11575,.T.);
#12158=ADVANCED_FACE('',(#1438),#11576,.T.);
#12159=ADVANCED_FACE('',(#1439),#11577,.T.);
#12160=ADVANCED_FACE('',(#1440),#11578,.T.);
#12161=ADVANCED_FACE('',(#1441),#11579,.T.);
#12162=ADVANCED_FACE('',(#1442),#11580,.T.);
#12163=ADVANCED_FACE('',(#1443),#11581,.T.);
#12164=ADVANCED_FACE('',(#1444),#11582,.T.);
#12165=ADVANCED_FACE('',(#1445),#835,.F.);
#12166=ADVANCED_FACE('',(#1446),#836,.F.);
#12167=ADVANCED_FACE('',(#1447),#837,.T.);
#12168=ADVANCED_FACE('',(#1448),#838,.F.);
#12169=ADVANCED_FACE('',(#1449),#839,.F.);
#12170=ADVANCED_FACE('',(#1450),#38,.T.);
#12171=ADVANCED_FACE('',(#1451),#39,.T.);
#12172=ADVANCED_FACE('',(#1452),#11583,.T.);
#12173=ADVANCED_FACE('',(#1453),#40,.T.);
#12174=ADVANCED_FACE('',(#1454),#41,.T.);
#12175=ADVANCED_FACE('',(#1455),#42,.T.);
#12176=ADVANCED_FACE('',(#1456),#43,.T.);
#12177=ADVANCED_FACE('',(#1457),#11584,.T.);
#12178=ADVANCED_FACE('',(#1458),#11585,.T.);
#12179=ADVANCED_FACE('',(#1459),#44,.T.);
#12180=ADVANCED_FACE('',(#1460),#45,.T.);
#12181=ADVANCED_FACE('',(#1461),#11586,.T.);
#12182=ADVANCED_FACE('',(#1462),#11587,.T.);
#12183=ADVANCED_FACE('',(#1463),#11588,.T.);
#12184=ADVANCED_FACE('',(#1464),#11589,.T.);
#12185=ADVANCED_FACE('',(#1465),#11590,.T.);
#12186=ADVANCED_FACE('',(#1466),#11591,.T.);
#12187=ADVANCED_FACE('',(#1467),#11592,.T.);
#12188=ADVANCED_FACE('',(#1468),#11593,.T.);
#12189=ADVANCED_FACE('',(#1469),#11594,.T.);
#12190=ADVANCED_FACE('',(#1470),#840,.F.);
#12191=ADVANCED_FACE('',(#1471),#841,.F.);
#12192=ADVANCED_FACE('',(#1472),#842,.F.);
#12193=ADVANCED_FACE('',(#1473),#843,.T.);
#12194=ADVANCED_FACE('',(#1474),#844,.F.);
#12195=ADVANCED_FACE('',(#1475),#845,.T.);
#12196=ADVANCED_FACE('',(#1476),#846,.F.);
#12197=ADVANCED_FACE('',(#1477,#461),#847,.F.);
#12198=ADVANCED_FACE('',(#1478),#848,.F.);
#12199=ADVANCED_FACE('',(#1479,#462),#849,.F.);
#12200=ADVANCED_FACE('',(#1480),#850,.F.);
#12201=ADVANCED_FACE('',(#1481,#463),#851,.T.);
#12202=ADVANCED_FACE('',(#1482,#464),#852,.T.);
#12203=ADVANCED_FACE('',(#1483),#853,.T.);
#12204=ADVANCED_FACE('',(#1484),#854,.T.);
#12205=ADVANCED_FACE('',(#1485),#855,.T.);
#12206=ADVANCED_FACE('',(#1486),#856,.F.);
#12207=ADVANCED_FACE('',(#1487),#857,.F.);
#12208=ADVANCED_FACE('',(#1488),#858,.F.);
#12209=ADVANCED_FACE('',(#1489),#859,.T.);
#12210=ADVANCED_FACE('',(#1490),#860,.T.);
#12211=ADVANCED_FACE('',(#1491),#861,.T.);
#12212=ADVANCED_FACE('',(#1492),#862,.T.);
#12213=ADVANCED_FACE('',(#1493),#863,.T.);
#12214=ADVANCED_FACE('',(#1494),#864,.T.);
#12215=ADVANCED_FACE('',(#1495),#865,.T.);
#12216=ADVANCED_FACE('',(#1496),#866,.T.);
#12217=ADVANCED_FACE('',(#1497),#867,.T.);
#12218=ADVANCED_FACE('',(#1498),#868,.F.);
#12219=ADVANCED_FACE('',(#1499),#869,.F.);
#12220=ADVANCED_FACE('',(#1500),#46,.T.);
#12221=ADVANCED_FACE('',(#1501),#47,.T.);
#12222=ADVANCED_FACE('',(#1502),#48,.T.);
#12223=ADVANCED_FACE('',(#1503),#49,.T.);
#12224=ADVANCED_FACE('',(#1504),#50,.T.);
#12225=ADVANCED_FACE('',(#1505),#11595,.T.);
#12226=ADVANCED_FACE('',(#1506),#51,.T.);
#12227=ADVANCED_FACE('',(#1507),#52,.T.);
#12228=ADVANCED_FACE('',(#1508),#11596,.T.);
#12229=ADVANCED_FACE('',(#1509),#11597,.T.);
#12230=ADVANCED_FACE('',(#1510),#53,.T.);
#12231=ADVANCED_FACE('',(#1511),#11598,.T.);
#12232=ADVANCED_FACE('',(#1512),#11599,.T.);
#12233=ADVANCED_FACE('',(#1513),#11600,.T.);
#12234=ADVANCED_FACE('',(#1514),#11601,.T.);
#12235=ADVANCED_FACE('',(#1515),#11602,.T.);
#12236=ADVANCED_FACE('',(#1516),#11603,.T.);
#12237=ADVANCED_FACE('',(#1517),#11604,.T.);
#12238=ADVANCED_FACE('',(#1518),#11605,.T.);
#12239=ADVANCED_FACE('',(#1519),#11606,.T.);
#12240=ADVANCED_FACE('',(#1520),#870,.T.);
#12241=ADVANCED_FACE('',(#1521),#871,.T.);
#12242=ADVANCED_FACE('',(#1522),#872,.T.);
#12243=ADVANCED_FACE('',(#1523),#873,.T.);
#12244=ADVANCED_FACE('',(#1524),#874,.F.);
#12245=ADVANCED_FACE('',(#1525),#875,.F.);
#12246=ADVANCED_FACE('',(#1526),#876,.T.);
#12247=ADVANCED_FACE('',(#1527),#877,.T.);
#12248=ADVANCED_FACE('',(#1528),#878,.T.);
#12249=ADVANCED_FACE('',(#1529),#879,.T.);
#12250=ADVANCED_FACE('',(#1530),#880,.T.);
#12251=ADVANCED_FACE('',(#1531),#881,.T.);
#12252=ADVANCED_FACE('',(#1532),#882,.T.);
#12253=ADVANCED_FACE('',(#1533),#883,.T.);
#12254=ADVANCED_FACE('',(#1534),#884,.T.);
#12255=ADVANCED_FACE('',(#1535),#885,.T.);
#12256=ADVANCED_FACE('',(#1536),#886,.T.);
#12257=ADVANCED_FACE('',(#1537),#887,.T.);
#12258=ADVANCED_FACE('',(#1538),#888,.T.);
#12259=ADVANCED_FACE('',(#1539),#889,.F.);
#12260=ADVANCED_FACE('',(#1540),#890,.F.);
#12261=ADVANCED_FACE('',(#1541),#54,.T.);
#12262=ADVANCED_FACE('',(#1542),#55,.T.);
#12263=ADVANCED_FACE('',(#1543),#56,.T.);
#12264=ADVANCED_FACE('',(#1544),#57,.T.);
#12265=ADVANCED_FACE('',(#1545),#58,.T.);
#12266=ADVANCED_FACE('',(#1546),#11607,.T.);
#12267=ADVANCED_FACE('',(#1547),#59,.T.);
#12268=ADVANCED_FACE('',(#1548),#60,.T.);
#12269=ADVANCED_FACE('',(#1549),#11608,.T.);
#12270=ADVANCED_FACE('',(#1550),#11609,.T.);
#12271=ADVANCED_FACE('',(#1551),#61,.T.);
#12272=ADVANCED_FACE('',(#1552),#11610,.T.);
#12273=ADVANCED_FACE('',(#1553),#11611,.T.);
#12274=ADVANCED_FACE('',(#1554),#11612,.T.);
#12275=ADVANCED_FACE('',(#1555),#11613,.T.);
#12276=ADVANCED_FACE('',(#1556),#11614,.T.);
#12277=ADVANCED_FACE('',(#1557),#11615,.T.);
#12278=ADVANCED_FACE('',(#1558),#11616,.T.);
#12279=ADVANCED_FACE('',(#1559),#11617,.T.);
#12280=ADVANCED_FACE('',(#1560),#11618,.T.);
#12281=ADVANCED_FACE('',(#1561),#891,.T.);
#12282=ADVANCED_FACE('',(#1562),#892,.T.);
#12283=ADVANCED_FACE('',(#1563),#893,.T.);
#12284=ADVANCED_FACE('',(#1564),#894,.T.);
#12285=ADVANCED_FACE('',(#1565),#895,.T.);
#12286=ADVANCED_FACE('',(#1566),#896,.F.);
#12287=ADVANCED_FACE('',(#1567),#897,.F.);
#12288=ADVANCED_FACE('',(#1568),#898,.F.);
#12289=ADVANCED_FACE('',(#1569),#899,.F.);
#12290=ADVANCED_FACE('',(#1570),#900,.F.);
#12291=ADVANCED_FACE('',(#1571),#901,.T.);
#12292=ADVANCED_FACE('',(#1572),#902,.T.);
#12293=ADVANCED_FACE('',(#1573),#903,.T.);
#12294=ADVANCED_FACE('',(#1574),#904,.T.);
#12295=ADVANCED_FACE('',(#1575),#905,.T.);
#12296=ADVANCED_FACE('',(#1576),#906,.F.);
#12297=ADVANCED_FACE('',(#1577),#62,.T.);
#12298=ADVANCED_FACE('',(#1578),#63,.T.);
#12299=ADVANCED_FACE('',(#1579),#11619,.T.);
#12300=ADVANCED_FACE('',(#1580),#64,.T.);
#12301=ADVANCED_FACE('',(#1581),#65,.T.);
#12302=ADVANCED_FACE('',(#1582),#66,.T.);
#12303=ADVANCED_FACE('',(#1583),#67,.T.);
#12304=ADVANCED_FACE('',(#1584),#11620,.T.);
#12305=ADVANCED_FACE('',(#1585),#11621,.T.);
#12306=ADVANCED_FACE('',(#1586),#68,.T.);
#12307=ADVANCED_FACE('',(#1587),#69,.T.);
#12308=ADVANCED_FACE('',(#1588),#11622,.T.);
#12309=ADVANCED_FACE('',(#1589),#11623,.T.);
#12310=ADVANCED_FACE('',(#1590),#11624,.T.);
#12311=ADVANCED_FACE('',(#1591),#11625,.T.);
#12312=ADVANCED_FACE('',(#1592),#11626,.T.);
#12313=ADVANCED_FACE('',(#1593),#11627,.T.);
#12314=ADVANCED_FACE('',(#1594),#11628,.T.);
#12315=ADVANCED_FACE('',(#1595),#11629,.T.);
#12316=ADVANCED_FACE('',(#1596),#11630,.T.);
#12317=ADVANCED_FACE('',(#1597),#907,.F.);
#12318=ADVANCED_FACE('',(#1598),#908,.F.);
#12319=ADVANCED_FACE('',(#1599),#909,.T.);
#12320=ADVANCED_FACE('',(#1600),#910,.F.);
#12321=ADVANCED_FACE('',(#1601),#911,.F.);
#12322=ADVANCED_FACE('',(#1602),#70,.T.);
#12323=ADVANCED_FACE('',(#1603),#71,.T.);
#12324=ADVANCED_FACE('',(#1604),#11631,.T.);
#12325=ADVANCED_FACE('',(#1605),#72,.T.);
#12326=ADVANCED_FACE('',(#1606),#73,.T.);
#12327=ADVANCED_FACE('',(#1607),#74,.T.);
#12328=ADVANCED_FACE('',(#1608),#75,.T.);
#12329=ADVANCED_FACE('',(#1609),#11632,.T.);
#12330=ADVANCED_FACE('',(#1610),#11633,.T.);
#12331=ADVANCED_FACE('',(#1611),#76,.T.);
#12332=ADVANCED_FACE('',(#1612),#77,.T.);
#12333=ADVANCED_FACE('',(#1613),#11634,.T.);
#12334=ADVANCED_FACE('',(#1614),#11635,.T.);
#12335=ADVANCED_FACE('',(#1615),#11636,.T.);
#12336=ADVANCED_FACE('',(#1616),#11637,.T.);
#12337=ADVANCED_FACE('',(#1617),#11638,.T.);
#12338=ADVANCED_FACE('',(#1618),#11639,.T.);
#12339=ADVANCED_FACE('',(#1619),#11640,.T.);
#12340=ADVANCED_FACE('',(#1620),#11641,.T.);
#12341=ADVANCED_FACE('',(#1621),#11642,.T.);
#12342=ADVANCED_FACE('',(#1622),#912,.F.);
#12343=ADVANCED_FACE('',(#1623),#913,.F.);
#12344=ADVANCED_FACE('',(#1624),#914,.F.);
#12345=ADVANCED_FACE('',(#1625),#915,.T.);
#12346=ADVANCED_FACE('',(#1626),#916,.F.);
#12347=ADVANCED_FACE('',(#1627),#917,.T.);
#12348=ADVANCED_FACE('',(#1628),#918,.F.);
#12349=ADVANCED_FACE('',(#1629,#465),#919,.F.);
#12350=ADVANCED_FACE('',(#1630),#920,.F.);
#12351=ADVANCED_FACE('',(#1631,#466),#921,.F.);
#12352=ADVANCED_FACE('',(#1632),#922,.F.);
#12353=CLOSED_SHELL('',(#11643,#11644,#11645,#11646,#11647,#11648,#11649,
#11650,#11651,#11652,#11653,#11654,#11655,#11656,#11657,#11658,#11659,#11660,
#11661,#11662,#11663,#11664,#11665,#11666,#11667,#11668,#11669,#11670,#11671,
#11672,#11673,#11674,#11675,#11676,#11677,#11678,#11679));
#12354=CLOSED_SHELL('',(#11680,#11681,#11682,#11683,#11684,#11685));
#12355=CLOSED_SHELL('',(#11686,#11687,#11688,#11689,#11690,#11691,#11692,
#11693,#11694,#11695,#11696,#11697));
#12356=CLOSED_SHELL('',(#11698,#11699,#11700,#11701,#11702,#11703,#11704,
#11705,#11706,#11707));
#12357=CLOSED_SHELL('',(#11708,#11709,#11710,#11711,#11712,#11713,#11714,
#11715,#11716,#11717));
#12358=CLOSED_SHELL('',(#11718,#11719,#11720,#11721,#11722,#11723,#11724,
#11725,#11726,#11727));
#12359=CLOSED_SHELL('',(#11728,#11729,#11730,#11731,#11732,#11733,#11734,
#11735,#11736,#11737,#11738,#11739));
#12360=CLOSED_SHELL('',(#11740,#11741,#11742,#11743,#11744,#11745));
#12361=CLOSED_SHELL('',(#11746,#11747,#11748,#11749,#11750,#11751,#11752,
#11753));
#12362=CLOSED_SHELL('',(#11754,#11755,#11756,#11757,#11758,#11759,#11760,
#11761));
#12363=CLOSED_SHELL('',(#11762,#11763,#11764,#11765,#11766,#11767,#11768,
#11769));
#12364=CLOSED_SHELL('',(#11770,#11771,#11772,#11773,#11774,#11775,#11776,
#11777));
#12365=CLOSED_SHELL('',(#11778,#11779,#11780,#11781,#11782,#11783,#11784,
#11785));
#12366=CLOSED_SHELL('',(#11786,#11787,#11788,#11789,#11790,#11791,#11792,
#11793));
#12367=CLOSED_SHELL('',(#11794,#11795,#11796,#11797,#11798,#11799,#11800,
#11801));
#12368=CLOSED_SHELL('',(#11802,#11803,#11804,#11805,#11806,#11807,#11808,
#11809));
#12369=CLOSED_SHELL('',(#11810,#11811,#11812,#11813,#11814,#11815));
#12370=CLOSED_SHELL('',(#11816,#11817,#11818,#11819,#11820,#11821));
#12371=CLOSED_SHELL('',(#11822,#11823,#11824,#11825,#11826,#11827));
#12372=CLOSED_SHELL('',(#11828,#11829,#11830,#11831,#11832,#11833));
#12373=CLOSED_SHELL('',(#11834,#11835,#11836,#11837,#11838,#11839));
#12374=CLOSED_SHELL('',(#11840,#11841,#11842,#11843,#11844,#11845));
#12375=CLOSED_SHELL('',(#11846,#11847,#11848,#11849,#11850,#11851));
#12376=CLOSED_SHELL('',(#11852,#11853,#11854,#11855,#11856,#11857));
#12377=CLOSED_SHELL('',(#11858,#11859,#11860,#11861,#11862,#11863,#11864,
#11865,#11866,#11867,#11868,#11869,#11870,#11871,#11872,#11873,#11874,#11875,
#11876,#11877,#11878,#11879,#11880,#11881,#11882,#11883));
#12378=CLOSED_SHELL('',(#11884,#11885,#11886,#11887,#11888,#11889,#11890,
#11891,#11892,#11893,#11894,#11895,#11896,#11897,#11898,#11899,#11900,#11901,
#11902,#11903,#11904,#11905,#11906,#11907,#11908,#11909));
#12379=CLOSED_SHELL('',(#11910,#11911,#11912,#11913,#11914,#11915));
#12380=CLOSED_SHELL('',(#11916,#11917,#11918,#11919,#11920,#11921,#11922,
#11923,#11924,#11925,#11926,#11927,#11928,#11929,#11930,#11931,#11932,#11933,
#11934,#11935,#11936,#11937,#11938,#11939,#11940));
#12381=CLOSED_SHELL('',(#11941,#11942,#11943,#11944,#11945,#11946,#11947,
#11948,#11949,#11950,#11951,#11952,#11953,#11954,#11955,#11956,#11957,#11958,
#11959,#11960));
#12382=CLOSED_SHELL('',(#11961,#11962,#11963,#11964,#11965,#11966,#11967,
#11968,#11969,#11970,#11971,#11972,#11973,#11974,#11975,#11976,#11977,#11978,
#11979,#11980));
#12383=CLOSED_SHELL('',(#11981,#11982,#11983,#11984,#11985,#11986,#11987,
#11988,#11989,#11990,#11991,#11992,#11993,#11994,#11995,#11996,#11997,#11998,
#11999,#12000));
#12384=CLOSED_SHELL('',(#12001,#12002,#12003,#12004,#12005,#12006,#12007,
#12008,#12009,#12010,#12011,#12012,#12013,#12014,#12015,#12016,#12017,#12018,
#12019,#12020,#12021,#12022,#12023,#12024,#12025));
#12385=CLOSED_SHELL('',(#12026,#12027,#12028,#12029,#12030,#12031,#12032,
#12033,#12034,#12035,#12036,#12037,#12038,#12039,#12040,#12041,#12042,#12043,
#12044,#12045));
#12386=CLOSED_SHELL('',(#12046,#12047,#12048,#12049,#12050,#12051,#12052,
#12053,#12054,#12055,#12056,#12057,#12058,#12059,#12060,#12061,#12062,#12063,
#12064,#12065,#12066,#12067,#12068,#12069,#12070,#12071,#12072,#12073,#12074,
#12075,#12076,#12077,#12078,#12079,#12080,#12081,#12082,#12083,#12084,#12085,
#12086,#12087,#12088,#12089,#12090,#12091,#12092,#12093,#12094,#12095,#12096,
#12097,#12098,#12099,#12100,#12101,#12102,#12103,#12104,#12105,#12106,#12107,
#12108,#12109,#12110,#12111,#12112,#12113,#12114,#12115,#12116,#12117,#12118,
#12119,#12120,#12121,#12122,#12123,#12124,#12125,#12126,#12127,#12128,#12129,
#12130,#12131,#12132,#12133,#12134,#12135,#12136,#12137,#12138,#12139,#12140,
#12141,#12142,#12143,#12144));
#12387=CLOSED_SHELL('',(#12145,#12146,#12147,#12148,#12149,#12150,#12151,
#12152,#12153,#12154,#12155,#12156,#12157,#12158,#12159,#12160,#12161,#12162,
#12163,#12164,#12165,#12166,#12167,#12168,#12169,#12170,#12171,#12172,#12173,
#12174,#12175,#12176,#12177,#12178,#12179,#12180,#12181,#12182,#12183,#12184,
#12185,#12186,#12187,#12188,#12189,#12190,#12191,#12192,#12193,#12194,#12195,
#12196,#12197,#12198,#12199,#12200));
#12388=CLOSED_SHELL('',(#12201,#12202,#12203,#12204,#12205,#12206,#12207,
#12208,#12209,#12210,#12211,#12212,#12213,#12214,#12215,#12216,#12217,#12218,
#12219,#12220,#12221,#12222,#12223,#12224,#12225,#12226,#12227,#12228,#12229,
#12230,#12231,#12232,#12233,#12234,#12235,#12236,#12237,#12238,#12239,#12240,
#12241,#12242,#12243,#12244,#12245,#12246,#12247,#12248,#12249,#12250,#12251,
#12252,#12253,#12254,#12255,#12256,#12257,#12258,#12259,#12260,#12261,#12262,
#12263,#12264,#12265,#12266,#12267,#12268,#12269,#12270,#12271,#12272,#12273,
#12274,#12275,#12276,#12277,#12278,#12279,#12280,#12281,#12282,#12283,#12284));
#12389=CLOSED_SHELL('',(#12285,#12286,#12287,#12288,#12289,#12290));
#12390=CLOSED_SHELL('',(#12291,#12292,#12293,#12294,#12295,#12296));
#12391=CLOSED_SHELL('',(#12297,#12298,#12299,#12300,#12301,#12302,#12303,
#12304,#12305,#12306,#12307,#12308,#12309,#12310,#12311,#12312,#12313,#12314,
#12315,#12316,#12317,#12318,#12319,#12320,#12321,#12322,#12323,#12324,#12325,
#12326,#12327,#12328,#12329,#12330,#12331,#12332,#12333,#12334,#12335,#12336,
#12337,#12338,#12339,#12340,#12341,#12342,#12343,#12344,#12345,#12346,#12347,
#12348,#12349,#12350,#12351,#12352));
#12392=DERIVED_UNIT_ELEMENT(#12414,1.);
#12393=DERIVED_UNIT_ELEMENT(#20777,-3.);
#12394=DERIVED_UNIT_ELEMENT(#12414,1.);
#12395=DERIVED_UNIT_ELEMENT(#20777,-3.);
#12396=DERIVED_UNIT_ELEMENT(#12414,1.);
#12397=DERIVED_UNIT_ELEMENT(#20777,-3.);
#12398=DERIVED_UNIT_ELEMENT(#12414,1.);
#12399=DERIVED_UNIT_ELEMENT(#20777,-3.);
#12400=DERIVED_UNIT_ELEMENT(#12414,1.);
#12401=DERIVED_UNIT_ELEMENT(#20777,-3.);
#12402=DERIVED_UNIT_ELEMENT(#12414,1.);
#12403=DERIVED_UNIT_ELEMENT(#20777,-3.);
#12404=DERIVED_UNIT_ELEMENT(#12414,1.);
#12405=DERIVED_UNIT_ELEMENT(#20777,-3.);
#12406=DERIVED_UNIT_ELEMENT(#12414,1.);
#12407=DERIVED_UNIT_ELEMENT(#20777,-3.);
#12408=DERIVED_UNIT_ELEMENT(#12414,1.);
#12409=DERIVED_UNIT_ELEMENT(#20777,-3.);
#12410=DERIVED_UNIT_ELEMENT(#12414,1.);
#12411=DERIVED_UNIT_ELEMENT(#20777,-3.);
#12412=DERIVED_UNIT_ELEMENT(#12414,1.);
#12413=DERIVED_UNIT_ELEMENT(#20777,-3.);
#12414=(
MASS_UNIT()
NAMED_UNIT(*)
SI_UNIT(.KILO.,.GRAM.)
);
#12415=DERIVED_UNIT((#12392,#12393));
#12416=DERIVED_UNIT((#12394,#12395));
#12417=DERIVED_UNIT((#12396,#12397));
#12418=DERIVED_UNIT((#12398,#12399));
#12419=DERIVED_UNIT((#12400,#12401));
#12420=DERIVED_UNIT((#12402,#12403));
#12421=DERIVED_UNIT((#12404,#12405));
#12422=DERIVED_UNIT((#12406,#12407));
#12423=DERIVED_UNIT((#12408,#12409));
#12424=DERIVED_UNIT((#12410,#12411));
#12425=DERIVED_UNIT((#12412,#12413));
#12426=MEASURE_REPRESENTATION_ITEM('density measure',
POSITIVE_RATIO_MEASURE(7850.),#12415);
#12427=MEASURE_REPRESENTATION_ITEM('density measure',
POSITIVE_RATIO_MEASURE(6020.),#12416);
#12428=MEASURE_REPRESENTATION_ITEM('density measure',
POSITIVE_RATIO_MEASURE(6020.),#12417);
#12429=MEASURE_REPRESENTATION_ITEM('density measure',
POSITIVE_RATIO_MEASURE(6020.),#12418);
#12430=MEASURE_REPRESENTATION_ITEM('density measure',
POSITIVE_RATIO_MEASURE(6020.),#12419);
#12431=MEASURE_REPRESENTATION_ITEM('density measure',
POSITIVE_RATIO_MEASURE(6020.),#12420);
#12432=MEASURE_REPRESENTATION_ITEM('density measure',
POSITIVE_RATIO_MEASURE(6020.),#12421);
#12433=MEASURE_REPRESENTATION_ITEM('density measure',
POSITIVE_RATIO_MEASURE(6020.),#12422);
#12434=MEASURE_REPRESENTATION_ITEM('density measure',
POSITIVE_RATIO_MEASURE(6020.),#12423);
#12435=MEASURE_REPRESENTATION_ITEM('density measure',
POSITIVE_RATIO_MEASURE(6020.),#12424);
#12436=MEASURE_REPRESENTATION_ITEM('density measure',
POSITIVE_RATIO_MEASURE(6020.),#12425);
#12437=PROPERTY_DEFINITION_REPRESENTATION(#12492,#12459);
#12438=PROPERTY_DEFINITION_REPRESENTATION(#12493,#12460);
#12439=PROPERTY_DEFINITION_REPRESENTATION(#12494,#12461);
#12440=PROPERTY_DEFINITION_REPRESENTATION(#12495,#12462);
#12441=PROPERTY_DEFINITION_REPRESENTATION(#12496,#12463);
#12442=PROPERTY_DEFINITION_REPRESENTATION(#12497,#12464);
#12443=PROPERTY_DEFINITION_REPRESENTATION(#12498,#12465);
#12444=PROPERTY_DEFINITION_REPRESENTATION(#12499,#12466);
#12445=PROPERTY_DEFINITION_REPRESENTATION(#12500,#12467);
#12446=PROPERTY_DEFINITION_REPRESENTATION(#12501,#12468);
#12447=PROPERTY_DEFINITION_REPRESENTATION(#12502,#12469);
#12448=PROPERTY_DEFINITION_REPRESENTATION(#12503,#12470);
#12449=PROPERTY_DEFINITION_REPRESENTATION(#12504,#12471);
#12450=PROPERTY_DEFINITION_REPRESENTATION(#12505,#12472);
#12451=PROPERTY_DEFINITION_REPRESENTATION(#12506,#12473);
#12452=PROPERTY_DEFINITION_REPRESENTATION(#12507,#12474);
#12453=PROPERTY_DEFINITION_REPRESENTATION(#12508,#12475);
#12454=PROPERTY_DEFINITION_REPRESENTATION(#12509,#12476);
#12455=PROPERTY_DEFINITION_REPRESENTATION(#12510,#12477);
#12456=PROPERTY_DEFINITION_REPRESENTATION(#12511,#12478);
#12457=PROPERTY_DEFINITION_REPRESENTATION(#12512,#12479);
#12458=PROPERTY_DEFINITION_REPRESENTATION(#12513,#12480);
#12459=REPRESENTATION('material name',(#12481),#20755);
#12460=REPRESENTATION('density',(#12426),#20755);
#12461=REPRESENTATION('material name',(#12482),#20759);
#12462=REPRESENTATION('density',(#12427),#20759);
#12463=REPRESENTATION('material name',(#12483),#20760);
#12464=REPRESENTATION('density',(#12428),#20760);
#12465=REPRESENTATION('material name',(#12484),#20762);
#12466=REPRESENTATION('density',(#12429),#20762);
#12467=REPRESENTATION('material name',(#12485),#20764);
#12468=REPRESENTATION('density',(#12430),#20764);
#12469=REPRESENTATION('material name',(#12486),#20767);
#12470=REPRESENTATION('density',(#12431),#20767);
#12471=REPRESENTATION('material name',(#12487),#20768);
#12472=REPRESENTATION('density',(#12432),#20768);
#12473=REPRESENTATION('material name',(#12488),#20771);
#12474=REPRESENTATION('density',(#12433),#20771);
#12475=REPRESENTATION('material name',(#12489),#20772);
#12476=REPRESENTATION('density',(#12434),#20772);
#12477=REPRESENTATION('material name',(#12490),#20773);
#12478=REPRESENTATION('density',(#12435),#20773);
#12479=REPRESENTATION('material name',(#12491),#20774);
#12480=REPRESENTATION('density',(#12436),#20774);
#12481=DESCRIPTIVE_REPRESENTATION_ITEM('Acero','Acero');
#12482=DESCRIPTIVE_REPRESENTATION_ITEM('Componente discreto',
'Componente discreto');
#12483=DESCRIPTIVE_REPRESENTATION_ITEM('Componente discreto',
'Componente discreto');
#12484=DESCRIPTIVE_REPRESENTATION_ITEM('Componente discreto',
'Componente discreto');
#12485=DESCRIPTIVE_REPRESENTATION_ITEM('Componente discreto',
'Componente discreto');
#12486=DESCRIPTIVE_REPRESENTATION_ITEM('Componente discreto',
'Componente discreto');
#12487=DESCRIPTIVE_REPRESENTATION_ITEM('Componente discreto',
'Componente discreto');
#12488=DESCRIPTIVE_REPRESENTATION_ITEM('Componente discreto',
'Componente discreto');
#12489=DESCRIPTIVE_REPRESENTATION_ITEM('Componente discreto',
'Componente discreto');
#12490=DESCRIPTIVE_REPRESENTATION_ITEM('Componente discreto',
'Componente discreto');
#12491=DESCRIPTIVE_REPRESENTATION_ITEM('Componente discreto',
'Componente discreto');
#12492=PROPERTY_DEFINITION('material property','material name',#20877);
#12493=PROPERTY_DEFINITION('material property','density of part',#20877);
#12494=PROPERTY_DEFINITION('material property','material name',#20881);
#12495=PROPERTY_DEFINITION('material property','density of part',#20881);
#12496=PROPERTY_DEFINITION('material property','material name',#20882);
#12497=PROPERTY_DEFINITION('material property','density of part',#20882);
#12498=PROPERTY_DEFINITION('material property','material name',#20884);
#12499=PROPERTY_DEFINITION('material property','density of part',#20884);
#12500=PROPERTY_DEFINITION('material property','material name',#20886);
#12501=PROPERTY_DEFINITION('material property','density of part',#20886);
#12502=PROPERTY_DEFINITION('material property','material name',#20889);
#12503=PROPERTY_DEFINITION('material property','density of part',#20889);
#12504=PROPERTY_DEFINITION('material property','material name',#20890);
#12505=PROPERTY_DEFINITION('material property','density of part',#20890);
#12506=PROPERTY_DEFINITION('material property','material name',#20893);
#12507=PROPERTY_DEFINITION('material property','density of part',#20893);
#12508=PROPERTY_DEFINITION('material property','material name',#20894);
#12509=PROPERTY_DEFINITION('material property','density of part',#20894);
#12510=PROPERTY_DEFINITION('material property','material name',#20895);
#12511=PROPERTY_DEFINITION('material property','density of part',#20895);
#12512=PROPERTY_DEFINITION('material property','material name',#20896);
#12513=PROPERTY_DEFINITION('material property','density of part',#20896);
#12514=AXIS2_PLACEMENT_3D('',#17244,#13658,#13659);
#12515=AXIS2_PLACEMENT_3D('',#17245,#13660,#13661);
#12516=AXIS2_PLACEMENT_3D('',#17246,#13662,#13663);
#12517=AXIS2_PLACEMENT_3D('',#17248,#13664,#13665);
#12518=AXIS2_PLACEMENT_3D('',#17251,#13667,#13668);
#12519=AXIS2_PLACEMENT_3D('',#17252,#13669,#13670);
#12520=AXIS2_PLACEMENT_3D('',#17254,#13671,#13672);
#12521=AXIS2_PLACEMENT_3D('',#17257,#13674,#13675);
#12522=AXIS2_PLACEMENT_3D('',#17258,#13676,#13677);
#12523=AXIS2_PLACEMENT_3D('',#17260,#13678,#13679);
#12524=AXIS2_PLACEMENT_3D('',#17263,#13681,#13682);
#12525=AXIS2_PLACEMENT_3D('',#17264,#13683,#13684);
#12526=AXIS2_PLACEMENT_3D('',#17266,#13685,#13686);
#12527=AXIS2_PLACEMENT_3D('',#17269,#13688,#13689);
#12528=AXIS2_PLACEMENT_3D('',#17270,#13690,#13691);
#12529=AXIS2_PLACEMENT_3D('',#17272,#13692,#13693);
#12530=AXIS2_PLACEMENT_3D('',#17275,#13695,#13696);
#12531=AXIS2_PLACEMENT_3D('',#17276,#13697,#13698);
#12532=AXIS2_PLACEMENT_3D('',#17278,#13699,#13700);
#12533=AXIS2_PLACEMENT_3D('',#17281,#13702,#13703);
#12534=AXIS2_PLACEMENT_3D('',#17282,#13704,#13705);
#12535=AXIS2_PLACEMENT_3D('',#17284,#13706,#13707);
#12536=AXIS2_PLACEMENT_3D('',#17287,#13709,#13710);
#12537=AXIS2_PLACEMENT_3D('',#17288,#13711,#13712);
#12538=AXIS2_PLACEMENT_3D('',#17290,#13713,#13714);
#12539=AXIS2_PLACEMENT_3D('',#17293,#13716,#13717);
#12540=AXIS2_PLACEMENT_3D('',#17294,#13718,#13719);
#12541=AXIS2_PLACEMENT_3D('',#17296,#13720,#13721);
#12542=AXIS2_PLACEMENT_3D('',#17299,#13723,#13724);
#12543=AXIS2_PLACEMENT_3D('',#17300,#13725,#13726);
#12544=AXIS2_PLACEMENT_3D('',#17302,#13727,#13728);
#12545=AXIS2_PLACEMENT_3D('',#17305,#13730,#13731);
#12546=AXIS2_PLACEMENT_3D('',#17306,#13732,#13733);
#12547=AXIS2_PLACEMENT_3D('',#17308,#13734,#13735);
#12548=AXIS2_PLACEMENT_3D('',#17311,#13737,#13738);
#12549=AXIS2_PLACEMENT_3D('',#17312,#13739,#13740);
#12550=AXIS2_PLACEMENT_3D('',#17314,#13741,#13742);
#12551=AXIS2_PLACEMENT_3D('',#17317,#13744,#13745);
#12552=AXIS2_PLACEMENT_3D('',#17318,#13746,#13747);
#12553=AXIS2_PLACEMENT_3D('',#17323,#13749,#13750);
#12554=AXIS2_PLACEMENT_3D('',#17326,#13752,#13753);
#12555=AXIS2_PLACEMENT_3D('',#17327,#13754,#13755);
#12556=AXIS2_PLACEMENT_3D('',#17329,#13756,#13757);
#12557=AXIS2_PLACEMENT_3D('',#17332,#13759,#13760);
#12558=AXIS2_PLACEMENT_3D('',#17333,#13761,#13762);
#12559=AXIS2_PLACEMENT_3D('',#17335,#13763,#13764);
#12560=AXIS2_PLACEMENT_3D('',#17338,#13766,#13767);
#12561=AXIS2_PLACEMENT_3D('',#17339,#13768,#13769);
#12562=AXIS2_PLACEMENT_3D('',#17341,#13770,#13771);
#12563=AXIS2_PLACEMENT_3D('',#17344,#13773,#13774);
#12564=AXIS2_PLACEMENT_3D('',#17345,#13775,#13776);
#12565=AXIS2_PLACEMENT_3D('',#17350,#13778,#13779);
#12566=AXIS2_PLACEMENT_3D('',#17353,#13781,#13782);
#12567=AXIS2_PLACEMENT_3D('',#17354,#13783,#13784);
#12568=AXIS2_PLACEMENT_3D('',#17356,#13785,#13786);
#12569=AXIS2_PLACEMENT_3D('',#17359,#13788,#13789);
#12570=AXIS2_PLACEMENT_3D('',#17360,#13790,#13791);
#12571=AXIS2_PLACEMENT_3D('',#17365,#13793,#13794);
#12572=AXIS2_PLACEMENT_3D('',#17368,#13796,#13797);
#12573=AXIS2_PLACEMENT_3D('',#17369,#13798,#13799);
#12574=AXIS2_PLACEMENT_3D('',#17371,#13800,#13801);
#12575=AXIS2_PLACEMENT_3D('',#17374,#13803,#13804);
#12576=AXIS2_PLACEMENT_3D('',#17375,#13805,#13806);
#12577=AXIS2_PLACEMENT_3D('',#17377,#13807,#13808);
#12578=AXIS2_PLACEMENT_3D('',#17380,#13810,#13811);
#12579=AXIS2_PLACEMENT_3D('',#17381,#13812,#13813);
#12580=AXIS2_PLACEMENT_3D('',#17383,#13814,#13815);
#12581=AXIS2_PLACEMENT_3D('',#17386,#13817,#13818);
#12582=AXIS2_PLACEMENT_3D('',#17387,#13819,#13820);
#12583=AXIS2_PLACEMENT_3D('',#17389,#13821,#13822);
#12584=AXIS2_PLACEMENT_3D('',#17392,#13824,#13825);
#12585=AXIS2_PLACEMENT_3D('',#17393,#13826,#13827);
#12586=AXIS2_PLACEMENT_3D('',#17395,#13828,#13829);
#12587=AXIS2_PLACEMENT_3D('',#17398,#13831,#13832);
#12588=AXIS2_PLACEMENT_3D('',#17399,#13833,#13834);
#12589=AXIS2_PLACEMENT_3D('',#17405,#13838,#13839);
#12590=AXIS2_PLACEMENT_3D('',#17411,#13843,#13844);
#12591=AXIS2_PLACEMENT_3D('',#17414,#13847,#13848);
#12592=AXIS2_PLACEMENT_3D('',#17417,#13851,#13852);
#12593=AXIS2_PLACEMENT_3D('',#17419,#13853,#13854);
#12594=AXIS2_PLACEMENT_3D('',#17423,#13856,#13857);
#12595=AXIS2_PLACEMENT_3D('',#17427,#13859,#13860);
#12596=AXIS2_PLACEMENT_3D('',#17430,#13862,#13863);
#12597=AXIS2_PLACEMENT_3D('',#17431,#13864,#13865);
#12598=AXIS2_PLACEMENT_3D('',#17433,#13866,#13867);
#12599=AXIS2_PLACEMENT_3D('',#17437,#13869,#13870);
#12600=AXIS2_PLACEMENT_3D('',#17441,#13872,#13873);
#12601=AXIS2_PLACEMENT_3D('',#17444,#13875,#13876);
#12602=AXIS2_PLACEMENT_3D('',#17445,#13877,#13878);
#12603=AXIS2_PLACEMENT_3D('',#17447,#13880,#13881);
#12604=AXIS2_PLACEMENT_3D('',#17449,#13883,#13884);
#12605=AXIS2_PLACEMENT_3D('',#17451,#13886,#13887);
#12606=AXIS2_PLACEMENT_3D('',#17453,#13889,#13890);
#12607=AXIS2_PLACEMENT_3D('',#17455,#13892,#13893);
#12608=AXIS2_PLACEMENT_3D('',#17457,#13895,#13896);
#12609=AXIS2_PLACEMENT_3D('',#17458,#13897,#13898);
#12610=AXIS2_PLACEMENT_3D('',#17459,#13899,#13900);
#12611=AXIS2_PLACEMENT_3D('',#17460,#13901,#13902);
#12612=AXIS2_PLACEMENT_3D('',#17461,#13903,#13904);
#12613=AXIS2_PLACEMENT_3D('',#17462,#13905,#13906);
#12614=AXIS2_PLACEMENT_3D('',#17471,#13911,#13912);
#12615=AXIS2_PLACEMENT_3D('',#17477,#13916,#13917);
#12616=AXIS2_PLACEMENT_3D('',#17483,#13921,#13922);
#12617=AXIS2_PLACEMENT_3D('',#17485,#13924,#13925);
#12618=AXIS2_PLACEMENT_3D('',#17487,#13927,#13928);
#12619=AXIS2_PLACEMENT_3D('',#17488,#13929,#13930);
#12620=AXIS2_PLACEMENT_3D('',#17491,#13931,#13932);
#12621=AXIS2_PLACEMENT_3D('',#17495,#13934,#13935);
#12622=AXIS2_PLACEMENT_3D('',#17497,#13937,#13938);
#12623=AXIS2_PLACEMENT_3D('',#17500,#13939,#13940);
#12624=AXIS2_PLACEMENT_3D('',#17504,#13942,#13943);
#12625=AXIS2_PLACEMENT_3D('',#17506,#13945,#13946);
#12626=AXIS2_PLACEMENT_3D('',#17519,#13955,#13956);
#12627=AXIS2_PLACEMENT_3D('',#17525,#13959,#13960);
#12628=AXIS2_PLACEMENT_3D('',#17529,#13963,#13964);
#12629=AXIS2_PLACEMENT_3D('',#17540,#13971,#13972);
#12630=AXIS2_PLACEMENT_3D('',#17542,#13974,#13975);
#12631=AXIS2_PLACEMENT_3D('',#17544,#13977,#13978);
#12632=AXIS2_PLACEMENT_3D('',#17545,#13979,#13980);
#12633=AXIS2_PLACEMENT_3D('',#17546,#13981,#13982);
#12634=AXIS2_PLACEMENT_3D('',#17547,#13983,#13984);
#12635=AXIS2_PLACEMENT_3D('',#17548,#13985,#13986);
#12636=AXIS2_PLACEMENT_3D('',#17549,#13987,#13988);
#12637=AXIS2_PLACEMENT_3D('',#17550,#13989,#13990);
#12638=AXIS2_PLACEMENT_3D('',#17563,#13997,#13998);
#12639=AXIS2_PLACEMENT_3D('',#17569,#14002,#14003);
#12640=AXIS2_PLACEMENT_3D('',#17575,#14007,#14008);
#12641=AXIS2_PLACEMENT_3D('',#17581,#14012,#14013);
#12642=AXIS2_PLACEMENT_3D('',#17591,#14019,#14020);
#12643=AXIS2_PLACEMENT_3D('',#17592,#14021,#14022);
#12644=AXIS2_PLACEMENT_3D('',#17593,#14023,#14024);
#12645=AXIS2_PLACEMENT_3D('',#17594,#14025,#14026);
#12646=AXIS2_PLACEMENT_3D('',#17595,#14027,#14028);
#12647=AXIS2_PLACEMENT_3D('',#17596,#14029,#14030);
#12648=AXIS2_PLACEMENT_3D('',#17597,#14031,#14032);
#12649=AXIS2_PLACEMENT_3D('',#17598,#14033,#14034);
#12650=AXIS2_PLACEMENT_3D('',#17599,#14035,#14036);
#12651=AXIS2_PLACEMENT_3D('',#17600,#14037,#14038);
#12652=AXIS2_PLACEMENT_3D('',#17613,#14045,#14046);
#12653=AXIS2_PLACEMENT_3D('',#17619,#14050,#14051);
#12654=AXIS2_PLACEMENT_3D('',#17625,#14055,#14056);
#12655=AXIS2_PLACEMENT_3D('',#17631,#14060,#14061);
#12656=AXIS2_PLACEMENT_3D('',#17641,#14067,#14068);
#12657=AXIS2_PLACEMENT_3D('',#17642,#14069,#14070);
#12658=AXIS2_PLACEMENT_3D('',#17643,#14071,#14072);
#12659=AXIS2_PLACEMENT_3D('',#17644,#14073,#14074);
#12660=AXIS2_PLACEMENT_3D('',#17645,#14075,#14076);
#12661=AXIS2_PLACEMENT_3D('',#17646,#14077,#14078);
#12662=AXIS2_PLACEMENT_3D('',#17647,#14079,#14080);
#12663=AXIS2_PLACEMENT_3D('',#17648,#14081,#14082);
#12664=AXIS2_PLACEMENT_3D('',#17649,#14083,#14084);
#12665=AXIS2_PLACEMENT_3D('',#17650,#14085,#14086);
#12666=AXIS2_PLACEMENT_3D('',#17663,#14093,#14094);
#12667=AXIS2_PLACEMENT_3D('',#17669,#14098,#14099);
#12668=AXIS2_PLACEMENT_3D('',#17675,#14103,#14104);
#12669=AXIS2_PLACEMENT_3D('',#17681,#14108,#14109);
#12670=AXIS2_PLACEMENT_3D('',#17691,#14115,#14116);
#12671=AXIS2_PLACEMENT_3D('',#17692,#14117,#14118);
#12672=AXIS2_PLACEMENT_3D('',#17693,#14119,#14120);
#12673=AXIS2_PLACEMENT_3D('',#17694,#14121,#14122);
#12674=AXIS2_PLACEMENT_3D('',#17695,#14123,#14124);
#12675=AXIS2_PLACEMENT_3D('',#17696,#14125,#14126);
#12676=AXIS2_PLACEMENT_3D('',#17697,#14127,#14128);
#12677=AXIS2_PLACEMENT_3D('',#17698,#14129,#14130);
#12678=AXIS2_PLACEMENT_3D('',#17699,#14131,#14132);
#12679=AXIS2_PLACEMENT_3D('',#17700,#14133,#14134);
#12680=AXIS2_PLACEMENT_3D('',#17701,#14135,#14136);
#12681=AXIS2_PLACEMENT_3D('',#17702,#14137,#14138);
#12682=AXIS2_PLACEMENT_3D('',#17703,#14139,#14140);
#12683=AXIS2_PLACEMENT_3D('',#17704,#14141,#14142);
#12684=AXIS2_PLACEMENT_3D('',#17706,#14143,#14144);
#12685=AXIS2_PLACEMENT_3D('',#17709,#14146,#14147);
#12686=AXIS2_PLACEMENT_3D('',#17710,#14148,#14149);
#12687=AXIS2_PLACEMENT_3D('',#17711,#14150,#14151);
#12688=AXIS2_PLACEMENT_3D('',#17720,#14156,#14157);
#12689=AXIS2_PLACEMENT_3D('',#17726,#14161,#14162);
#12690=AXIS2_PLACEMENT_3D('',#17732,#14166,#14167);
#12691=AXIS2_PLACEMENT_3D('',#17735,#14170,#14171);
#12692=AXIS2_PLACEMENT_3D('',#17741,#14175,#14176);
#12693=AXIS2_PLACEMENT_3D('',#17745,#14179,#14180);
#12694=AXIS2_PLACEMENT_3D('',#17746,#14181,#14182);
#12695=AXIS2_PLACEMENT_3D('',#17750,#14185,#14186);
#12696=AXIS2_PLACEMENT_3D('',#17752,#14188,#14189);
#12697=AXIS2_PLACEMENT_3D('',#17753,#14190,#14191);
#12698=AXIS2_PLACEMENT_3D('',#17762,#14196,#14197);
#12699=AXIS2_PLACEMENT_3D('',#17768,#14201,#14202);
#12700=AXIS2_PLACEMENT_3D('',#17774,#14206,#14207);
#12701=AXIS2_PLACEMENT_3D('',#17777,#14210,#14211);
#12702=AXIS2_PLACEMENT_3D('',#17778,#14212,#14213);
#12703=AXIS2_PLACEMENT_3D('',#17779,#14214,#14215);
#12704=AXIS2_PLACEMENT_3D('',#17788,#14220,#14221);
#12705=AXIS2_PLACEMENT_3D('',#17794,#14225,#14226);
#12706=AXIS2_PLACEMENT_3D('',#17796,#14227,#14228);
#12707=AXIS2_PLACEMENT_3D('',#17798,#14229,#14230);
#12708=AXIS2_PLACEMENT_3D('',#17800,#14232,#14233);
#12709=AXIS2_PLACEMENT_3D('',#17806,#14237,#14238);
#12710=AXIS2_PLACEMENT_3D('',#17808,#14239,#14240);
#12711=AXIS2_PLACEMENT_3D('',#17810,#14241,#14242);
#12712=AXIS2_PLACEMENT_3D('',#17812,#14244,#14245);
#12713=AXIS2_PLACEMENT_3D('',#17815,#14248,#14249);
#12714=AXIS2_PLACEMENT_3D('',#17816,#14250,#14251);
#12715=AXIS2_PLACEMENT_3D('',#17817,#14252,#14253);
#12716=AXIS2_PLACEMENT_3D('',#17826,#14258,#14259);
#12717=AXIS2_PLACEMENT_3D('',#17832,#14263,#14264);
#12718=AXIS2_PLACEMENT_3D('',#17834,#14265,#14266);
#12719=AXIS2_PLACEMENT_3D('',#17837,#14268,#14269);
#12720=AXIS2_PLACEMENT_3D('',#17838,#14270,#14271);
#12721=AXIS2_PLACEMENT_3D('',#17844,#14275,#14276);
#12722=AXIS2_PLACEMENT_3D('',#17846,#14277,#14278);
#12723=AXIS2_PLACEMENT_3D('',#17849,#14280,#14281);
#12724=AXIS2_PLACEMENT_3D('',#17850,#14282,#14283);
#12725=AXIS2_PLACEMENT_3D('',#17853,#14286,#14287);
#12726=AXIS2_PLACEMENT_3D('',#17854,#14288,#14289);
#12727=AXIS2_PLACEMENT_3D('',#17855,#14290,#14291);
#12728=AXIS2_PLACEMENT_3D('',#17864,#14296,#14297);
#12729=AXIS2_PLACEMENT_3D('',#17870,#14301,#14302);
#12730=AXIS2_PLACEMENT_3D('',#17872,#14303,#14304);
#12731=AXIS2_PLACEMENT_3D('',#17874,#14305,#14306);
#12732=AXIS2_PLACEMENT_3D('',#17876,#14308,#14309);
#12733=AXIS2_PLACEMENT_3D('',#17882,#14313,#14314);
#12734=AXIS2_PLACEMENT_3D('',#17884,#14315,#14316);
#12735=AXIS2_PLACEMENT_3D('',#17886,#14317,#14318);
#12736=AXIS2_PLACEMENT_3D('',#17888,#14320,#14321);
#12737=AXIS2_PLACEMENT_3D('',#17891,#14324,#14325);
#12738=AXIS2_PLACEMENT_3D('',#17892,#14326,#14327);
#12739=AXIS2_PLACEMENT_3D('',#17893,#14328,#14329);
#12740=AXIS2_PLACEMENT_3D('',#17902,#14334,#14335);
#12741=AXIS2_PLACEMENT_3D('',#17908,#14339,#14340);
#12742=AXIS2_PLACEMENT_3D('',#17910,#14341,#14342);
#12743=AXIS2_PLACEMENT_3D('',#17912,#14343,#14344);
#12744=AXIS2_PLACEMENT_3D('',#17914,#14346,#14347);
#12745=AXIS2_PLACEMENT_3D('',#17920,#14351,#14352);
#12746=AXIS2_PLACEMENT_3D('',#17922,#14353,#14354);
#12747=AXIS2_PLACEMENT_3D('',#17924,#14355,#14356);
#12748=AXIS2_PLACEMENT_3D('',#17926,#14358,#14359);
#12749=AXIS2_PLACEMENT_3D('',#17929,#14362,#14363);
#12750=AXIS2_PLACEMENT_3D('',#17930,#14364,#14365);
#12751=AXIS2_PLACEMENT_3D('',#17931,#14366,#14367);
#12752=AXIS2_PLACEMENT_3D('',#17940,#14372,#14373);
#12753=AXIS2_PLACEMENT_3D('',#17946,#14377,#14378);
#12754=AXIS2_PLACEMENT_3D('',#17948,#14379,#14380);
#12755=AXIS2_PLACEMENT_3D('',#17950,#14381,#14382);
#12756=AXIS2_PLACEMENT_3D('',#17952,#14384,#14385);
#12757=AXIS2_PLACEMENT_3D('',#17958,#14389,#14390);
#12758=AXIS2_PLACEMENT_3D('',#17960,#14391,#14392);
#12759=AXIS2_PLACEMENT_3D('',#17962,#14393,#14394);
#12760=AXIS2_PLACEMENT_3D('',#17964,#14396,#14397);
#12761=AXIS2_PLACEMENT_3D('',#17967,#14400,#14401);
#12762=AXIS2_PLACEMENT_3D('',#17968,#14402,#14403);
#12763=AXIS2_PLACEMENT_3D('',#17969,#14404,#14405);
#12764=AXIS2_PLACEMENT_3D('',#17978,#14410,#14411);
#12765=AXIS2_PLACEMENT_3D('',#17984,#14415,#14416);
#12766=AXIS2_PLACEMENT_3D('',#17986,#14417,#14418);
#12767=AXIS2_PLACEMENT_3D('',#17989,#14420,#14421);
#12768=AXIS2_PLACEMENT_3D('',#17990,#14422,#14423);
#12769=AXIS2_PLACEMENT_3D('',#17996,#14427,#14428);
#12770=AXIS2_PLACEMENT_3D('',#17998,#14429,#14430);
#12771=AXIS2_PLACEMENT_3D('',#18001,#14432,#14433);
#12772=AXIS2_PLACEMENT_3D('',#18002,#14434,#14435);
#12773=AXIS2_PLACEMENT_3D('',#18005,#14438,#14439);
#12774=AXIS2_PLACEMENT_3D('',#18006,#14440,#14441);
#12775=AXIS2_PLACEMENT_3D('',#18007,#14442,#14443);
#12776=AXIS2_PLACEMENT_3D('',#18016,#14448,#14449);
#12777=AXIS2_PLACEMENT_3D('',#18022,#14453,#14454);
#12778=AXIS2_PLACEMENT_3D('',#18024,#14455,#14456);
#12779=AXIS2_PLACEMENT_3D('',#18027,#14458,#14459);
#12780=AXIS2_PLACEMENT_3D('',#18028,#14460,#14461);
#12781=AXIS2_PLACEMENT_3D('',#18034,#14465,#14466);
#12782=AXIS2_PLACEMENT_3D('',#18036,#14467,#14468);
#12783=AXIS2_PLACEMENT_3D('',#18039,#14470,#14471);
#12784=AXIS2_PLACEMENT_3D('',#18040,#14472,#14473);
#12785=AXIS2_PLACEMENT_3D('',#18043,#14476,#14477);
#12786=AXIS2_PLACEMENT_3D('',#18044,#14478,#14479);
#12787=AXIS2_PLACEMENT_3D('',#18045,#14480,#14481);
#12788=AXIS2_PLACEMENT_3D('',#18054,#14486,#14487);
#12789=AXIS2_PLACEMENT_3D('',#18060,#14491,#14492);
#12790=AXIS2_PLACEMENT_3D('',#18062,#14493,#14494);
#12791=AXIS2_PLACEMENT_3D('',#18065,#14496,#14497);
#12792=AXIS2_PLACEMENT_3D('',#18066,#14498,#14499);
#12793=AXIS2_PLACEMENT_3D('',#18072,#14503,#14504);
#12794=AXIS2_PLACEMENT_3D('',#18074,#14505,#14506);
#12795=AXIS2_PLACEMENT_3D('',#18077,#14508,#14509);
#12796=AXIS2_PLACEMENT_3D('',#18078,#14510,#14511);
#12797=AXIS2_PLACEMENT_3D('',#18081,#14514,#14515);
#12798=AXIS2_PLACEMENT_3D('',#18082,#14516,#14517);
#12799=AXIS2_PLACEMENT_3D('',#18083,#14518,#14519);
#12800=AXIS2_PLACEMENT_3D('',#18092,#14524,#14525);
#12801=AXIS2_PLACEMENT_3D('',#18098,#14529,#14530);
#12802=AXIS2_PLACEMENT_3D('',#18104,#14534,#14535);
#12803=AXIS2_PLACEMENT_3D('',#18107,#14538,#14539);
#12804=AXIS2_PLACEMENT_3D('',#18108,#14540,#14541);
#12805=AXIS2_PLACEMENT_3D('',#18109,#14542,#14543);
#12806=AXIS2_PLACEMENT_3D('',#18118,#14548,#14549);
#12807=AXIS2_PLACEMENT_3D('',#18124,#14553,#14554);
#12808=AXIS2_PLACEMENT_3D('',#18130,#14558,#14559);
#12809=AXIS2_PLACEMENT_3D('',#18133,#14562,#14563);
#12810=AXIS2_PLACEMENT_3D('',#18134,#14564,#14565);
#12811=AXIS2_PLACEMENT_3D('',#18135,#14566,#14567);
#12812=AXIS2_PLACEMENT_3D('',#18144,#14572,#14573);
#12813=AXIS2_PLACEMENT_3D('',#18150,#14577,#14578);
#12814=AXIS2_PLACEMENT_3D('',#18156,#14582,#14583);
#12815=AXIS2_PLACEMENT_3D('',#18159,#14586,#14587);
#12816=AXIS2_PLACEMENT_3D('',#18160,#14588,#14589);
#12817=AXIS2_PLACEMENT_3D('',#18161,#14590,#14591);
#12818=AXIS2_PLACEMENT_3D('',#18170,#14596,#14597);
#12819=AXIS2_PLACEMENT_3D('',#18176,#14601,#14602);
#12820=AXIS2_PLACEMENT_3D('',#18182,#14606,#14607);
#12821=AXIS2_PLACEMENT_3D('',#18185,#14610,#14611);
#12822=AXIS2_PLACEMENT_3D('',#18186,#14612,#14613);
#12823=AXIS2_PLACEMENT_3D('',#18187,#14614,#14615);
#12824=AXIS2_PLACEMENT_3D('',#18196,#14620,#14621);
#12825=AXIS2_PLACEMENT_3D('',#18202,#14625,#14626);
#12826=AXIS2_PLACEMENT_3D('',#18208,#14630,#14631);
#12827=AXIS2_PLACEMENT_3D('',#18211,#14634,#14635);
#12828=AXIS2_PLACEMENT_3D('',#18212,#14636,#14637);
#12829=AXIS2_PLACEMENT_3D('',#18213,#14638,#14639);
#12830=AXIS2_PLACEMENT_3D('',#18222,#14644,#14645);
#12831=AXIS2_PLACEMENT_3D('',#18228,#14649,#14650);
#12832=AXIS2_PLACEMENT_3D('',#18234,#14654,#14655);
#12833=AXIS2_PLACEMENT_3D('',#18237,#14658,#14659);
#12834=AXIS2_PLACEMENT_3D('',#18238,#14660,#14661);
#12835=AXIS2_PLACEMENT_3D('',#18239,#14662,#14663);
#12836=AXIS2_PLACEMENT_3D('',#18248,#14668,#14669);
#12837=AXIS2_PLACEMENT_3D('',#18254,#14673,#14674);
#12838=AXIS2_PLACEMENT_3D('',#18260,#14678,#14679);
#12839=AXIS2_PLACEMENT_3D('',#18263,#14682,#14683);
#12840=AXIS2_PLACEMENT_3D('',#18264,#14684,#14685);
#12841=AXIS2_PLACEMENT_3D('',#18265,#14686,#14687);
#12842=AXIS2_PLACEMENT_3D('',#18274,#14692,#14693);
#12843=AXIS2_PLACEMENT_3D('',#18280,#14697,#14698);
#12844=AXIS2_PLACEMENT_3D('',#18286,#14702,#14703);
#12845=AXIS2_PLACEMENT_3D('',#18289,#14706,#14707);
#12846=AXIS2_PLACEMENT_3D('',#18290,#14708,#14709);
#12847=AXIS2_PLACEMENT_3D('',#18291,#14710,#14711);
#12848=AXIS2_PLACEMENT_3D('',#18292,#14712,#14713);
#12849=AXIS2_PLACEMENT_3D('',#18293,#14714,#14715);
#12850=AXIS2_PLACEMENT_3D('',#18294,#14716,#14717);
#12851=AXIS2_PLACEMENT_3D('',#18297,#14718,#14719);
#12852=AXIS2_PLACEMENT_3D('',#18299,#14720,#14721);
#12853=AXIS2_PLACEMENT_3D('',#18300,#14722,#14723);
#12854=AXIS2_PLACEMENT_3D('',#18301,#14724,#14725);
#12855=AXIS2_PLACEMENT_3D('',#18304,#14726,#14727);
#12856=AXIS2_PLACEMENT_3D('',#18306,#14728,#14729);
#12857=AXIS2_PLACEMENT_3D('',#18307,#14730,#14731);
#12858=AXIS2_PLACEMENT_3D('',#18308,#14732,#14733);
#12859=AXIS2_PLACEMENT_3D('',#18311,#14734,#14735);
#12860=AXIS2_PLACEMENT_3D('',#18313,#14736,#14737);
#12861=AXIS2_PLACEMENT_3D('',#18314,#14738,#14739);
#12862=AXIS2_PLACEMENT_3D('',#18315,#14740,#14741);
#12863=AXIS2_PLACEMENT_3D('',#18318,#14742,#14743);
#12864=AXIS2_PLACEMENT_3D('',#18320,#14744,#14745);
#12865=AXIS2_PLACEMENT_3D('',#18321,#14746,#14747);
#12866=AXIS2_PLACEMENT_3D('',#18322,#14748,#14749);
#12867=AXIS2_PLACEMENT_3D('',#18325,#14750,#14751);
#12868=AXIS2_PLACEMENT_3D('',#18327,#14752,#14753);
#12869=AXIS2_PLACEMENT_3D('',#18328,#14754,#14755);
#12870=AXIS2_PLACEMENT_3D('',#18329,#14756,#14757);
#12871=AXIS2_PLACEMENT_3D('',#18332,#14760,#14761);
#12872=AXIS2_PLACEMENT_3D('',#18335,#14762,#14763);
#12873=AXIS2_PLACEMENT_3D('',#18337,#14764,#14765);
#12874=AXIS2_PLACEMENT_3D('',#18338,#14766,#14767);
#12875=AXIS2_PLACEMENT_3D('',#18339,#14768,#14769);
#12876=AXIS2_PLACEMENT_3D('',#18342,#14770,#14771);
#12877=AXIS2_PLACEMENT_3D('',#18344,#14772,#14773);
#12878=AXIS2_PLACEMENT_3D('',#18345,#14774,#14775);
#12879=AXIS2_PLACEMENT_3D('',#18346,#14776,#14777);
#12880=AXIS2_PLACEMENT_3D('',#18349,#14780,#14781);
#12881=AXIS2_PLACEMENT_3D('',#18352,#14784,#14785);
#12882=AXIS2_PLACEMENT_3D('',#18355,#14786,#14787);
#12883=AXIS2_PLACEMENT_3D('',#18357,#14788,#14789);
#12884=AXIS2_PLACEMENT_3D('',#18358,#14790,#14791);
#12885=AXIS2_PLACEMENT_3D('',#18359,#14792,#14793);
#12886=AXIS2_PLACEMENT_3D('',#18362,#14796,#14797);
#12887=AXIS2_PLACEMENT_3D('',#18365,#14800,#14801);
#12888=AXIS2_PLACEMENT_3D('',#18368,#14804,#14805);
#12889=AXIS2_PLACEMENT_3D('',#18371,#14808,#14809);
#12890=AXIS2_PLACEMENT_3D('',#18374,#14812,#14813);
#12891=AXIS2_PLACEMENT_3D('',#18377,#14816,#14817);
#12892=AXIS2_PLACEMENT_3D('',#18380,#14820,#14821);
#12893=AXIS2_PLACEMENT_3D('',#18383,#14824,#14825);
#12894=AXIS2_PLACEMENT_3D('',#18386,#14828,#14829);
#12895=AXIS2_PLACEMENT_3D('',#18387,#14830,#14831);
#12896=AXIS2_PLACEMENT_3D('',#18388,#14832,#14833);
#12897=AXIS2_PLACEMENT_3D('',#18389,#14834,#14835);
#12898=AXIS2_PLACEMENT_3D('',#18390,#14836,#14837);
#12899=AXIS2_PLACEMENT_3D('',#18391,#14838,#14839);
#12900=AXIS2_PLACEMENT_3D('',#18392,#14840,#14841);
#12901=AXIS2_PLACEMENT_3D('',#18395,#14842,#14843);
#12902=AXIS2_PLACEMENT_3D('',#18397,#14844,#14845);
#12903=AXIS2_PLACEMENT_3D('',#18398,#14846,#14847);
#12904=AXIS2_PLACEMENT_3D('',#18399,#14848,#14849);
#12905=AXIS2_PLACEMENT_3D('',#18402,#14850,#14851);
#12906=AXIS2_PLACEMENT_3D('',#18404,#14852,#14853);
#12907=AXIS2_PLACEMENT_3D('',#18405,#14854,#14855);
#12908=AXIS2_PLACEMENT_3D('',#18406,#14856,#14857);
#12909=AXIS2_PLACEMENT_3D('',#18409,#14858,#14859);
#12910=AXIS2_PLACEMENT_3D('',#18411,#14860,#14861);
#12911=AXIS2_PLACEMENT_3D('',#18412,#14862,#14863);
#12912=AXIS2_PLACEMENT_3D('',#18413,#14864,#14865);
#12913=AXIS2_PLACEMENT_3D('',#18416,#14866,#14867);
#12914=AXIS2_PLACEMENT_3D('',#18418,#14868,#14869);
#12915=AXIS2_PLACEMENT_3D('',#18419,#14870,#14871);
#12916=AXIS2_PLACEMENT_3D('',#18420,#14872,#14873);
#12917=AXIS2_PLACEMENT_3D('',#18423,#14874,#14875);
#12918=AXIS2_PLACEMENT_3D('',#18425,#14876,#14877);
#12919=AXIS2_PLACEMENT_3D('',#18426,#14878,#14879);
#12920=AXIS2_PLACEMENT_3D('',#18427,#14880,#14881);
#12921=AXIS2_PLACEMENT_3D('',#18430,#14884,#14885);
#12922=AXIS2_PLACEMENT_3D('',#18433,#14886,#14887);
#12923=AXIS2_PLACEMENT_3D('',#18435,#14888,#14889);
#12924=AXIS2_PLACEMENT_3D('',#18436,#14890,#14891);
#12925=AXIS2_PLACEMENT_3D('',#18437,#14892,#14893);
#12926=AXIS2_PLACEMENT_3D('',#18440,#14894,#14895);
#12927=AXIS2_PLACEMENT_3D('',#18442,#14896,#14897);
#12928=AXIS2_PLACEMENT_3D('',#18443,#14898,#14899);
#12929=AXIS2_PLACEMENT_3D('',#18444,#14900,#14901);
#12930=AXIS2_PLACEMENT_3D('',#18447,#14904,#14905);
#12931=AXIS2_PLACEMENT_3D('',#18450,#14908,#14909);
#12932=AXIS2_PLACEMENT_3D('',#18453,#14910,#14911);
#12933=AXIS2_PLACEMENT_3D('',#18455,#14912,#14913);
#12934=AXIS2_PLACEMENT_3D('',#18456,#14914,#14915);
#12935=AXIS2_PLACEMENT_3D('',#18457,#14916,#14917);
#12936=AXIS2_PLACEMENT_3D('',#18460,#14920,#14921);
#12937=AXIS2_PLACEMENT_3D('',#18463,#14924,#14925);
#12938=AXIS2_PLACEMENT_3D('',#18466,#14928,#14929);
#12939=AXIS2_PLACEMENT_3D('',#18469,#14932,#14933);
#12940=AXIS2_PLACEMENT_3D('',#18472,#14936,#14937);
#12941=AXIS2_PLACEMENT_3D('',#18475,#14940,#14941);
#12942=AXIS2_PLACEMENT_3D('',#18478,#14944,#14945);
#12943=AXIS2_PLACEMENT_3D('',#18481,#14948,#14949);
#12944=AXIS2_PLACEMENT_3D('',#18484,#14952,#14953);
#12945=AXIS2_PLACEMENT_3D('',#18485,#14954,#14955);
#12946=AXIS2_PLACEMENT_3D('',#18486,#14956,#14957);
#12947=AXIS2_PLACEMENT_3D('',#18487,#14958,#14959);
#12948=AXIS2_PLACEMENT_3D('',#18488,#14960,#14961);
#12949=AXIS2_PLACEMENT_3D('',#18489,#14962,#14963);
#12950=AXIS2_PLACEMENT_3D('',#18490,#14964,#14965);
#12951=AXIS2_PLACEMENT_3D('',#18499,#14970,#14971);
#12952=AXIS2_PLACEMENT_3D('',#18505,#14975,#14976);
#12953=AXIS2_PLACEMENT_3D('',#18511,#14980,#14981);
#12954=AXIS2_PLACEMENT_3D('',#18514,#14984,#14985);
#12955=AXIS2_PLACEMENT_3D('',#18515,#14986,#14987);
#12956=AXIS2_PLACEMENT_3D('',#18516,#14988,#14989);
#12957=AXIS2_PLACEMENT_3D('',#18517,#14990,#14991);
#12958=AXIS2_PLACEMENT_3D('',#18518,#14992,#14993);
#12959=AXIS2_PLACEMENT_3D('',#18519,#14994,#14995);
#12960=AXIS2_PLACEMENT_3D('',#18520,#14996,#14997);
#12961=AXIS2_PLACEMENT_3D('',#18529,#15002,#15003);
#12962=AXIS2_PLACEMENT_3D('',#18535,#15007,#15008);
#12963=AXIS2_PLACEMENT_3D('',#18541,#15012,#15013);
#12964=AXIS2_PLACEMENT_3D('',#18547,#15017,#15018);
#12965=AXIS2_PLACEMENT_3D('',#18553,#15022,#15023);
#12966=AXIS2_PLACEMENT_3D('',#18555,#15024,#15025);
#12967=AXIS2_PLACEMENT_3D('',#18557,#15026,#15027);
#12968=AXIS2_PLACEMENT_3D('',#18559,#15029,#15030);
#12969=AXIS2_PLACEMENT_3D('',#18565,#15034,#15035);
#12970=AXIS2_PLACEMENT_3D('',#18567,#15036,#15037);
#12971=AXIS2_PLACEMENT_3D('',#18569,#15038,#15039);
#12972=AXIS2_PLACEMENT_3D('',#18571,#15041,#15042);
#12973=AXIS2_PLACEMENT_3D('',#18573,#15043,#15044);
#12974=AXIS2_PLACEMENT_3D('',#18575,#15045,#15046);
#12975=AXIS2_PLACEMENT_3D('',#18577,#15048,#15049);
#12976=AXIS2_PLACEMENT_3D('',#18583,#15053,#15054);
#12977=AXIS2_PLACEMENT_3D('',#18585,#15055,#15056);
#12978=AXIS2_PLACEMENT_3D('',#18587,#15057,#15058);
#12979=AXIS2_PLACEMENT_3D('',#18589,#15060,#15061);
#12980=AXIS2_PLACEMENT_3D('',#18591,#15062,#15063);
#12981=AXIS2_PLACEMENT_3D('',#18593,#15064,#15065);
#12982=AXIS2_PLACEMENT_3D('',#18595,#15067,#15068);
#12983=AXIS2_PLACEMENT_3D('',#18601,#15072,#15073);
#12984=AXIS2_PLACEMENT_3D('',#18603,#15074,#15075);
#12985=AXIS2_PLACEMENT_3D('',#18605,#15076,#15077);
#12986=AXIS2_PLACEMENT_3D('',#18607,#15079,#15080);
#12987=AXIS2_PLACEMENT_3D('',#18613,#15084,#15085);
#12988=AXIS2_PLACEMENT_3D('',#18619,#15089,#15090);
#12989=AXIS2_PLACEMENT_3D('',#18625,#15094,#15095);
#12990=AXIS2_PLACEMENT_3D('',#18627,#15096,#15097);
#12991=AXIS2_PLACEMENT_3D('',#18629,#15098,#15099);
#12992=AXIS2_PLACEMENT_3D('',#18631,#15101,#15102);
#12993=AXIS2_PLACEMENT_3D('',#18637,#15106,#15107);
#12994=AXIS2_PLACEMENT_3D('',#18639,#15108,#15109);
#12995=AXIS2_PLACEMENT_3D('',#18641,#15110,#15111);
#12996=AXIS2_PLACEMENT_3D('',#18643,#15113,#15114);
#12997=AXIS2_PLACEMENT_3D('',#18649,#15118,#15119);
#12998=AXIS2_PLACEMENT_3D('',#18655,#15123,#15124);
#12999=AXIS2_PLACEMENT_3D('',#18658,#15127,#15128);
#13000=AXIS2_PLACEMENT_3D('',#18659,#15129,#15130);
#13001=AXIS2_PLACEMENT_3D('',#18660,#15131,#15132);
#13002=AXIS2_PLACEMENT_3D('',#18669,#15137,#15138);
#13003=AXIS2_PLACEMENT_3D('',#18675,#15142,#15143);
#13004=AXIS2_PLACEMENT_3D('',#18681,#15147,#15148);
#13005=AXIS2_PLACEMENT_3D('',#18687,#15152,#15153);
#13006=AXIS2_PLACEMENT_3D('',#18693,#15157,#15158);
#13007=AXIS2_PLACEMENT_3D('',#18695,#15159,#15160);
#13008=AXIS2_PLACEMENT_3D('',#18698,#15162,#15163);
#13009=AXIS2_PLACEMENT_3D('',#18699,#15164,#15165);
#13010=AXIS2_PLACEMENT_3D('',#18705,#15169,#15170);
#13011=AXIS2_PLACEMENT_3D('',#18707,#15171,#15172);
#13012=AXIS2_PLACEMENT_3D('',#18710,#15174,#15175);
#13013=AXIS2_PLACEMENT_3D('',#18711,#15176,#15177);
#13014=AXIS2_PLACEMENT_3D('',#18717,#15181,#15182);
#13015=AXIS2_PLACEMENT_3D('',#18719,#15183,#15184);
#13016=AXIS2_PLACEMENT_3D('',#18722,#15186,#15187);
#13017=AXIS2_PLACEMENT_3D('',#18723,#15188,#15189);
#13018=AXIS2_PLACEMENT_3D('',#18729,#15193,#15194);
#13019=AXIS2_PLACEMENT_3D('',#18735,#15198,#15199);
#13020=AXIS2_PLACEMENT_3D('',#18737,#15200,#15201);
#13021=AXIS2_PLACEMENT_3D('',#18740,#15203,#15204);
#13022=AXIS2_PLACEMENT_3D('',#18741,#15205,#15206);
#13023=AXIS2_PLACEMENT_3D('',#18747,#15210,#15211);
#13024=AXIS2_PLACEMENT_3D('',#18749,#15212,#15213);
#13025=AXIS2_PLACEMENT_3D('',#18752,#15215,#15216);
#13026=AXIS2_PLACEMENT_3D('',#18753,#15217,#15218);
#13027=AXIS2_PLACEMENT_3D('',#18759,#15222,#15223);
#13028=AXIS2_PLACEMENT_3D('',#18761,#15224,#15225);
#13029=AXIS2_PLACEMENT_3D('',#18764,#15227,#15228);
#13030=AXIS2_PLACEMENT_3D('',#18765,#15229,#15230);
#13031=AXIS2_PLACEMENT_3D('',#18768,#15233,#15234);
#13032=AXIS2_PLACEMENT_3D('',#18769,#15235,#15236);
#13033=AXIS2_PLACEMENT_3D('',#18770,#15237,#15238);
#13034=AXIS2_PLACEMENT_3D('',#18779,#15243,#15244);
#13035=AXIS2_PLACEMENT_3D('',#18785,#15248,#15249);
#13036=AXIS2_PLACEMENT_3D('',#18791,#15253,#15254);
#13037=AXIS2_PLACEMENT_3D('',#18797,#15258,#15259);
#13038=AXIS2_PLACEMENT_3D('',#18803,#15263,#15264);
#13039=AXIS2_PLACEMENT_3D('',#18805,#15265,#15266);
#13040=AXIS2_PLACEMENT_3D('',#18808,#15268,#15269);
#13041=AXIS2_PLACEMENT_3D('',#18809,#15270,#15271);
#13042=AXIS2_PLACEMENT_3D('',#18815,#15275,#15276);
#13043=AXIS2_PLACEMENT_3D('',#18817,#15277,#15278);
#13044=AXIS2_PLACEMENT_3D('',#18820,#15280,#15281);
#13045=AXIS2_PLACEMENT_3D('',#18821,#15282,#15283);
#13046=AXIS2_PLACEMENT_3D('',#18827,#15287,#15288);
#13047=AXIS2_PLACEMENT_3D('',#18829,#15289,#15290);
#13048=AXIS2_PLACEMENT_3D('',#18832,#15292,#15293);
#13049=AXIS2_PLACEMENT_3D('',#18833,#15294,#15295);
#13050=AXIS2_PLACEMENT_3D('',#18839,#15299,#15300);
#13051=AXIS2_PLACEMENT_3D('',#18845,#15304,#15305);
#13052=AXIS2_PLACEMENT_3D('',#18847,#15306,#15307);
#13053=AXIS2_PLACEMENT_3D('',#18850,#15309,#15310);
#13054=AXIS2_PLACEMENT_3D('',#18851,#15311,#15312);
#13055=AXIS2_PLACEMENT_3D('',#18857,#15316,#15317);
#13056=AXIS2_PLACEMENT_3D('',#18859,#15318,#15319);
#13057=AXIS2_PLACEMENT_3D('',#18862,#15321,#15322);
#13058=AXIS2_PLACEMENT_3D('',#18863,#15323,#15324);
#13059=AXIS2_PLACEMENT_3D('',#18869,#15328,#15329);
#13060=AXIS2_PLACEMENT_3D('',#18871,#15330,#15331);
#13061=AXIS2_PLACEMENT_3D('',#18874,#15333,#15334);
#13062=AXIS2_PLACEMENT_3D('',#18875,#15335,#15336);
#13063=AXIS2_PLACEMENT_3D('',#18878,#15339,#15340);
#13064=AXIS2_PLACEMENT_3D('',#18879,#15341,#15342);
#13065=AXIS2_PLACEMENT_3D('',#18880,#15343,#15344);
#13066=AXIS2_PLACEMENT_3D('',#18889,#15349,#15350);
#13067=AXIS2_PLACEMENT_3D('',#18895,#15354,#15355);
#13068=AXIS2_PLACEMENT_3D('',#18901,#15359,#15360);
#13069=AXIS2_PLACEMENT_3D('',#18907,#15364,#15365);
#13070=AXIS2_PLACEMENT_3D('',#18913,#15369,#15370);
#13071=AXIS2_PLACEMENT_3D('',#18915,#15371,#15372);
#13072=AXIS2_PLACEMENT_3D('',#18918,#15374,#15375);
#13073=AXIS2_PLACEMENT_3D('',#18919,#15376,#15377);
#13074=AXIS2_PLACEMENT_3D('',#18925,#15381,#15382);
#13075=AXIS2_PLACEMENT_3D('',#18927,#15383,#15384);
#13076=AXIS2_PLACEMENT_3D('',#18930,#15386,#15387);
#13077=AXIS2_PLACEMENT_3D('',#18931,#15388,#15389);
#13078=AXIS2_PLACEMENT_3D('',#18937,#15393,#15394);
#13079=AXIS2_PLACEMENT_3D('',#18939,#15395,#15396);
#13080=AXIS2_PLACEMENT_3D('',#18942,#15398,#15399);
#13081=AXIS2_PLACEMENT_3D('',#18943,#15400,#15401);
#13082=AXIS2_PLACEMENT_3D('',#18949,#15405,#15406);
#13083=AXIS2_PLACEMENT_3D('',#18955,#15410,#15411);
#13084=AXIS2_PLACEMENT_3D('',#18957,#15412,#15413);
#13085=AXIS2_PLACEMENT_3D('',#18960,#15415,#15416);
#13086=AXIS2_PLACEMENT_3D('',#18961,#15417,#15418);
#13087=AXIS2_PLACEMENT_3D('',#18967,#15422,#15423);
#13088=AXIS2_PLACEMENT_3D('',#18969,#15424,#15425);
#13089=AXIS2_PLACEMENT_3D('',#18972,#15427,#15428);
#13090=AXIS2_PLACEMENT_3D('',#18973,#15429,#15430);
#13091=AXIS2_PLACEMENT_3D('',#18979,#15434,#15435);
#13092=AXIS2_PLACEMENT_3D('',#18981,#15436,#15437);
#13093=AXIS2_PLACEMENT_3D('',#18984,#15439,#15440);
#13094=AXIS2_PLACEMENT_3D('',#18985,#15441,#15442);
#13095=AXIS2_PLACEMENT_3D('',#18988,#15445,#15446);
#13096=AXIS2_PLACEMENT_3D('',#18989,#15447,#15448);
#13097=AXIS2_PLACEMENT_3D('',#18990,#15449,#15450);
#13098=AXIS2_PLACEMENT_3D('',#18999,#15455,#15456);
#13099=AXIS2_PLACEMENT_3D('',#19005,#15460,#15461);
#13100=AXIS2_PLACEMENT_3D('',#19011,#15465,#15466);
#13101=AXIS2_PLACEMENT_3D('',#19017,#15470,#15471);
#13102=AXIS2_PLACEMENT_3D('',#19023,#15475,#15476);
#13103=AXIS2_PLACEMENT_3D('',#19025,#15477,#15478);
#13104=AXIS2_PLACEMENT_3D('',#19028,#15480,#15481);
#13105=AXIS2_PLACEMENT_3D('',#19029,#15482,#15483);
#13106=AXIS2_PLACEMENT_3D('',#19035,#15487,#15488);
#13107=AXIS2_PLACEMENT_3D('',#19037,#15489,#15490);
#13108=AXIS2_PLACEMENT_3D('',#19040,#15492,#15493);
#13109=AXIS2_PLACEMENT_3D('',#19041,#15494,#15495);
#13110=AXIS2_PLACEMENT_3D('',#19043,#15496,#15497);
#13111=AXIS2_PLACEMENT_3D('',#19046,#15499,#15500);
#13112=AXIS2_PLACEMENT_3D('',#19047,#15501,#15502);
#13113=AXIS2_PLACEMENT_3D('',#19053,#15506,#15507);
#13114=AXIS2_PLACEMENT_3D('',#19055,#15508,#15509);
#13115=AXIS2_PLACEMENT_3D('',#19058,#15511,#15512);
#13116=AXIS2_PLACEMENT_3D('',#19059,#15513,#15514);
#13117=AXIS2_PLACEMENT_3D('',#19061,#15515,#15516);
#13118=AXIS2_PLACEMENT_3D('',#19064,#15518,#15519);
#13119=AXIS2_PLACEMENT_3D('',#19065,#15520,#15521);
#13120=AXIS2_PLACEMENT_3D('',#19071,#15525,#15526);
#13121=AXIS2_PLACEMENT_3D('',#19073,#15527,#15528);
#13122=AXIS2_PLACEMENT_3D('',#19076,#15530,#15531);
#13123=AXIS2_PLACEMENT_3D('',#19077,#15532,#15533);
#13124=AXIS2_PLACEMENT_3D('',#19083,#15537,#15538);
#13125=AXIS2_PLACEMENT_3D('',#19089,#15542,#15543);
#13126=AXIS2_PLACEMENT_3D('',#19095,#15547,#15548);
#13127=AXIS2_PLACEMENT_3D('',#19097,#15549,#15550);
#13128=AXIS2_PLACEMENT_3D('',#19100,#15552,#15553);
#13129=AXIS2_PLACEMENT_3D('',#19101,#15554,#15555);
#13130=AXIS2_PLACEMENT_3D('',#19107,#15559,#15560);
#13131=AXIS2_PLACEMENT_3D('',#19109,#15561,#15562);
#13132=AXIS2_PLACEMENT_3D('',#19112,#15564,#15565);
#13133=AXIS2_PLACEMENT_3D('',#19113,#15566,#15567);
#13134=AXIS2_PLACEMENT_3D('',#19119,#15571,#15572);
#13135=AXIS2_PLACEMENT_3D('',#19125,#15576,#15577);
#13136=AXIS2_PLACEMENT_3D('',#19128,#15580,#15581);
#13137=AXIS2_PLACEMENT_3D('',#19129,#15582,#15583);
#13138=AXIS2_PLACEMENT_3D('',#19130,#15584,#15585);
#13139=AXIS2_PLACEMENT_3D('',#19139,#15590,#15591);
#13140=AXIS2_PLACEMENT_3D('',#19145,#15595,#15596);
#13141=AXIS2_PLACEMENT_3D('',#19151,#15600,#15601);
#13142=AXIS2_PLACEMENT_3D('',#19157,#15605,#15606);
#13143=AXIS2_PLACEMENT_3D('',#19163,#15610,#15611);
#13144=AXIS2_PLACEMENT_3D('',#19165,#15612,#15613);
#13145=AXIS2_PLACEMENT_3D('',#19168,#15615,#15616);
#13146=AXIS2_PLACEMENT_3D('',#19169,#15617,#15618);
#13147=AXIS2_PLACEMENT_3D('',#19175,#15622,#15623);
#13148=AXIS2_PLACEMENT_3D('',#19177,#15624,#15625);
#13149=AXIS2_PLACEMENT_3D('',#19180,#15627,#15628);
#13150=AXIS2_PLACEMENT_3D('',#19181,#15629,#15630);
#13151=AXIS2_PLACEMENT_3D('',#19187,#15634,#15635);
#13152=AXIS2_PLACEMENT_3D('',#19189,#15636,#15637);
#13153=AXIS2_PLACEMENT_3D('',#19192,#15639,#15640);
#13154=AXIS2_PLACEMENT_3D('',#19193,#15641,#15642);
#13155=AXIS2_PLACEMENT_3D('',#19199,#15646,#15647);
#13156=AXIS2_PLACEMENT_3D('',#19205,#15651,#15652);
#13157=AXIS2_PLACEMENT_3D('',#19207,#15653,#15654);
#13158=AXIS2_PLACEMENT_3D('',#19210,#15656,#15657);
#13159=AXIS2_PLACEMENT_3D('',#19211,#15658,#15659);
#13160=AXIS2_PLACEMENT_3D('',#19217,#15663,#15664);
#13161=AXIS2_PLACEMENT_3D('',#19219,#15665,#15666);
#13162=AXIS2_PLACEMENT_3D('',#19222,#15668,#15669);
#13163=AXIS2_PLACEMENT_3D('',#19223,#15670,#15671);
#13164=AXIS2_PLACEMENT_3D('',#19229,#15675,#15676);
#13165=AXIS2_PLACEMENT_3D('',#19231,#15677,#15678);
#13166=AXIS2_PLACEMENT_3D('',#19234,#15680,#15681);
#13167=AXIS2_PLACEMENT_3D('',#19235,#15682,#15683);
#13168=AXIS2_PLACEMENT_3D('',#19238,#15686,#15687);
#13169=AXIS2_PLACEMENT_3D('',#19239,#15688,#15689);
#13170=AXIS2_PLACEMENT_3D('',#19240,#15690,#15691);
#13171=AXIS2_PLACEMENT_3D('',#19281,#15712,#15713);
#13172=AXIS2_PLACEMENT_3D('',#19346,#15746,#15747);
#13173=AXIS2_PLACEMENT_3D('',#19352,#15751,#15752);
#13174=AXIS2_PLACEMENT_3D('',#19393,#15773,#15774);
#13175=AXIS2_PLACEMENT_3D('',#19399,#15778,#15779);
#13176=AXIS2_PLACEMENT_3D('',#19405,#15783,#15784);
#13177=AXIS2_PLACEMENT_3D('',#19416,#15791,#15792);
#13178=AXIS2_PLACEMENT_3D('',#19483,#15827,#15828);
#13179=AXIS2_PLACEMENT_3D('',#19486,#15831,#15832);
#13180=AXIS2_PLACEMENT_3D('',#19489,#15835,#15836);
#13181=AXIS2_PLACEMENT_3D('',#19492,#15839,#15840);
#13182=AXIS2_PLACEMENT_3D('',#19498,#15844,#15845);
#13183=AXIS2_PLACEMENT_3D('',#19504,#15849,#15850);
#13184=AXIS2_PLACEMENT_3D('',#19510,#15854,#15855);
#13185=AXIS2_PLACEMENT_3D('',#19516,#15859,#15860);
#13186=AXIS2_PLACEMENT_3D('',#19523,#15865,#15866);
#13187=AXIS2_PLACEMENT_3D('',#19530,#15871,#15872);
#13188=AXIS2_PLACEMENT_3D('',#19538,#15877,#15878);
#13189=AXIS2_PLACEMENT_3D('',#19550,#15885,#15886);
#13190=AXIS2_PLACEMENT_3D('',#19557,#15891,#15892);
#13191=AXIS2_PLACEMENT_3D('',#19576,#15903,#15904);
#13192=AXIS2_PLACEMENT_3D('',#19581,#15908,#15909);
#13193=AXIS2_PLACEMENT_3D('',#19588,#15914,#15915);
#13194=AXIS2_PLACEMENT_3D('',#19590,#15917,#15918);
#13195=AXIS2_PLACEMENT_3D('',#19592,#15920,#15921);
#13196=AXIS2_PLACEMENT_3D('',#19595,#15924,#15925);
#13197=AXIS2_PLACEMENT_3D('',#19597,#15927,#15928);
#13198=AXIS2_PLACEMENT_3D('',#19598,#15929,#15930);
#13199=AXIS2_PLACEMENT_3D('',#19600,#15932,#15933);
#13200=AXIS2_PLACEMENT_3D('',#19601,#15934,#15935);
#13201=AXIS2_PLACEMENT_3D('',#19611,#15941,#15942);
#13202=AXIS2_PLACEMENT_3D('',#19616,#15946,#15947);
#13203=AXIS2_PLACEMENT_3D('',#19620,#15950,#15951);
#13204=AXIS2_PLACEMENT_3D('',#19623,#15954,#15955);
#13205=AXIS2_PLACEMENT_3D('',#19624,#15956,#15957);
#13206=AXIS2_PLACEMENT_3D('',#19625,#15958,#15959);
#13207=AXIS2_PLACEMENT_3D('',#19627,#15961,#15962);
#13208=AXIS2_PLACEMENT_3D('',#19628,#15963,#15964);
#13209=AXIS2_PLACEMENT_3D('',#19629,#15965,#15966);
#13210=AXIS2_PLACEMENT_3D('',#19633,#15969,#15970);
#13211=AXIS2_PLACEMENT_3D('',#19635,#15972,#15973);
#13212=AXIS2_PLACEMENT_3D('',#19636,#15974,#15975);
#13213=AXIS2_PLACEMENT_3D('',#19637,#15976,#15977);
#13214=AXIS2_PLACEMENT_3D('',#19638,#15978,#15979);
#13215=AXIS2_PLACEMENT_3D('',#19642,#15983,#15984);
#13216=AXIS2_PLACEMENT_3D('',#19646,#15988,#15989);
#13217=AXIS2_PLACEMENT_3D('',#19650,#15993,#15994);
#13218=AXIS2_PLACEMENT_3D('',#19654,#15998,#15999);
#13219=AXIS2_PLACEMENT_3D('',#19655,#16000,#16001);
#13220=AXIS2_PLACEMENT_3D('',#19656,#16002,#16003);
#13221=AXIS2_PLACEMENT_3D('',#19657,#16004,#16005);
#13222=AXIS2_PLACEMENT_3D('',#19658,#16006,#16007);
#13223=AXIS2_PLACEMENT_3D('',#19659,#16008,#16009);
#13224=AXIS2_PLACEMENT_3D('',#19660,#16010,#16011);
#13225=AXIS2_PLACEMENT_3D('',#19661,#16012,#16013);
#13226=AXIS2_PLACEMENT_3D('',#19662,#16014,#16015);
#13227=AXIS2_PLACEMENT_3D('',#19671,#16020,#16021);
#13228=AXIS2_PLACEMENT_3D('',#19679,#16026,#16027);
#13229=AXIS2_PLACEMENT_3D('',#19685,#16031,#16032);
#13230=AXIS2_PLACEMENT_3D('',#19694,#16037,#16038);
#13231=AXIS2_PLACEMENT_3D('',#19700,#16042,#16043);
#13232=AXIS2_PLACEMENT_3D('',#19706,#16047,#16048);
#13233=AXIS2_PLACEMENT_3D('',#19712,#16052,#16053);
#13234=AXIS2_PLACEMENT_3D('',#19716,#16056,#16057);
#13235=AXIS2_PLACEMENT_3D('',#19726,#16063,#16064);
#13236=AXIS2_PLACEMENT_3D('',#19732,#16068,#16069);
#13237=AXIS2_PLACEMENT_3D('',#19738,#16073,#16074);
#13238=AXIS2_PLACEMENT_3D('',#19741,#16077,#16078);
#13239=AXIS2_PLACEMENT_3D('',#19745,#16081,#16082);
#13240=AXIS2_PLACEMENT_3D('',#19749,#16085,#16086);
#13241=AXIS2_PLACEMENT_3D('',#19754,#16090,#16091);
#13242=AXIS2_PLACEMENT_3D('',#19756,#16093,#16094);
#13243=AXIS2_PLACEMENT_3D('',#19760,#16097,#16098);
#13244=AXIS2_PLACEMENT_3D('',#19763,#16101,#16102);
#13245=AXIS2_PLACEMENT_3D('',#19769,#16106,#16107);
#13246=AXIS2_PLACEMENT_3D('',#19772,#16110,#16111);
#13247=AXIS2_PLACEMENT_3D('',#19778,#16115,#16116);
#13248=AXIS2_PLACEMENT_3D('',#19781,#16119,#16120);
#13249=AXIS2_PLACEMENT_3D('',#19783,#16122,#16123);
#13250=AXIS2_PLACEMENT_3D('',#19786,#16126,#16127);
#13251=AXIS2_PLACEMENT_3D('',#19787,#16128,#16129);
#13252=AXIS2_PLACEMENT_3D('',#19789,#16131,#16132);
#13253=AXIS2_PLACEMENT_3D('',#19791,#16134,#16135);
#13254=AXIS2_PLACEMENT_3D('',#19793,#16137,#16138);
#13255=AXIS2_PLACEMENT_3D('',#19795,#16140,#16141);
#13256=AXIS2_PLACEMENT_3D('',#19797,#16143,#16144);
#13257=AXIS2_PLACEMENT_3D('',#19799,#16146,#16147);
#13258=AXIS2_PLACEMENT_3D('',#19801,#16149,#16150);
#13259=AXIS2_PLACEMENT_3D('',#19803,#16152,#16153);
#13260=AXIS2_PLACEMENT_3D('',#19805,#16155,#16156);
#13261=AXIS2_PLACEMENT_3D('',#19807,#16158,#16159);
#13262=AXIS2_PLACEMENT_3D('',#19809,#16161,#16162);
#13263=AXIS2_PLACEMENT_3D('',#19811,#16164,#16165);
#13264=AXIS2_PLACEMENT_3D('',#19813,#16167,#16168);
#13265=AXIS2_PLACEMENT_3D('',#19815,#16170,#16171);
#13266=AXIS2_PLACEMENT_3D('',#19816,#16172,#16173);
#13267=AXIS2_PLACEMENT_3D('',#19817,#16174,#16175);
#13268=AXIS2_PLACEMENT_3D('',#19818,#16176,#16177);
#13269=AXIS2_PLACEMENT_3D('',#19819,#16178,#16179);
#13270=AXIS2_PLACEMENT_3D('',#19820,#16180,#16181);
#13271=AXIS2_PLACEMENT_3D('',#19821,#16182,#16183);
#13272=AXIS2_PLACEMENT_3D('',#19822,#16184,#16185);
#13273=AXIS2_PLACEMENT_3D('',#19823,#16186,#16187);
#13274=AXIS2_PLACEMENT_3D('',#19826,#16188,#16189);
#13275=AXIS2_PLACEMENT_3D('',#19828,#16190,#16191);
#13276=AXIS2_PLACEMENT_3D('',#19829,#16192,#16193);
#13277=AXIS2_PLACEMENT_3D('',#19830,#16194,#16195);
#13278=AXIS2_PLACEMENT_3D('',#19833,#16196,#16197);
#13279=AXIS2_PLACEMENT_3D('',#19835,#16198,#16199);
#13280=AXIS2_PLACEMENT_3D('',#19836,#16200,#16201);
#13281=AXIS2_PLACEMENT_3D('',#19837,#16202,#16203);
#13282=AXIS2_PLACEMENT_3D('',#19840,#16206,#16207);
#13283=AXIS2_PLACEMENT_3D('',#19843,#16208,#16209);
#13284=AXIS2_PLACEMENT_3D('',#19845,#16210,#16211);
#13285=AXIS2_PLACEMENT_3D('',#19846,#16212,#16213);
#13286=AXIS2_PLACEMENT_3D('',#19847,#16214,#16215);
#13287=AXIS2_PLACEMENT_3D('',#19850,#16216,#16217);
#13288=AXIS2_PLACEMENT_3D('',#19852,#16218,#16219);
#13289=AXIS2_PLACEMENT_3D('',#19853,#16220,#16221);
#13290=AXIS2_PLACEMENT_3D('',#19854,#16222,#16223);
#13291=AXIS2_PLACEMENT_3D('',#19857,#16224,#16225);
#13292=AXIS2_PLACEMENT_3D('',#19859,#16226,#16227);
#13293=AXIS2_PLACEMENT_3D('',#19860,#16228,#16229);
#13294=AXIS2_PLACEMENT_3D('',#19861,#16230,#16231);
#13295=AXIS2_PLACEMENT_3D('',#19864,#16232,#16233);
#13296=AXIS2_PLACEMENT_3D('',#19866,#16234,#16235);
#13297=AXIS2_PLACEMENT_3D('',#19867,#16236,#16237);
#13298=AXIS2_PLACEMENT_3D('',#19868,#16238,#16239);
#13299=AXIS2_PLACEMENT_3D('',#19871,#16242,#16243);
#13300=AXIS2_PLACEMENT_3D('',#19874,#16246,#16247);
#13301=AXIS2_PLACEMENT_3D('',#19877,#16248,#16249);
#13302=AXIS2_PLACEMENT_3D('',#19879,#16250,#16251);
#13303=AXIS2_PLACEMENT_3D('',#19880,#16252,#16253);
#13304=AXIS2_PLACEMENT_3D('',#19881,#16254,#16255);
#13305=AXIS2_PLACEMENT_3D('',#19884,#16256,#16257);
#13306=AXIS2_PLACEMENT_3D('',#19886,#16258,#16259);
#13307=AXIS2_PLACEMENT_3D('',#19887,#16260,#16261);
#13308=AXIS2_PLACEMENT_3D('',#19888,#16262,#16263);
#13309=AXIS2_PLACEMENT_3D('',#19891,#16266,#16267);
#13310=AXIS2_PLACEMENT_3D('',#19894,#16270,#16271);
#13311=AXIS2_PLACEMENT_3D('',#19897,#16274,#16275);
#13312=AXIS2_PLACEMENT_3D('',#19900,#16278,#16279);
#13313=AXIS2_PLACEMENT_3D('',#19903,#16282,#16283);
#13314=AXIS2_PLACEMENT_3D('',#19906,#16286,#16287);
#13315=AXIS2_PLACEMENT_3D('',#19909,#16290,#16291);
#13316=AXIS2_PLACEMENT_3D('',#19912,#16294,#16295);
#13317=AXIS2_PLACEMENT_3D('',#19915,#16298,#16299);
#13318=AXIS2_PLACEMENT_3D('',#19916,#16300,#16301);
#13319=AXIS2_PLACEMENT_3D('',#19917,#16302,#16303);
#13320=AXIS2_PLACEMENT_3D('',#19918,#16304,#16305);
#13321=AXIS2_PLACEMENT_3D('',#19919,#16306,#16307);
#13322=AXIS2_PLACEMENT_3D('',#19920,#16308,#16309);
#13323=AXIS2_PLACEMENT_3D('',#19923,#16310,#16311);
#13324=AXIS2_PLACEMENT_3D('',#19925,#16312,#16313);
#13325=AXIS2_PLACEMENT_3D('',#19926,#16314,#16315);
#13326=AXIS2_PLACEMENT_3D('',#19927,#16316,#16317);
#13327=AXIS2_PLACEMENT_3D('',#19930,#16318,#16319);
#13328=AXIS2_PLACEMENT_3D('',#19932,#16320,#16321);
#13329=AXIS2_PLACEMENT_3D('',#19933,#16322,#16323);
#13330=AXIS2_PLACEMENT_3D('',#19934,#16324,#16325);
#13331=AXIS2_PLACEMENT_3D('',#19937,#16328,#16329);
#13332=AXIS2_PLACEMENT_3D('',#19940,#16330,#16331);
#13333=AXIS2_PLACEMENT_3D('',#19942,#16332,#16333);
#13334=AXIS2_PLACEMENT_3D('',#19943,#16334,#16335);
#13335=AXIS2_PLACEMENT_3D('',#19944,#16336,#16337);
#13336=AXIS2_PLACEMENT_3D('',#19947,#16338,#16339);
#13337=AXIS2_PLACEMENT_3D('',#19949,#16340,#16341);
#13338=AXIS2_PLACEMENT_3D('',#19950,#16342,#16343);
#13339=AXIS2_PLACEMENT_3D('',#19951,#16344,#16345);
#13340=AXIS2_PLACEMENT_3D('',#19954,#16346,#16347);
#13341=AXIS2_PLACEMENT_3D('',#19956,#16348,#16349);
#13342=AXIS2_PLACEMENT_3D('',#19957,#16350,#16351);
#13343=AXIS2_PLACEMENT_3D('',#19958,#16352,#16353);
#13344=AXIS2_PLACEMENT_3D('',#19961,#16354,#16355);
#13345=AXIS2_PLACEMENT_3D('',#19963,#16356,#16357);
#13346=AXIS2_PLACEMENT_3D('',#19964,#16358,#16359);
#13347=AXIS2_PLACEMENT_3D('',#19965,#16360,#16361);
#13348=AXIS2_PLACEMENT_3D('',#19968,#16364,#16365);
#13349=AXIS2_PLACEMENT_3D('',#19971,#16368,#16369);
#13350=AXIS2_PLACEMENT_3D('',#19974,#16370,#16371);
#13351=AXIS2_PLACEMENT_3D('',#19976,#16372,#16373);
#13352=AXIS2_PLACEMENT_3D('',#19977,#16374,#16375);
#13353=AXIS2_PLACEMENT_3D('',#19978,#16376,#16377);
#13354=AXIS2_PLACEMENT_3D('',#19981,#16378,#16379);
#13355=AXIS2_PLACEMENT_3D('',#19983,#16380,#16381);
#13356=AXIS2_PLACEMENT_3D('',#19984,#16382,#16383);
#13357=AXIS2_PLACEMENT_3D('',#19985,#16384,#16385);
#13358=AXIS2_PLACEMENT_3D('',#19988,#16388,#16389);
#13359=AXIS2_PLACEMENT_3D('',#19991,#16392,#16393);
#13360=AXIS2_PLACEMENT_3D('',#19994,#16396,#16397);
#13361=AXIS2_PLACEMENT_3D('',#19997,#16400,#16401);
#13362=AXIS2_PLACEMENT_3D('',#20000,#16404,#16405);
#13363=AXIS2_PLACEMENT_3D('',#20003,#16408,#16409);
#13364=AXIS2_PLACEMENT_3D('',#20006,#16412,#16413);
#13365=AXIS2_PLACEMENT_3D('',#20009,#16416,#16417);
#13366=AXIS2_PLACEMENT_3D('',#20012,#16420,#16421);
#13367=AXIS2_PLACEMENT_3D('',#20013,#16422,#16423);
#13368=AXIS2_PLACEMENT_3D('',#20014,#16424,#16425);
#13369=AXIS2_PLACEMENT_3D('',#20015,#16426,#16427);
#13370=AXIS2_PLACEMENT_3D('',#20016,#16428,#16429);
#13371=AXIS2_PLACEMENT_3D('',#20017,#16430,#16431);
#13372=AXIS2_PLACEMENT_3D('',#20026,#16436,#16437);
#13373=AXIS2_PLACEMENT_3D('',#20035,#16442,#16443);
#13374=AXIS2_PLACEMENT_3D('',#20038,#16446,#16447);
#13375=AXIS2_PLACEMENT_3D('',#20040,#16449,#16450);
#13376=AXIS2_PLACEMENT_3D('',#20042,#16452,#16453);
#13377=AXIS2_PLACEMENT_3D('',#20043,#16454,#16455);
#13378=AXIS2_PLACEMENT_3D('',#20044,#16456,#16457);
#13379=AXIS2_PLACEMENT_3D('',#20045,#16458,#16459);
#13380=AXIS2_PLACEMENT_3D('',#20046,#16460,#16461);
#13381=AXIS2_PLACEMENT_3D('',#20067,#16472,#16473);
#13382=AXIS2_PLACEMENT_3D('',#20088,#16484,#16485);
#13383=AXIS2_PLACEMENT_3D('',#20091,#16488,#16489);
#13384=AXIS2_PLACEMENT_3D('',#20094,#16492,#16493);
#13385=AXIS2_PLACEMENT_3D('',#20095,#16494,#16495);
#13386=AXIS2_PLACEMENT_3D('',#20114,#16506,#16507);
#13387=AXIS2_PLACEMENT_3D('',#20120,#16511,#16512);
#13388=AXIS2_PLACEMENT_3D('',#20137,#16521,#16522);
#13389=AXIS2_PLACEMENT_3D('',#20143,#16526,#16527);
#13390=AXIS2_PLACEMENT_3D('',#20147,#16530,#16531);
#13391=AXIS2_PLACEMENT_3D('',#20153,#16535,#16536);
#13392=AXIS2_PLACEMENT_3D('',#20158,#16540,#16541);
#13393=AXIS2_PLACEMENT_3D('',#20162,#16544,#16545);
#13394=AXIS2_PLACEMENT_3D('',#20168,#16549,#16550);
#13395=AXIS2_PLACEMENT_3D('',#20173,#16554,#16555);
#13396=AXIS2_PLACEMENT_3D('',#20175,#16557,#16558);
#13397=AXIS2_PLACEMENT_3D('',#20176,#16559,#16560);
#13398=AXIS2_PLACEMENT_3D('',#20180,#16563,#16564);
#13399=AXIS2_PLACEMENT_3D('',#20184,#16567,#16568);
#13400=AXIS2_PLACEMENT_3D('',#20186,#16569,#16570);
#13401=AXIS2_PLACEMENT_3D('',#20188,#16571,#16572);
#13402=AXIS2_PLACEMENT_3D('',#20189,#16573,#16574);
#13403=AXIS2_PLACEMENT_3D('',#20190,#16575,#16576);
#13404=AXIS2_PLACEMENT_3D('',#20193,#16577,#16578);
#13405=AXIS2_PLACEMENT_3D('',#20195,#16579,#16580);
#13406=AXIS2_PLACEMENT_3D('',#20196,#16581,#16582);
#13407=AXIS2_PLACEMENT_3D('',#20197,#16583,#16584);
#13408=AXIS2_PLACEMENT_3D('',#20199,#16585,#16586);
#13409=AXIS2_PLACEMENT_3D('',#20200,#16587,#16588);
#13410=AXIS2_PLACEMENT_3D('',#20201,#16589,#16590);
#13411=AXIS2_PLACEMENT_3D('',#20202,#16591,#16592);
#13412=AXIS2_PLACEMENT_3D('',#20205,#16593,#16594);
#13413=AXIS2_PLACEMENT_3D('',#20206,#16595,#16596);
#13414=AXIS2_PLACEMENT_3D('',#20207,#16597,#16598);
#13415=AXIS2_PLACEMENT_3D('',#20208,#16599,#16600);
#13416=AXIS2_PLACEMENT_3D('',#20211,#16601,#16602);
#13417=AXIS2_PLACEMENT_3D('',#20212,#16603,#16604);
#13418=AXIS2_PLACEMENT_3D('',#20213,#16605,#16606);
#13419=AXIS2_PLACEMENT_3D('',#20214,#16607,#16608);
#13420=AXIS2_PLACEMENT_3D('',#20216,#16610,#16611);
#13421=AXIS2_PLACEMENT_3D('',#20219,#16612,#16613);
#13422=AXIS2_PLACEMENT_3D('',#20221,#16614,#16615);
#13423=AXIS2_PLACEMENT_3D('',#20222,#16616,#16617);
#13424=AXIS2_PLACEMENT_3D('',#20223,#16618,#16619);
#13425=AXIS2_PLACEMENT_3D('',#20225,#16620,#16621);
#13426=AXIS2_PLACEMENT_3D('',#20226,#16622,#16623);
#13427=AXIS2_PLACEMENT_3D('',#20227,#16624,#16625);
#13428=AXIS2_PLACEMENT_3D('',#20228,#16626,#16627);
#13429=AXIS2_PLACEMENT_3D('',#20229,#16628,#16629);
#13430=AXIS2_PLACEMENT_3D('',#20231,#16631,#16632);
#13431=AXIS2_PLACEMENT_3D('',#20234,#16633,#16634);
#13432=AXIS2_PLACEMENT_3D('',#20235,#16635,#16636);
#13433=AXIS2_PLACEMENT_3D('',#20236,#16637,#16638);
#13434=AXIS2_PLACEMENT_3D('',#20237,#16639,#16640);
#13435=AXIS2_PLACEMENT_3D('',#20239,#16642,#16643);
#13436=AXIS2_PLACEMENT_3D('',#20241,#16645,#16646);
#13437=AXIS2_PLACEMENT_3D('',#20244,#16649,#16650);
#13438=AXIS2_PLACEMENT_3D('',#20247,#16653,#16654);
#13439=AXIS2_PLACEMENT_3D('',#20250,#16657,#16658);
#13440=AXIS2_PLACEMENT_3D('',#20253,#16661,#16662);
#13441=AXIS2_PLACEMENT_3D('',#20255,#16664,#16665);
#13442=AXIS2_PLACEMENT_3D('',#20257,#16667,#16668);
#13443=AXIS2_PLACEMENT_3D('',#20260,#16671,#16672);
#13444=AXIS2_PLACEMENT_3D('',#20261,#16673,#16674);
#13445=AXIS2_PLACEMENT_3D('',#20262,#16675,#16676);
#13446=AXIS2_PLACEMENT_3D('',#20263,#16677,#16678);
#13447=AXIS2_PLACEMENT_3D('',#20264,#16679,#16680);
#13448=AXIS2_PLACEMENT_3D('',#20270,#16684,#16685);
#13449=AXIS2_PLACEMENT_3D('',#20287,#16694,#16695);
#13450=AXIS2_PLACEMENT_3D('',#20293,#16699,#16700);
#13451=AXIS2_PLACEMENT_3D('',#20297,#16703,#16704);
#13452=AXIS2_PLACEMENT_3D('',#20301,#16707,#16708);
#13453=AXIS2_PLACEMENT_3D('',#20307,#16712,#16713);
#13454=AXIS2_PLACEMENT_3D('',#20312,#16717,#16718);
#13455=AXIS2_PLACEMENT_3D('',#20316,#16721,#16722);
#13456=AXIS2_PLACEMENT_3D('',#20320,#16725,#16726);
#13457=AXIS2_PLACEMENT_3D('',#20324,#16729,#16730);
#13458=AXIS2_PLACEMENT_3D('',#20328,#16733,#16734);
#13459=AXIS2_PLACEMENT_3D('',#20332,#16737,#16738);
#13460=AXIS2_PLACEMENT_3D('',#20338,#16742,#16743);
#13461=AXIS2_PLACEMENT_3D('',#20341,#16746,#16747);
#13462=AXIS2_PLACEMENT_3D('',#20342,#16748,#16749);
#13463=AXIS2_PLACEMENT_3D('',#20346,#16752,#16753);
#13464=AXIS2_PLACEMENT_3D('',#20350,#16756,#16757);
#13465=AXIS2_PLACEMENT_3D('',#20353,#16758,#16759);
#13466=AXIS2_PLACEMENT_3D('',#20355,#16760,#16761);
#13467=AXIS2_PLACEMENT_3D('',#20356,#16762,#16763);
#13468=AXIS2_PLACEMENT_3D('',#20357,#16764,#16765);
#13469=AXIS2_PLACEMENT_3D('',#20360,#16766,#16767);
#13470=AXIS2_PLACEMENT_3D('',#20361,#16768,#16769);
#13471=AXIS2_PLACEMENT_3D('',#20362,#16770,#16771);
#13472=AXIS2_PLACEMENT_3D('',#20363,#16772,#16773);
#13473=AXIS2_PLACEMENT_3D('',#20366,#16774,#16775);
#13474=AXIS2_PLACEMENT_3D('',#20367,#16776,#16777);
#13475=AXIS2_PLACEMENT_3D('',#20368,#16778,#16779);
#13476=AXIS2_PLACEMENT_3D('',#20369,#16780,#16781);
#13477=AXIS2_PLACEMENT_3D('',#20372,#16782,#16783);
#13478=AXIS2_PLACEMENT_3D('',#20374,#16784,#16785);
#13479=AXIS2_PLACEMENT_3D('',#20375,#16786,#16787);
#13480=AXIS2_PLACEMENT_3D('',#20376,#16788,#16789);
#13481=AXIS2_PLACEMENT_3D('',#20378,#16790,#16791);
#13482=AXIS2_PLACEMENT_3D('',#20379,#16792,#16793);
#13483=AXIS2_PLACEMENT_3D('',#20380,#16794,#16795);
#13484=AXIS2_PLACEMENT_3D('',#20381,#16796,#16797);
#13485=AXIS2_PLACEMENT_3D('',#20383,#16799,#16800);
#13486=AXIS2_PLACEMENT_3D('',#20385,#16801,#16802);
#13487=AXIS2_PLACEMENT_3D('',#20387,#16803,#16804);
#13488=AXIS2_PLACEMENT_3D('',#20388,#16805,#16806);
#13489=AXIS2_PLACEMENT_3D('',#20389,#16807,#16808);
#13490=AXIS2_PLACEMENT_3D('',#20391,#16809,#16810);
#13491=AXIS2_PLACEMENT_3D('',#20393,#16811,#16812);
#13492=AXIS2_PLACEMENT_3D('',#20394,#16813,#16814);
#13493=AXIS2_PLACEMENT_3D('',#20395,#16815,#16816);
#13494=AXIS2_PLACEMENT_3D('',#20397,#16818,#16819);
#13495=AXIS2_PLACEMENT_3D('',#20400,#16822,#16823);
#13496=AXIS2_PLACEMENT_3D('',#20402,#16824,#16825);
#13497=AXIS2_PLACEMENT_3D('',#20403,#16826,#16827);
#13498=AXIS2_PLACEMENT_3D('',#20404,#16828,#16829);
#13499=AXIS2_PLACEMENT_3D('',#20405,#16830,#16831);
#13500=AXIS2_PLACEMENT_3D('',#20406,#16832,#16833);
#13501=AXIS2_PLACEMENT_3D('',#20408,#16835,#16836);
#13502=AXIS2_PLACEMENT_3D('',#20410,#16838,#16839);
#13503=AXIS2_PLACEMENT_3D('',#20413,#16842,#16843);
#13504=AXIS2_PLACEMENT_3D('',#20415,#16845,#16846);
#13505=AXIS2_PLACEMENT_3D('',#20417,#16848,#16849);
#13506=AXIS2_PLACEMENT_3D('',#20420,#16852,#16853);
#13507=AXIS2_PLACEMENT_3D('',#20423,#16856,#16857);
#13508=AXIS2_PLACEMENT_3D('',#20426,#16860,#16861);
#13509=AXIS2_PLACEMENT_3D('',#20427,#16862,#16863);
#13510=AXIS2_PLACEMENT_3D('',#20428,#16864,#16865);
#13511=AXIS2_PLACEMENT_3D('',#20429,#16866,#16867);
#13512=AXIS2_PLACEMENT_3D('',#20430,#16868,#16869);
#13513=AXIS2_PLACEMENT_3D('',#20439,#16874,#16875);
#13514=AXIS2_PLACEMENT_3D('',#20448,#16880,#16881);
#13515=AXIS2_PLACEMENT_3D('',#20451,#16884,#16885);
#13516=AXIS2_PLACEMENT_3D('',#20453,#16887,#16888);
#13517=AXIS2_PLACEMENT_3D('',#20455,#16890,#16891);
#13518=AXIS2_PLACEMENT_3D('',#20456,#16892,#16893);
#13519=AXIS2_PLACEMENT_3D('',#20465,#16898,#16899);
#13520=AXIS2_PLACEMENT_3D('',#20471,#16903,#16904);
#13521=AXIS2_PLACEMENT_3D('',#20477,#16908,#16909);
#13522=AXIS2_PLACEMENT_3D('',#20480,#16912,#16913);
#13523=AXIS2_PLACEMENT_3D('',#20481,#16914,#16915);
#13524=AXIS2_PLACEMENT_3D('',#20482,#16916,#16917);
#13525=AXIS2_PLACEMENT_3D('',#20483,#16918,#16919);
#13526=AXIS2_PLACEMENT_3D('',#20484,#16920,#16921);
#13527=AXIS2_PLACEMENT_3D('',#20485,#16922,#16923);
#13528=AXIS2_PLACEMENT_3D('',#20488,#16924,#16925);
#13529=AXIS2_PLACEMENT_3D('',#20490,#16926,#16927);
#13530=AXIS2_PLACEMENT_3D('',#20491,#16928,#16929);
#13531=AXIS2_PLACEMENT_3D('',#20492,#16930,#16931);
#13532=AXIS2_PLACEMENT_3D('',#20495,#16932,#16933);
#13533=AXIS2_PLACEMENT_3D('',#20497,#16934,#16935);
#13534=AXIS2_PLACEMENT_3D('',#20498,#16936,#16937);
#13535=AXIS2_PLACEMENT_3D('',#20499,#16938,#16939);
#13536=AXIS2_PLACEMENT_3D('',#20502,#16942,#16943);
#13537=AXIS2_PLACEMENT_3D('',#20505,#16944,#16945);
#13538=AXIS2_PLACEMENT_3D('',#20507,#16946,#16947);
#13539=AXIS2_PLACEMENT_3D('',#20508,#16948,#16949);
#13540=AXIS2_PLACEMENT_3D('',#20509,#16950,#16951);
#13541=AXIS2_PLACEMENT_3D('',#20512,#16952,#16953);
#13542=AXIS2_PLACEMENT_3D('',#20514,#16954,#16955);
#13543=AXIS2_PLACEMENT_3D('',#20515,#16956,#16957);
#13544=AXIS2_PLACEMENT_3D('',#20516,#16958,#16959);
#13545=AXIS2_PLACEMENT_3D('',#20519,#16960,#16961);
#13546=AXIS2_PLACEMENT_3D('',#20521,#16962,#16963);
#13547=AXIS2_PLACEMENT_3D('',#20522,#16964,#16965);
#13548=AXIS2_PLACEMENT_3D('',#20523,#16966,#16967);
#13549=AXIS2_PLACEMENT_3D('',#20526,#16968,#16969);
#13550=AXIS2_PLACEMENT_3D('',#20528,#16970,#16971);
#13551=AXIS2_PLACEMENT_3D('',#20529,#16972,#16973);
#13552=AXIS2_PLACEMENT_3D('',#20530,#16974,#16975);
#13553=AXIS2_PLACEMENT_3D('',#20533,#16978,#16979);
#13554=AXIS2_PLACEMENT_3D('',#20536,#16982,#16983);
#13555=AXIS2_PLACEMENT_3D('',#20539,#16984,#16985);
#13556=AXIS2_PLACEMENT_3D('',#20541,#16986,#16987);
#13557=AXIS2_PLACEMENT_3D('',#20542,#16988,#16989);
#13558=AXIS2_PLACEMENT_3D('',#20543,#16990,#16991);
#13559=AXIS2_PLACEMENT_3D('',#20546,#16992,#16993);
#13560=AXIS2_PLACEMENT_3D('',#20548,#16994,#16995);
#13561=AXIS2_PLACEMENT_3D('',#20549,#16996,#16997);
#13562=AXIS2_PLACEMENT_3D('',#20550,#16998,#16999);
#13563=AXIS2_PLACEMENT_3D('',#20553,#17002,#17003);
#13564=AXIS2_PLACEMENT_3D('',#20556,#17006,#17007);
#13565=AXIS2_PLACEMENT_3D('',#20559,#17010,#17011);
#13566=AXIS2_PLACEMENT_3D('',#20562,#17014,#17015);
#13567=AXIS2_PLACEMENT_3D('',#20565,#17018,#17019);
#13568=AXIS2_PLACEMENT_3D('',#20568,#17022,#17023);
#13569=AXIS2_PLACEMENT_3D('',#20571,#17026,#17027);
#13570=AXIS2_PLACEMENT_3D('',#20574,#17030,#17031);
#13571=AXIS2_PLACEMENT_3D('',#20577,#17034,#17035);
#13572=AXIS2_PLACEMENT_3D('',#20578,#17036,#17037);
#13573=AXIS2_PLACEMENT_3D('',#20579,#17038,#17039);
#13574=AXIS2_PLACEMENT_3D('',#20580,#17040,#17041);
#13575=AXIS2_PLACEMENT_3D('',#20581,#17042,#17043);
#13576=AXIS2_PLACEMENT_3D('',#20582,#17044,#17045);
#13577=AXIS2_PLACEMENT_3D('',#20585,#17046,#17047);
#13578=AXIS2_PLACEMENT_3D('',#20587,#17048,#17049);
#13579=AXIS2_PLACEMENT_3D('',#20588,#17050,#17051);
#13580=AXIS2_PLACEMENT_3D('',#20589,#17052,#17053);
#13581=AXIS2_PLACEMENT_3D('',#20592,#17054,#17055);
#13582=AXIS2_PLACEMENT_3D('',#20594,#17056,#17057);
#13583=AXIS2_PLACEMENT_3D('',#20595,#17058,#17059);
#13584=AXIS2_PLACEMENT_3D('',#20596,#17060,#17061);
#13585=AXIS2_PLACEMENT_3D('',#20599,#17064,#17065);
#13586=AXIS2_PLACEMENT_3D('',#20602,#17066,#17067);
#13587=AXIS2_PLACEMENT_3D('',#20604,#17068,#17069);
#13588=AXIS2_PLACEMENT_3D('',#20605,#17070,#17071);
#13589=AXIS2_PLACEMENT_3D('',#20606,#17072,#17073);
#13590=AXIS2_PLACEMENT_3D('',#20609,#17074,#17075);
#13591=AXIS2_PLACEMENT_3D('',#20611,#17076,#17077);
#13592=AXIS2_PLACEMENT_3D('',#20612,#17078,#17079);
#13593=AXIS2_PLACEMENT_3D('',#20613,#17080,#17081);
#13594=AXIS2_PLACEMENT_3D('',#20616,#17082,#17083);
#13595=AXIS2_PLACEMENT_3D('',#20618,#17084,#17085);
#13596=AXIS2_PLACEMENT_3D('',#20619,#17086,#17087);
#13597=AXIS2_PLACEMENT_3D('',#20620,#17088,#17089);
#13598=AXIS2_PLACEMENT_3D('',#20623,#17090,#17091);
#13599=AXIS2_PLACEMENT_3D('',#20625,#17092,#17093);
#13600=AXIS2_PLACEMENT_3D('',#20626,#17094,#17095);
#13601=AXIS2_PLACEMENT_3D('',#20627,#17096,#17097);
#13602=AXIS2_PLACEMENT_3D('',#20630,#17100,#17101);
#13603=AXIS2_PLACEMENT_3D('',#20633,#17104,#17105);
#13604=AXIS2_PLACEMENT_3D('',#20636,#17106,#17107);
#13605=AXIS2_PLACEMENT_3D('',#20638,#17108,#17109);
#13606=AXIS2_PLACEMENT_3D('',#20639,#17110,#17111);
#13607=AXIS2_PLACEMENT_3D('',#20640,#17112,#17113);
#13608=AXIS2_PLACEMENT_3D('',#20643,#17114,#17115);
#13609=AXIS2_PLACEMENT_3D('',#20645,#17116,#17117);
#13610=AXIS2_PLACEMENT_3D('',#20646,#17118,#17119);
#13611=AXIS2_PLACEMENT_3D('',#20647,#17120,#17121);
#13612=AXIS2_PLACEMENT_3D('',#20650,#17124,#17125);
#13613=AXIS2_PLACEMENT_3D('',#20653,#17128,#17129);
#13614=AXIS2_PLACEMENT_3D('',#20656,#17132,#17133);
#13615=AXIS2_PLACEMENT_3D('',#20659,#17136,#17137);
#13616=AXIS2_PLACEMENT_3D('',#20662,#17140,#17141);
#13617=AXIS2_PLACEMENT_3D('',#20665,#17144,#17145);
#13618=AXIS2_PLACEMENT_3D('',#20668,#17148,#17149);
#13619=AXIS2_PLACEMENT_3D('',#20671,#17152,#17153);
#13620=AXIS2_PLACEMENT_3D('',#20674,#17156,#17157);
#13621=AXIS2_PLACEMENT_3D('',#20675,#17158,#17159);
#13622=AXIS2_PLACEMENT_3D('',#20676,#17160,#17161);
#13623=AXIS2_PLACEMENT_3D('',#20677,#17162,#17163);
#13624=AXIS2_PLACEMENT_3D('',#20678,#17164,#17165);
#13625=AXIS2_PLACEMENT_3D('',#20679,#17166,#17167);
#13626=AXIS2_PLACEMENT_3D('',#20688,#17172,#17173);
#13627=AXIS2_PLACEMENT_3D('',#20697,#17178,#17179);
#13628=AXIS2_PLACEMENT_3D('',#20700,#17182,#17183);
#13629=AXIS2_PLACEMENT_3D('',#20702,#17185,#17186);
#13630=AXIS2_PLACEMENT_3D('',#20704,#17188,#17189);
#13631=AXIS2_PLACEMENT_3D('',#20705,#17190,#17191);
#13632=AXIS2_PLACEMENT_3D('',#20706,#17192,#17193);
#13633=AXIS2_PLACEMENT_3D('',#20707,#17194,#17195);
#13634=AXIS2_PLACEMENT_3D('',#20708,#17196,#17197);
#13635=AXIS2_PLACEMENT_3D('',#20709,#17198,#17199);
#13636=AXIS2_PLACEMENT_3D('',#20710,#17200,#17201);
#13637=AXIS2_PLACEMENT_3D('',#20711,#17202,#17203);
#13638=AXIS2_PLACEMENT_3D('',#20712,#17204,#17205);
#13639=AXIS2_PLACEMENT_3D('',#20713,#17206,#17207);
#13640=AXIS2_PLACEMENT_3D('',#20714,#17208,#17209);
#13641=AXIS2_PLACEMENT_3D('',#20715,#17210,#17211);
#13642=AXIS2_PLACEMENT_3D('',#20716,#17212,#17213);
#13643=AXIS2_PLACEMENT_3D('',#20717,#17214,#17215);
#13644=AXIS2_PLACEMENT_3D('',#20718,#17216,#17217);
#13645=AXIS2_PLACEMENT_3D('',#20719,#17218,#17219);
#13646=AXIS2_PLACEMENT_3D('',#20720,#17220,#17221);
#13647=AXIS2_PLACEMENT_3D('',#20721,#17222,#17223);
#13648=AXIS2_PLACEMENT_3D('',#20722,#17224,#17225);
#13649=AXIS2_PLACEMENT_3D('',#20723,#17226,#17227);
#13650=AXIS2_PLACEMENT_3D('',#20724,#17228,#17229);
#13651=AXIS2_PLACEMENT_3D('',#20725,#17230,#17231);
#13652=AXIS2_PLACEMENT_3D('',#20726,#17232,#17233);
#13653=AXIS2_PLACEMENT_3D('',#20727,#17234,#17235);
#13654=AXIS2_PLACEMENT_3D('',#20728,#17236,#17237);
#13655=AXIS2_PLACEMENT_3D('',#20729,#17238,#17239);
#13656=AXIS2_PLACEMENT_3D('',#20730,#17240,#17241);
#13657=AXIS2_PLACEMENT_3D('',#20731,#17242,#17243);
#13658=DIRECTION('axis',(0.,0.,1.));
#13659=DIRECTION('refdir',(1.,0.,0.));
#13660=DIRECTION('axis',(0.,0.,1.));
#13661=DIRECTION('refdir',(1.,0.,0.));
#13662=DIRECTION('center_axis',(0.,0.,1.));
#13663=DIRECTION('ref_axis',(1.,0.,0.));
#13664=DIRECTION('center_axis',(0.,0.,1.));
#13665=DIRECTION('ref_axis',(1.,0.,0.));
#13666=DIRECTION('',(0.,0.,1.));
#13667=DIRECTION('center_axis',(0.,0.,-1.));
#13668=DIRECTION('ref_axis',(1.,0.,0.));
#13669=DIRECTION('center_axis',(0.,0.,1.));
#13670=DIRECTION('ref_axis',(1.,0.,0.));
#13671=DIRECTION('center_axis',(0.,0.,1.));
#13672=DIRECTION('ref_axis',(1.,0.,0.));
#13673=DIRECTION('',(0.,0.,1.));
#13674=DIRECTION('center_axis',(0.,0.,-1.));
#13675=DIRECTION('ref_axis',(1.,0.,0.));
#13676=DIRECTION('center_axis',(0.,0.,1.));
#13677=DIRECTION('ref_axis',(1.,0.,0.));
#13678=DIRECTION('center_axis',(0.,0.,1.));
#13679=DIRECTION('ref_axis',(1.,0.,0.));
#13680=DIRECTION('',(0.,0.,1.));
#13681=DIRECTION('center_axis',(0.,0.,-1.));
#13682=DIRECTION('ref_axis',(1.,0.,0.));
#13683=DIRECTION('center_axis',(0.,0.,1.));
#13684=DIRECTION('ref_axis',(1.,0.,0.));
#13685=DIRECTION('center_axis',(0.,0.,1.));
#13686=DIRECTION('ref_axis',(1.,0.,0.));
#13687=DIRECTION('',(0.,0.,1.));
#13688=DIRECTION('center_axis',(0.,0.,-1.));
#13689=DIRECTION('ref_axis',(1.,0.,0.));
#13690=DIRECTION('center_axis',(0.,0.,1.));
#13691=DIRECTION('ref_axis',(1.,0.,0.));
#13692=DIRECTION('center_axis',(0.,0.,1.));
#13693=DIRECTION('ref_axis',(1.,0.,0.));
#13694=DIRECTION('',(0.,0.,1.));
#13695=DIRECTION('center_axis',(0.,0.,-1.));
#13696=DIRECTION('ref_axis',(1.,0.,0.));
#13697=DIRECTION('center_axis',(0.,0.,1.));
#13698=DIRECTION('ref_axis',(1.,0.,0.));
#13699=DIRECTION('center_axis',(0.,0.,1.));
#13700=DIRECTION('ref_axis',(1.,0.,0.));
#13701=DIRECTION('',(0.,0.,1.));
#13702=DIRECTION('center_axis',(0.,0.,-1.));
#13703=DIRECTION('ref_axis',(1.,0.,0.));
#13704=DIRECTION('center_axis',(0.,0.,1.));
#13705=DIRECTION('ref_axis',(1.,0.,0.));
#13706=DIRECTION('center_axis',(0.,0.,1.));
#13707=DIRECTION('ref_axis',(1.,0.,0.));
#13708=DIRECTION('',(0.,0.,1.));
#13709=DIRECTION('center_axis',(0.,0.,-1.));
#13710=DIRECTION('ref_axis',(1.,0.,0.));
#13711=DIRECTION('center_axis',(0.,0.,1.));
#13712=DIRECTION('ref_axis',(1.,0.,0.));
#13713=DIRECTION('center_axis',(0.,0.,1.));
#13714=DIRECTION('ref_axis',(1.,0.,0.));
#13715=DIRECTION('',(0.,0.,1.));
#13716=DIRECTION('center_axis',(0.,0.,-1.));
#13717=DIRECTION('ref_axis',(1.,0.,0.));
#13718=DIRECTION('center_axis',(0.,0.,1.));
#13719=DIRECTION('ref_axis',(1.,0.,0.));
#13720=DIRECTION('center_axis',(0.,0.,1.));
#13721=DIRECTION('ref_axis',(1.,0.,0.));
#13722=DIRECTION('',(0.,0.,1.));
#13723=DIRECTION('center_axis',(0.,0.,-1.));
#13724=DIRECTION('ref_axis',(1.,0.,0.));
#13725=DIRECTION('center_axis',(0.,0.,1.));
#13726=DIRECTION('ref_axis',(1.,0.,0.));
#13727=DIRECTION('center_axis',(0.,0.,1.));
#13728=DIRECTION('ref_axis',(1.,0.,0.));
#13729=DIRECTION('',(0.,0.,1.));
#13730=DIRECTION('center_axis',(0.,0.,-1.));
#13731=DIRECTION('ref_axis',(1.,0.,0.));
#13732=DIRECTION('center_axis',(0.,0.,1.));
#13733=DIRECTION('ref_axis',(1.,0.,0.));
#13734=DIRECTION('center_axis',(0.,0.,1.));
#13735=DIRECTION('ref_axis',(1.,0.,0.));
#13736=DIRECTION('',(0.,0.,1.));
#13737=DIRECTION('center_axis',(0.,0.,-1.));
#13738=DIRECTION('ref_axis',(1.,0.,0.));
#13739=DIRECTION('center_axis',(0.,0.,1.));
#13740=DIRECTION('ref_axis',(1.,0.,0.));
#13741=DIRECTION('center_axis',(0.,0.,1.));
#13742=DIRECTION('ref_axis',(1.,0.,0.));
#13743=DIRECTION('',(0.,0.,1.));
#13744=DIRECTION('center_axis',(0.,0.,-1.));
#13745=DIRECTION('ref_axis',(1.,0.,0.));
#13746=DIRECTION('center_axis',(0.,0.,1.));
#13747=DIRECTION('ref_axis',(6.12323399573677E-17,-1.,0.));
#13748=DIRECTION('',(0.,0.,1.));
#13749=DIRECTION('center_axis',(0.,0.,1.));
#13750=DIRECTION('ref_axis',(1.,0.,0.));
#13751=DIRECTION('',(0.,0.,-1.));
#13752=DIRECTION('center_axis',(0.,0.,-1.));
#13753=DIRECTION('ref_axis',(1.,0.,0.));
#13754=DIRECTION('center_axis',(0.,0.,1.));
#13755=DIRECTION('ref_axis',(1.,0.,0.));
#13756=DIRECTION('center_axis',(0.,0.,1.));
#13757=DIRECTION('ref_axis',(1.,0.,0.));
#13758=DIRECTION('',(0.,0.,1.));
#13759=DIRECTION('center_axis',(0.,0.,-1.));
#13760=DIRECTION('ref_axis',(1.,0.,0.));
#13761=DIRECTION('center_axis',(0.,0.,1.));
#13762=DIRECTION('ref_axis',(1.,0.,0.));
#13763=DIRECTION('center_axis',(0.,0.,1.));
#13764=DIRECTION('ref_axis',(1.,0.,0.));
#13765=DIRECTION('',(0.,0.,1.));
#13766=DIRECTION('center_axis',(0.,0.,-1.));
#13767=DIRECTION('ref_axis',(1.,0.,0.));
#13768=DIRECTION('center_axis',(0.,0.,1.));
#13769=DIRECTION('ref_axis',(1.,0.,0.));
#13770=DIRECTION('center_axis',(0.,0.,1.));
#13771=DIRECTION('ref_axis',(1.,0.,0.));
#13772=DIRECTION('',(0.,0.,1.));
#13773=DIRECTION('center_axis',(0.,0.,-1.));
#13774=DIRECTION('ref_axis',(1.,0.,0.));
#13775=DIRECTION('center_axis',(0.,0.,1.));
#13776=DIRECTION('ref_axis',(6.12323399573677E-17,-1.,0.));
#13777=DIRECTION('',(0.,0.,1.));
#13778=DIRECTION('center_axis',(0.,0.,1.));
#13779=DIRECTION('ref_axis',(1.,0.,0.));
#13780=DIRECTION('',(0.,0.,-1.));
#13781=DIRECTION('center_axis',(0.,0.,-1.));
#13782=DIRECTION('ref_axis',(1.,0.,0.));
#13783=DIRECTION('center_axis',(0.,0.,1.));
#13784=DIRECTION('ref_axis',(1.,0.,0.));
#13785=DIRECTION('center_axis',(0.,0.,1.));
#13786=DIRECTION('ref_axis',(1.,0.,0.));
#13787=DIRECTION('',(0.,0.,1.));
#13788=DIRECTION('center_axis',(0.,0.,-1.));
#13789=DIRECTION('ref_axis',(1.,0.,0.));
#13790=DIRECTION('center_axis',(0.,0.,1.));
#13791=DIRECTION('ref_axis',(6.12323399573677E-17,-1.,0.));
#13792=DIRECTION('',(0.,0.,1.));
#13793=DIRECTION('center_axis',(0.,0.,1.));
#13794=DIRECTION('ref_axis',(1.,0.,0.));
#13795=DIRECTION('',(0.,0.,-1.));
#13796=DIRECTION('center_axis',(0.,0.,-1.));
#13797=DIRECTION('ref_axis',(1.,0.,0.));
#13798=DIRECTION('center_axis',(0.,0.,1.));
#13799=DIRECTION('ref_axis',(1.,0.,0.));
#13800=DIRECTION('center_axis',(0.,0.,1.));
#13801=DIRECTION('ref_axis',(1.,0.,0.));
#13802=DIRECTION('',(0.,0.,1.));
#13803=DIRECTION('center_axis',(0.,0.,-1.));
#13804=DIRECTION('ref_axis',(1.,0.,0.));
#13805=DIRECTION('center_axis',(0.,0.,1.));
#13806=DIRECTION('ref_axis',(1.,0.,0.));
#13807=DIRECTION('center_axis',(0.,0.,1.));
#13808=DIRECTION('ref_axis',(1.,0.,0.));
#13809=DIRECTION('',(0.,0.,1.));
#13810=DIRECTION('center_axis',(0.,0.,-1.));
#13811=DIRECTION('ref_axis',(1.,0.,0.));
#13812=DIRECTION('center_axis',(0.,0.,1.));
#13813=DIRECTION('ref_axis',(1.,0.,0.));
#13814=DIRECTION('center_axis',(0.,0.,1.));
#13815=DIRECTION('ref_axis',(1.,0.,0.));
#13816=DIRECTION('',(0.,0.,1.));
#13817=DIRECTION('center_axis',(0.,0.,-1.));
#13818=DIRECTION('ref_axis',(1.,0.,0.));
#13819=DIRECTION('center_axis',(0.,0.,1.));
#13820=DIRECTION('ref_axis',(1.,0.,0.));
#13821=DIRECTION('center_axis',(0.,0.,1.));
#13822=DIRECTION('ref_axis',(1.,0.,0.));
#13823=DIRECTION('',(0.,0.,1.));
#13824=DIRECTION('center_axis',(0.,0.,-1.));
#13825=DIRECTION('ref_axis',(1.,0.,0.));
#13826=DIRECTION('center_axis',(0.,0.,1.));
#13827=DIRECTION('ref_axis',(1.,0.,0.));
#13828=DIRECTION('center_axis',(0.,0.,1.));
#13829=DIRECTION('ref_axis',(1.,0.,0.));
#13830=DIRECTION('',(0.,0.,1.));
#13831=DIRECTION('center_axis',(0.,0.,-1.));
#13832=DIRECTION('ref_axis',(1.,0.,0.));
#13833=DIRECTION('center_axis',(0.,1.,0.));
#13834=DIRECTION('ref_axis',(-1.,0.,0.));
#13835=DIRECTION('',(-1.,0.,0.));
#13836=DIRECTION('',(0.,0.,1.));
#13837=DIRECTION('',(-1.,0.,0.));
#13838=DIRECTION('center_axis',(0.,1.,0.));
#13839=DIRECTION('ref_axis',(-1.,0.,0.));
#13840=DIRECTION('',(-1.,0.,0.));
#13841=DIRECTION('',(0.,0.,1.));
#13842=DIRECTION('',(-1.,0.,0.));
#13843=DIRECTION('center_axis',(0.,1.,0.));
#13844=DIRECTION('ref_axis',(-1.,0.,0.));
#13845=DIRECTION('',(-1.,0.,0.));
#13846=DIRECTION('',(-1.,0.,0.));
#13847=DIRECTION('center_axis',(0.,1.,0.));
#13848=DIRECTION('ref_axis',(-1.,0.,0.));
#13849=DIRECTION('',(-1.,0.,0.));
#13850=DIRECTION('',(-1.,0.,0.));
#13851=DIRECTION('center_axis',(0.,0.,1.));
#13852=DIRECTION('ref_axis',(1.,0.,0.));
#13853=DIRECTION('center_axis',(0.,0.,1.));
#13854=DIRECTION('ref_axis',(2.67948966586091E-8,1.,0.));
#13855=DIRECTION('',(0.,-1.,0.));
#13856=DIRECTION('center_axis',(0.,0.,1.));
#13857=DIRECTION('ref_axis',(-0.999999999999999,-4.64102066301462E-8,0.));
#13858=DIRECTION('',(1.,0.,0.));
#13859=DIRECTION('center_axis',(0.,0.,1.));
#13860=DIRECTION('ref_axis',(1.96153093767748E-8,-1.,0.));
#13861=DIRECTION('',(0.,1.,0.));
#13862=DIRECTION('center_axis',(0.,0.,1.));
#13863=DIRECTION('ref_axis',(1.,0.,0.));
#13864=DIRECTION('center_axis',(0.,0.,1.));
#13865=DIRECTION('ref_axis',(1.,0.,0.));
#13866=DIRECTION('center_axis',(0.,0.,1.));
#13867=DIRECTION('ref_axis',(1.,0.,0.));
#13868=DIRECTION('',(0.,1.,0.));
#13869=DIRECTION('center_axis',(0.,0.,1.));
#13870=DIRECTION('ref_axis',(1.96153093767748E-8,-1.,0.));
#13871=DIRECTION('',(1.,0.,0.));
#13872=DIRECTION('center_axis',(0.,0.,1.));
#13873=DIRECTION('ref_axis',(-0.999999999999999,-4.64102066301462E-8,0.));
#13874=DIRECTION('',(0.,-1.,0.));
#13875=DIRECTION('center_axis',(0.,0.,1.));
#13876=DIRECTION('ref_axis',(2.67948966586091E-8,1.,0.));
#13877=DIRECTION('center_axis',(0.,0.,1.));
#13878=DIRECTION('ref_axis',(2.67948966586091E-8,1.,0.));
#13879=DIRECTION('',(0.,0.,1.));
#13880=DIRECTION('center_axis',(0.,0.,1.));
#13881=DIRECTION('ref_axis',(1.,0.,0.));
#13882=DIRECTION('',(0.,0.,1.));
#13883=DIRECTION('center_axis',(1.,0.,0.));
#13884=DIRECTION('ref_axis',(0.,1.,0.));
#13885=DIRECTION('',(0.,0.,1.));
#13886=DIRECTION('center_axis',(0.,0.,1.));
#13887=DIRECTION('ref_axis',(1.96153093767748E-8,-1.,0.));
#13888=DIRECTION('',(0.,0.,1.));
#13889=DIRECTION('center_axis',(0.,-1.,0.));
#13890=DIRECTION('ref_axis',(1.,0.,0.));
#13891=DIRECTION('',(0.,0.,1.));
#13892=DIRECTION('center_axis',(0.,0.,1.));
#13893=DIRECTION('ref_axis',(-0.999999999999999,-4.64102066301462E-8,0.));
#13894=DIRECTION('',(0.,0.,1.));
#13895=DIRECTION('center_axis',(-1.,0.,0.));
#13896=DIRECTION('ref_axis',(0.,-1.,0.));
#13897=DIRECTION('axis',(0.,0.,1.));
#13898=DIRECTION('refdir',(1.,0.,0.));
#13899=DIRECTION('axis',(0.,0.,1.));
#13900=DIRECTION('refdir',(1.,0.,0.));
#13901=DIRECTION('axis',(0.,0.,1.));
#13902=DIRECTION('refdir',(1.,0.,0.));
#13903=DIRECTION('axis',(0.,0.,1.));
#13904=DIRECTION('refdir',(1.,0.,0.));
#13905=DIRECTION('center_axis',(-2.2973254093173E-16,1.,0.));
#13906=DIRECTION('ref_axis',(-1.,-2.2973254093173E-16,0.));
#13907=DIRECTION('',(0.,0.,-1.));
#13908=DIRECTION('',(1.,2.2973254093173E-16,0.));
#13909=DIRECTION('',(0.,0.,-1.));
#13910=DIRECTION('',(1.,2.2973254093173E-16,0.));
#13911=DIRECTION('center_axis',(0.,0.,-1.));
#13912=DIRECTION('ref_axis',(-1.,0.,0.));
#13913=DIRECTION('',(-0.121869343405148,-0.992546151641322,0.));
#13914=DIRECTION('',(-0.121869343405148,0.992546151641322,0.));
#13915=DIRECTION('',(-1.,-9.03501810404587E-17,0.));
#13916=DIRECTION('center_axis',(0.,0.,-1.));
#13917=DIRECTION('ref_axis',(-1.,0.,0.));
#13918=DIRECTION('',(-0.121869343405148,-0.992546151641322,0.));
#13919=DIRECTION('',(-1.,-9.03501810404587E-17,0.));
#13920=DIRECTION('',(-0.121869343405148,0.992546151641322,0.));
#13921=DIRECTION('center_axis',(0.992546151641322,-0.121869343405148,0.));
#13922=DIRECTION('ref_axis',(0.121869343405148,0.992546151641322,0.));
#13923=DIRECTION('',(0.,0.,-1.));
#13924=DIRECTION('center_axis',(9.03501810404587E-17,-1.,0.));
#13925=DIRECTION('ref_axis',(1.,9.03501810404587E-17,0.));
#13926=DIRECTION('',(0.,0.,-1.));
#13927=DIRECTION('center_axis',(-0.992546151641322,-0.121869343405148,0.));
#13928=DIRECTION('ref_axis',(0.121869343405148,-0.992546151641322,0.));
#13929=DIRECTION('center_axis',(1.22464679914735E-16,-1.,0.));
#13930=DIRECTION('ref_axis',(1.,1.22464679914735E-16,0.));
#13931=DIRECTION('center_axis',(2.2973254093173E-16,-1.,0.));
#13932=DIRECTION('ref_axis',(-1.,-2.2973254093173E-16,0.));
#13933=DIRECTION('',(-1.22464679914735E-16,1.,0.));
#13934=DIRECTION('center_axis',(1.22464679914735E-16,-1.,0.));
#13935=DIRECTION('ref_axis',(-1.,-1.22464679914735E-16,0.));
#13936=DIRECTION('',(1.22464679914735E-16,-1.,0.));
#13937=DIRECTION('center_axis',(1.22464679914735E-16,-1.,0.));
#13938=DIRECTION('ref_axis',(1.,1.22464679914735E-16,0.));
#13939=DIRECTION('center_axis',(2.2973254093173E-16,-1.,0.));
#13940=DIRECTION('ref_axis',(-1.,-2.2973254093173E-16,0.));
#13941=DIRECTION('',(-1.22464679914735E-16,1.,0.));
#13942=DIRECTION('center_axis',(-1.22464679914735E-16,1.,0.));
#13943=DIRECTION('ref_axis',(-1.,-1.22464679914735E-16,0.));
#13944=DIRECTION('',(1.22464679914735E-16,-1.,0.));
#13945=DIRECTION('center_axis',(1.,-9.63735264431559E-16,0.));
#13946=DIRECTION('ref_axis',(9.63735264431559E-16,1.,0.));
#13947=DIRECTION('',(0.,0.,1.));
#13948=DIRECTION('',(0.,0.,-1.));
#13949=DIRECTION('',(0.,0.,1.));
#13950=DIRECTION('',(0.,0.,-1.));
#13951=DIRECTION('',(-9.63735264431559E-16,-1.,0.));
#13952=DIRECTION('',(0.,0.,-1.));
#13953=DIRECTION('',(-9.63735264431559E-16,-1.,0.));
#13954=DIRECTION('',(0.,0.,-1.));
#13955=DIRECTION('center_axis',(-1.22464679914735E-16,1.,0.));
#13956=DIRECTION('ref_axis',(-1.,-1.22464679914735E-16,0.));
#13957=DIRECTION('',(1.,1.22464679914735E-16,0.));
#13958=DIRECTION('',(0.,0.,-1.));
#13959=DIRECTION('center_axis',(1.22464679914735E-16,-1.,0.));
#13960=DIRECTION('ref_axis',(1.,1.22464679914735E-16,0.));
#13961=DIRECTION('',(0.,0.,-1.));
#13962=DIRECTION('',(1.,1.22464679914735E-16,0.));
#13963=DIRECTION('center_axis',(-1.,-9.63735264431559E-16,0.));
#13964=DIRECTION('ref_axis',(9.63735264431559E-16,-1.,0.));
#13965=DIRECTION('',(0.,0.,-1.));
#13966=DIRECTION('',(1.22464679914735E-16,-1.,0.));
#13967=DIRECTION('',(-9.63735264431559E-16,1.,0.));
#13968=DIRECTION('',(0.,0.,-1.));
#13969=DIRECTION('',(-9.63735264431559E-16,1.,0.));
#13970=DIRECTION('',(-1.22464679914735E-16,1.,0.));
#13971=DIRECTION('center_axis',(0.,0.,-1.));
#13972=DIRECTION('ref_axis',(-1.,0.,0.));
#13973=DIRECTION('',(-1.,0.,0.));
#13974=DIRECTION('center_axis',(0.,0.,-1.));
#13975=DIRECTION('ref_axis',(-1.,0.,0.));
#13976=DIRECTION('',(-1.,0.,0.));
#13977=DIRECTION('center_axis',(-2.2973254093173E-16,1.,0.));
#13978=DIRECTION('ref_axis',(-1.,-2.2973254093173E-16,0.));
#13979=DIRECTION('center_axis',(-2.2973254093173E-16,1.,0.));
#13980=DIRECTION('ref_axis',(-1.,-2.2973254093173E-16,0.));
#13981=DIRECTION('center_axis',(2.2973254093173E-16,-1.,0.));
#13982=DIRECTION('ref_axis',(-1.,-2.2973254093173E-16,0.));
#13983=DIRECTION('center_axis',(1.22464679914735E-16,-1.,0.));
#13984=DIRECTION('ref_axis',(-1.,-1.22464679914735E-16,1.22464679914735E-16));
#13985=DIRECTION('center_axis',(-2.2973254093173E-16,1.,0.));
#13986=DIRECTION('ref_axis',(-1.,-2.2973254093173E-16,0.));
#13987=DIRECTION('center_axis',(-2.2973254093173E-16,1.,0.));
#13988=DIRECTION('ref_axis',(-1.,-2.2973254093173E-16,0.));
#13989=DIRECTION('center_axis',(1.,0.,2.60208521396518E-14));
#13990=DIRECTION('ref_axis',(2.60208521396518E-14,0.,-1.));
#13991=DIRECTION('',(-2.60208521396518E-14,-3.18663532839112E-30,1.));
#13992=DIRECTION('',(-2.2973254093173E-16,1.,0.));
#13993=DIRECTION('',(0.,0.,-1.));
#13994=DIRECTION('',(-2.2973254093173E-16,1.,0.));
#13995=DIRECTION('',(-2.60208521396518E-14,0.,1.));
#13996=DIRECTION('',(0.,-1.,0.));
#13997=DIRECTION('center_axis',(0.,0.,-1.));
#13998=DIRECTION('ref_axis',(-1.,0.,0.));
#13999=DIRECTION('',(1.,1.22464679914735E-16,0.));
#14000=DIRECTION('',(1.,0.,0.));
#14001=DIRECTION('',(0.,-1.,0.));
#14002=DIRECTION('center_axis',(-1.,0.,0.));
#14003=DIRECTION('ref_axis',(0.,0.,1.));
#14004=DIRECTION('',(0.,0.,-1.));
#14005=DIRECTION('',(0.,0.,-1.));
#14006=DIRECTION('',(0.,-1.,0.));
#14007=DIRECTION('center_axis',(3.61400724161835E-16,0.,1.));
#14008=DIRECTION('ref_axis',(1.,0.,-3.61400724161835E-16));
#14009=DIRECTION('',(-1.,-1.22464679914735E-16,3.61400724161835E-16));
#14010=DIRECTION('',(-1.,0.,3.61400724161835E-16));
#14011=DIRECTION('',(0.,-1.,0.));
#14012=DIRECTION('center_axis',(1.,0.,-2.60208521396519E-14));
#14013=DIRECTION('ref_axis',(-2.60208521396519E-14,0.,-1.));
#14014=DIRECTION('',(2.60208521396519E-14,3.18663532839112E-30,1.));
#14015=DIRECTION('',(2.60208521396519E-14,0.,1.));
#14016=DIRECTION('',(-2.2973254093173E-16,1.,0.));
#14017=DIRECTION('',(0.,0.,-1.));
#14018=DIRECTION('',(-2.2973254093173E-16,1.,0.));
#14019=DIRECTION('center_axis',(0.,1.,0.));
#14020=DIRECTION('ref_axis',(0.,0.,1.));
#14021=DIRECTION('center_axis',(0.,-1.,0.));
#14022=DIRECTION('ref_axis',(0.,0.,1.));
#14023=DIRECTION('center_axis',(-1.22464679914735E-16,1.,0.));
#14024=DIRECTION('ref_axis',(-1.,-1.22464679914735E-16,0.));
#14025=DIRECTION('center_axis',(1.22464679914735E-16,-1.,0.));
#14026=DIRECTION('ref_axis',(-1.,-1.22464679914735E-16,0.));
#14027=DIRECTION('center_axis',(2.2973254093173E-16,-1.,0.));
#14028=DIRECTION('ref_axis',(1.,2.2973254093173E-16,0.));
#14029=DIRECTION('center_axis',(2.2973254093173E-16,-1.,0.));
#14030=DIRECTION('ref_axis',(1.,2.2973254093173E-16,0.));
#14031=DIRECTION('center_axis',(-2.2973254093173E-16,1.,0.));
#14032=DIRECTION('ref_axis',(1.,2.2973254093173E-16,0.));
#14033=DIRECTION('center_axis',(-2.2973254093173E-16,1.,0.));
#14034=DIRECTION('ref_axis',(1.,2.2973254093173E-16,-1.22464679914735E-16));
#14035=DIRECTION('center_axis',(-2.2973254093173E-16,1.,0.));
#14036=DIRECTION('ref_axis',(1.,2.2973254093173E-16,1.22464679914735E-16));
#14037=DIRECTION('center_axis',(1.,0.,-2.60208521396518E-14));
#14038=DIRECTION('ref_axis',(2.60208521396518E-14,0.,1.));
#14039=DIRECTION('',(-2.60208521396518E-14,-3.18663532839112E-30,-1.));
#14040=DIRECTION('',(0.,-1.,0.));
#14041=DIRECTION('',(-2.60208521396518E-14,0.,-1.));
#14042=DIRECTION('',(-2.2973254093173E-16,1.,0.));
#14043=DIRECTION('',(0.,0.,1.));
#14044=DIRECTION('',(-2.2973254093173E-16,1.,0.));
#14045=DIRECTION('center_axis',(0.,0.,1.));
#14046=DIRECTION('ref_axis',(-1.,0.,0.));
#14047=DIRECTION('',(1.,1.22464679914735E-16,0.));
#14048=DIRECTION('',(0.,-1.,0.));
#14049=DIRECTION('',(1.,0.,0.));
#14050=DIRECTION('center_axis',(-1.,0.,0.));
#14051=DIRECTION('ref_axis',(0.,0.,-1.));
#14052=DIRECTION('',(0.,0.,1.));
#14053=DIRECTION('',(0.,-1.,0.));
#14054=DIRECTION('',(0.,0.,1.));
#14055=DIRECTION('center_axis',(3.61400724161835E-16,0.,-1.));
#14056=DIRECTION('ref_axis',(1.,0.,3.61400724161835E-16));
#14057=DIRECTION('',(-1.,-1.22464679914735E-16,-3.61400724161835E-16));
#14058=DIRECTION('',(0.,-1.,0.));
#14059=DIRECTION('',(-1.,0.,-3.61400724161835E-16));
#14060=DIRECTION('center_axis',(1.,0.,2.60208521396519E-14));
#14061=DIRECTION('ref_axis',(-2.60208521396519E-14,0.,1.));
#14062=DIRECTION('',(2.60208521396519E-14,3.18663532839112E-30,-1.));
#14063=DIRECTION('',(-2.2973254093173E-16,1.,0.));
#14064=DIRECTION('',(0.,0.,1.));
#14065=DIRECTION('',(-2.2973254093173E-16,1.,0.));
#14066=DIRECTION('',(2.60208521396519E-14,0.,-1.));
#14067=DIRECTION('center_axis',(0.,1.,0.));
#14068=DIRECTION('ref_axis',(0.,0.,-1.));
#14069=DIRECTION('center_axis',(0.,1.,0.));
#14070=DIRECTION('ref_axis',(0.,0.,-1.));
#14071=DIRECTION('center_axis',(-1.22464679914735E-16,1.,0.));
#14072=DIRECTION('ref_axis',(-1.,-1.22464679914735E-16,0.));
#14073=DIRECTION('center_axis',(-1.22464679914735E-16,1.,0.));
#14074=DIRECTION('ref_axis',(-1.,-1.22464679914735E-16,0.));
#14075=DIRECTION('center_axis',(2.2973254093173E-16,-1.,0.));
#14076=DIRECTION('ref_axis',(1.,2.2973254093173E-16,0.));
#14077=DIRECTION('center_axis',(-2.2973254093173E-16,1.,0.));
#14078=DIRECTION('ref_axis',(1.,2.2973254093173E-16,0.));
#14079=DIRECTION('center_axis',(2.2973254093173E-16,-1.,0.));
#14080=DIRECTION('ref_axis',(1.,2.2973254093173E-16,0.));
#14081=DIRECTION('center_axis',(-2.2973254093173E-16,1.,0.));
#14082=DIRECTION('ref_axis',(1.,2.2973254093173E-16,1.22464679914735E-16));
#14083=DIRECTION('center_axis',(-2.2973254093173E-16,1.,0.));
#14084=DIRECTION('ref_axis',(1.,2.2973254093173E-16,1.22464679914735E-16));
#14085=DIRECTION('center_axis',(-1.,0.,2.60208521396518E-14));
#14086=DIRECTION('ref_axis',(-2.60208521396518E-14,0.,-1.));
#14087=DIRECTION('',(2.60208521396518E-14,-3.18663532839112E-30,1.));
#14088=DIRECTION('',(0.,-1.,0.));
#14089=DIRECTION('',(2.60208521396518E-14,0.,1.));
#14090=DIRECTION('',(2.2973254093173E-16,1.,0.));
#14091=DIRECTION('',(0.,0.,-1.));
#14092=DIRECTION('',(2.2973254093173E-16,1.,0.));
#14093=DIRECTION('center_axis',(0.,0.,-1.));
#14094=DIRECTION('ref_axis',(1.,0.,0.));
#14095=DIRECTION('',(-1.,1.22464679914735E-16,0.));
#14096=DIRECTION('',(0.,-1.,0.));
#14097=DIRECTION('',(-1.,0.,0.));
#14098=DIRECTION('center_axis',(1.,0.,0.));
#14099=DIRECTION('ref_axis',(0.,0.,1.));
#14100=DIRECTION('',(0.,0.,-1.));
#14101=DIRECTION('',(0.,-1.,0.));
#14102=DIRECTION('',(0.,0.,-1.));
#14103=DIRECTION('center_axis',(-3.61400724161835E-16,0.,1.));
#14104=DIRECTION('ref_axis',(-1.,0.,-3.61400724161835E-16));
#14105=DIRECTION('',(1.,-1.22464679914735E-16,3.61400724161835E-16));
#14106=DIRECTION('',(0.,-1.,0.));
#14107=DIRECTION('',(1.,0.,3.61400724161835E-16));
#14108=DIRECTION('center_axis',(-1.,0.,-2.60208521396519E-14));
#14109=DIRECTION('ref_axis',(2.60208521396519E-14,0.,-1.));
#14110=DIRECTION('',(-2.60208521396519E-14,3.18663532839112E-30,1.));
#14111=DIRECTION('',(2.2973254093173E-16,1.,0.));
#14112=DIRECTION('',(0.,0.,-1.));
#14113=DIRECTION('',(2.2973254093173E-16,1.,0.));
#14114=DIRECTION('',(-2.60208521396519E-14,0.,1.));
#14115=DIRECTION('center_axis',(0.,1.,0.));
#14116=DIRECTION('ref_axis',(0.,0.,1.));
#14117=DIRECTION('center_axis',(0.,1.,0.));
#14118=DIRECTION('ref_axis',(0.,0.,1.));
#14119=DIRECTION('center_axis',(1.22464679914735E-16,1.,0.));
#14120=DIRECTION('ref_axis',(1.,-1.22464679914735E-16,0.));
#14121=DIRECTION('center_axis',(1.22464679914735E-16,1.,0.));
#14122=DIRECTION('ref_axis',(1.,-1.22464679914735E-16,0.));
#14123=DIRECTION('center_axis',(-2.2973254093173E-16,-1.,0.));
#14124=DIRECTION('ref_axis',(-1.,2.2973254093173E-16,0.));
#14125=DIRECTION('center_axis',(2.2973254093173E-16,1.,0.));
#14126=DIRECTION('ref_axis',(-1.,2.2973254093173E-16,0.));
#14127=DIRECTION('center_axis',(-2.2973254093173E-16,-1.,0.));
#14128=DIRECTION('ref_axis',(-1.,2.2973254093173E-16,0.));
#14129=DIRECTION('center_axis',(2.2973254093173E-16,1.,0.));
#14130=DIRECTION('ref_axis',(-1.,2.2973254093173E-16,-1.22464679914735E-16));
#14131=DIRECTION('center_axis',(2.2973254093173E-16,1.,0.));
#14132=DIRECTION('ref_axis',(-1.,2.2973254093173E-16,-1.22464679914735E-16));
#14133=DIRECTION('',(0.,-1.,-3.7470027081099E-16));
#14134=DIRECTION('',(1.,0.,0.));
#14135=DIRECTION('axis',(0.,0.,1.));
#14136=DIRECTION('refdir',(1.,0.,0.));
#14137=DIRECTION('axis',(0.,0.,1.));
#14138=DIRECTION('refdir',(1.,0.,0.));
#14139=DIRECTION('axis',(0.,0.,1.));
#14140=DIRECTION('refdir',(1.,0.,0.));
#14141=DIRECTION('center_axis',(0.,0.,-1.));
#14142=DIRECTION('ref_axis',(1.,0.,0.));
#14143=DIRECTION('center_axis',(0.,0.,-1.));
#14144=DIRECTION('ref_axis',(1.,0.,0.));
#14145=DIRECTION('',(0.,0.,-1.));
#14146=DIRECTION('center_axis',(0.,0.,-1.));
#14147=DIRECTION('ref_axis',(1.,0.,0.));
#14148=DIRECTION('center_axis',(0.,0.,1.));
#14149=DIRECTION('ref_axis',(1.,0.,0.));
#14150=DIRECTION('center_axis',(0.707106781186548,0.,0.707106781186548));
#14151=DIRECTION('ref_axis',(0.707106781186548,0.,-0.707106781186548));
#14152=DIRECTION('',(0.,-1.,0.));
#14153=DIRECTION('',(0.577350269189626,-0.577350269189626,-0.577350269189626));
#14154=DIRECTION('',(0.,1.,0.));
#14155=DIRECTION('',(-0.577350269189627,-0.577350269189625,0.577350269189625));
#14156=DIRECTION('center_axis',(0.,-0.707106781186548,0.707106781186548));
#14157=DIRECTION('ref_axis',(1.,0.,0.));
#14158=DIRECTION('',(1.,0.,0.));
#14159=DIRECTION('',(-1.,0.,0.));
#14160=DIRECTION('',(0.577350269189627,0.577350269189625,0.577350269189625));
#14161=DIRECTION('center_axis',(0.,0.707106781186548,0.707106781186548));
#14162=DIRECTION('ref_axis',(1.,0.,0.));
#14163=DIRECTION('',(1.,0.,0.));
#14164=DIRECTION('',(-1.,0.,0.));
#14165=DIRECTION('',(0.577350269189626,-0.577350269189625,0.577350269189626));
#14166=DIRECTION('center_axis',(-0.707106781186548,0.,0.707106781186548));
#14167=DIRECTION('ref_axis',(0.707106781186548,0.,0.707106781186548));
#14168=DIRECTION('',(0.,1.,0.));
#14169=DIRECTION('',(0.,-1.,0.));
#14170=DIRECTION('center_axis',(0.,1.,0.));
#14171=DIRECTION('ref_axis',(1.,0.,0.));
#14172=DIRECTION('',(0.,0.,-1.));
#14173=DIRECTION('',(1.,0.,0.));
#14174=DIRECTION('',(0.,0.,-1.));
#14175=DIRECTION('center_axis',(1.,0.,0.));
#14176=DIRECTION('ref_axis',(0.,-1.,0.));
#14177=DIRECTION('',(0.,0.,-1.));
#14178=DIRECTION('',(0.,-1.,0.));
#14179=DIRECTION('center_axis',(0.,0.,1.));
#14180=DIRECTION('ref_axis',(1.,0.,0.));
#14181=DIRECTION('center_axis',(-1.,0.,0.));
#14182=DIRECTION('ref_axis',(0.,1.,0.));
#14183=DIRECTION('',(0.,1.,0.));
#14184=DIRECTION('',(0.,0.,-1.));
#14185=DIRECTION('center_axis',(0.,-1.,0.));
#14186=DIRECTION('ref_axis',(-1.,0.,0.));
#14187=DIRECTION('',(-1.,0.,0.));
#14188=DIRECTION('center_axis',(0.,0.,-1.));
#14189=DIRECTION('ref_axis',(-1.,0.,0.));
#14190=DIRECTION('center_axis',(0.,1.,0.));
#14191=DIRECTION('ref_axis',(-1.,0.,0.));
#14192=DIRECTION('',(-1.,0.,0.));
#14193=DIRECTION('',(0.,0.,1.));
#14194=DIRECTION('',(-1.,0.,0.));
#14195=DIRECTION('',(0.,0.,1.));
#14196=DIRECTION('center_axis',(1.,0.,0.));
#14197=DIRECTION('ref_axis',(0.,1.,0.));
#14198=DIRECTION('',(0.,1.,0.));
#14199=DIRECTION('',(0.,1.,0.));
#14200=DIRECTION('',(0.,0.,1.));
#14201=DIRECTION('center_axis',(0.,-1.,0.));
#14202=DIRECTION('ref_axis',(1.,0.,0.));
#14203=DIRECTION('',(1.,0.,0.));
#14204=DIRECTION('',(1.,0.,0.));
#14205=DIRECTION('',(0.,0.,1.));
#14206=DIRECTION('center_axis',(-1.,0.,0.));
#14207=DIRECTION('ref_axis',(0.,-1.,0.));
#14208=DIRECTION('',(0.,-1.,0.));
#14209=DIRECTION('',(0.,-1.,0.));
#14210=DIRECTION('center_axis',(0.,0.,1.));
#14211=DIRECTION('ref_axis',(1.,0.,0.));
#14212=DIRECTION('center_axis',(0.,0.,1.));
#14213=DIRECTION('ref_axis',(1.,0.,0.));
#14214=DIRECTION('center_axis',(1.,0.,0.));
#14215=DIRECTION('ref_axis',(0.,1.,0.));
#14216=DIRECTION('',(0.,-1.,0.));
#14217=DIRECTION('',(0.,0.,1.));
#14218=DIRECTION('',(0.,1.,0.));
#14219=DIRECTION('',(0.,0.,1.));
#14220=DIRECTION('center_axis',(0.,-1.,0.));
#14221=DIRECTION('ref_axis',(1.,0.,0.));
#14222=DIRECTION('',(1.,0.,0.));
#14223=DIRECTION('',(1.,0.,0.));
#14224=DIRECTION('',(0.,0.,1.));
#14225=DIRECTION('center_axis',(0.,0.,1.));
#14226=DIRECTION('ref_axis',(0.,1.,0.));
#14227=DIRECTION('center_axis',(0.,0.,1.));
#14228=DIRECTION('ref_axis',(0.,1.,0.));
#14229=DIRECTION('center_axis',(0.,0.,1.));
#14230=DIRECTION('ref_axis',(0.,1.,0.));
#14231=DIRECTION('',(0.,0.,1.));
#14232=DIRECTION('center_axis',(-1.,0.,0.));
#14233=DIRECTION('ref_axis',(0.,-1.,0.));
#14234=DIRECTION('',(0.,-1.,0.));
#14235=DIRECTION('',(0.,-1.,0.));
#14236=DIRECTION('',(0.,0.,1.));
#14237=DIRECTION('center_axis',(0.,0.,1.));
#14238=DIRECTION('ref_axis',(0.,1.,0.));
#14239=DIRECTION('center_axis',(0.,0.,1.));
#14240=DIRECTION('ref_axis',(0.,1.,0.));
#14241=DIRECTION('center_axis',(0.,0.,1.));
#14242=DIRECTION('ref_axis',(0.,1.,0.));
#14243=DIRECTION('',(0.,0.,1.));
#14244=DIRECTION('center_axis',(0.,1.,0.));
#14245=DIRECTION('ref_axis',(-1.,0.,0.));
#14246=DIRECTION('',(-1.,0.,0.));
#14247=DIRECTION('',(-1.,0.,0.));
#14248=DIRECTION('center_axis',(0.,0.,1.));
#14249=DIRECTION('ref_axis',(1.,0.,0.));
#14250=DIRECTION('center_axis',(0.,0.,1.));
#14251=DIRECTION('ref_axis',(1.,0.,0.));
#14252=DIRECTION('center_axis',(1.,0.,0.));
#14253=DIRECTION('ref_axis',(0.,1.,0.));
#14254=DIRECTION('',(0.,-1.,0.));
#14255=DIRECTION('',(0.,0.,1.));
#14256=DIRECTION('',(0.,1.,0.));
#14257=DIRECTION('',(0.,0.,1.));
#14258=DIRECTION('center_axis',(0.,1.,0.));
#14259=DIRECTION('ref_axis',(-1.,0.,0.));
#14260=DIRECTION('',(-1.,0.,0.));
#14261=DIRECTION('',(0.,0.,1.));
#14262=DIRECTION('',(-1.,0.,0.));
#14263=DIRECTION('center_axis',(0.,0.,-1.));
#14264=DIRECTION('ref_axis',(0.,1.,0.));
#14265=DIRECTION('center_axis',(0.,0.,-1.));
#14266=DIRECTION('ref_axis',(0.,1.,0.));
#14267=DIRECTION('',(0.,0.,1.));
#14268=DIRECTION('center_axis',(0.,0.,-1.));
#14269=DIRECTION('ref_axis',(0.,1.,0.));
#14270=DIRECTION('center_axis',(-1.,0.,0.));
#14271=DIRECTION('ref_axis',(0.,-1.,0.));
#14272=DIRECTION('',(0.,-1.,0.));
#14273=DIRECTION('',(0.,0.,1.));
#14274=DIRECTION('',(0.,-1.,0.));
#14275=DIRECTION('center_axis',(0.,0.,-1.));
#14276=DIRECTION('ref_axis',(0.,1.,0.));
#14277=DIRECTION('center_axis',(0.,0.,-1.));
#14278=DIRECTION('ref_axis',(0.,1.,0.));
#14279=DIRECTION('',(0.,0.,1.));
#14280=DIRECTION('center_axis',(0.,0.,-1.));
#14281=DIRECTION('ref_axis',(0.,1.,0.));
#14282=DIRECTION('center_axis',(0.,-1.,0.));
#14283=DIRECTION('ref_axis',(1.,0.,0.));
#14284=DIRECTION('',(1.,0.,0.));
#14285=DIRECTION('',(1.,0.,0.));
#14286=DIRECTION('center_axis',(0.,0.,-1.));
#14287=DIRECTION('ref_axis',(-1.,0.,0.));
#14288=DIRECTION('center_axis',(0.,0.,-1.));
#14289=DIRECTION('ref_axis',(-1.,0.,0.));
#14290=DIRECTION('center_axis',(1.,0.,0.));
#14291=DIRECTION('ref_axis',(0.,1.,0.));
#14292=DIRECTION('',(0.,-1.,0.));
#14293=DIRECTION('',(0.,0.,1.));
#14294=DIRECTION('',(0.,1.,0.));
#14295=DIRECTION('',(0.,0.,1.));
#14296=DIRECTION('center_axis',(0.,-1.,0.));
#14297=DIRECTION('ref_axis',(1.,0.,0.));
#14298=DIRECTION('',(1.,0.,0.));
#14299=DIRECTION('',(1.,0.,0.));
#14300=DIRECTION('',(0.,0.,1.));
#14301=DIRECTION('center_axis',(0.,0.,1.));
#14302=DIRECTION('ref_axis',(0.,1.,0.));
#14303=DIRECTION('center_axis',(0.,0.,1.));
#14304=DIRECTION('ref_axis',(0.,1.,0.));
#14305=DIRECTION('center_axis',(0.,0.,1.));
#14306=DIRECTION('ref_axis',(0.,1.,0.));
#14307=DIRECTION('',(0.,0.,1.));
#14308=DIRECTION('center_axis',(-1.,0.,0.));
#14309=DIRECTION('ref_axis',(0.,-1.,0.));
#14310=DIRECTION('',(0.,-1.,0.));
#14311=DIRECTION('',(0.,-1.,0.));
#14312=DIRECTION('',(0.,0.,1.));
#14313=DIRECTION('center_axis',(0.,0.,1.));
#14314=DIRECTION('ref_axis',(0.,1.,0.));
#14315=DIRECTION('center_axis',(0.,0.,1.));
#14316=DIRECTION('ref_axis',(0.,1.,0.));
#14317=DIRECTION('center_axis',(0.,0.,1.));
#14318=DIRECTION('ref_axis',(0.,1.,0.));
#14319=DIRECTION('',(0.,0.,1.));
#14320=DIRECTION('center_axis',(0.,1.,0.));
#14321=DIRECTION('ref_axis',(-1.,0.,0.));
#14322=DIRECTION('',(-1.,0.,0.));
#14323=DIRECTION('',(-1.,0.,0.));
#14324=DIRECTION('center_axis',(0.,0.,1.));
#14325=DIRECTION('ref_axis',(1.,0.,0.));
#14326=DIRECTION('center_axis',(0.,0.,1.));
#14327=DIRECTION('ref_axis',(1.,0.,0.));
#14328=DIRECTION('center_axis',(1.,0.,0.));
#14329=DIRECTION('ref_axis',(0.,1.,0.));
#14330=DIRECTION('',(0.,-1.,0.));
#14331=DIRECTION('',(0.,0.,1.));
#14332=DIRECTION('',(0.,1.,0.));
#14333=DIRECTION('',(0.,0.,1.));
#14334=DIRECTION('center_axis',(0.,-1.,0.));
#14335=DIRECTION('ref_axis',(1.,0.,0.));
#14336=DIRECTION('',(1.,0.,0.));
#14337=DIRECTION('',(1.,0.,0.));
#14338=DIRECTION('',(0.,0.,1.));
#14339=DIRECTION('center_axis',(0.,0.,1.));
#14340=DIRECTION('ref_axis',(0.,1.,0.));
#14341=DIRECTION('center_axis',(0.,0.,1.));
#14342=DIRECTION('ref_axis',(0.,1.,0.));
#14343=DIRECTION('center_axis',(0.,0.,1.));
#14344=DIRECTION('ref_axis',(0.,1.,0.));
#14345=DIRECTION('',(0.,0.,1.));
#14346=DIRECTION('center_axis',(-1.,0.,0.));
#14347=DIRECTION('ref_axis',(0.,-1.,0.));
#14348=DIRECTION('',(0.,-1.,0.));
#14349=DIRECTION('',(0.,-1.,0.));
#14350=DIRECTION('',(0.,0.,1.));
#14351=DIRECTION('center_axis',(0.,0.,1.));
#14352=DIRECTION('ref_axis',(0.,1.,0.));
#14353=DIRECTION('center_axis',(0.,0.,1.));
#14354=DIRECTION('ref_axis',(0.,1.,0.));
#14355=DIRECTION('center_axis',(0.,0.,1.));
#14356=DIRECTION('ref_axis',(0.,1.,0.));
#14357=DIRECTION('',(0.,0.,1.));
#14358=DIRECTION('center_axis',(0.,1.,0.));
#14359=DIRECTION('ref_axis',(-1.,0.,0.));
#14360=DIRECTION('',(-1.,0.,0.));
#14361=DIRECTION('',(-1.,0.,0.));
#14362=DIRECTION('center_axis',(0.,0.,1.));
#14363=DIRECTION('ref_axis',(1.,0.,0.));
#14364=DIRECTION('center_axis',(0.,0.,1.));
#14365=DIRECTION('ref_axis',(1.,0.,0.));
#14366=DIRECTION('center_axis',(1.,0.,0.));
#14367=DIRECTION('ref_axis',(0.,1.,0.));
#14368=DIRECTION('',(0.,-1.,0.));
#14369=DIRECTION('',(0.,0.,1.));
#14370=DIRECTION('',(0.,1.,0.));
#14371=DIRECTION('',(0.,0.,1.));
#14372=DIRECTION('center_axis',(0.,-1.,0.));
#14373=DIRECTION('ref_axis',(1.,0.,0.));
#14374=DIRECTION('',(1.,0.,0.));
#14375=DIRECTION('',(1.,0.,0.));
#14376=DIRECTION('',(0.,0.,1.));
#14377=DIRECTION('center_axis',(0.,0.,1.));
#14378=DIRECTION('ref_axis',(0.,1.,0.));
#14379=DIRECTION('center_axis',(0.,0.,1.));
#14380=DIRECTION('ref_axis',(0.,1.,0.));
#14381=DIRECTION('center_axis',(0.,0.,1.));
#14382=DIRECTION('ref_axis',(0.,1.,0.));
#14383=DIRECTION('',(0.,0.,1.));
#14384=DIRECTION('center_axis',(-1.,0.,0.));
#14385=DIRECTION('ref_axis',(0.,-1.,0.));
#14386=DIRECTION('',(0.,-1.,0.));
#14387=DIRECTION('',(0.,-1.,0.));
#14388=DIRECTION('',(0.,0.,1.));
#14389=DIRECTION('center_axis',(0.,0.,1.));
#14390=DIRECTION('ref_axis',(0.,1.,0.));
#14391=DIRECTION('center_axis',(0.,0.,1.));
#14392=DIRECTION('ref_axis',(0.,1.,0.));
#14393=DIRECTION('center_axis',(0.,0.,1.));
#14394=DIRECTION('ref_axis',(0.,1.,0.));
#14395=DIRECTION('',(0.,0.,1.));
#14396=DIRECTION('center_axis',(0.,1.,0.));
#14397=DIRECTION('ref_axis',(-1.,0.,0.));
#14398=DIRECTION('',(-1.,0.,0.));
#14399=DIRECTION('',(-1.,0.,0.));
#14400=DIRECTION('center_axis',(0.,0.,1.));
#14401=DIRECTION('ref_axis',(1.,0.,0.));
#14402=DIRECTION('center_axis',(0.,0.,1.));
#14403=DIRECTION('ref_axis',(1.,0.,0.));
#14404=DIRECTION('center_axis',(1.,0.,0.));
#14405=DIRECTION('ref_axis',(0.,1.,0.));
#14406=DIRECTION('',(0.,-1.,0.));
#14407=DIRECTION('',(0.,0.,1.));
#14408=DIRECTION('',(0.,1.,0.));
#14409=DIRECTION('',(0.,0.,1.));
#14410=DIRECTION('center_axis',(0.,1.,0.));
#14411=DIRECTION('ref_axis',(-1.,0.,0.));
#14412=DIRECTION('',(-1.,0.,0.));
#14413=DIRECTION('',(0.,0.,1.));
#14414=DIRECTION('',(-1.,0.,0.));
#14415=DIRECTION('center_axis',(0.,0.,-1.));
#14416=DIRECTION('ref_axis',(0.,1.,0.));
#14417=DIRECTION('center_axis',(0.,0.,-1.));
#14418=DIRECTION('ref_axis',(0.,1.,0.));
#14419=DIRECTION('',(0.,0.,1.));
#14420=DIRECTION('center_axis',(0.,0.,-1.));
#14421=DIRECTION('ref_axis',(0.,1.,0.));
#14422=DIRECTION('center_axis',(-1.,0.,0.));
#14423=DIRECTION('ref_axis',(0.,-1.,0.));
#14424=DIRECTION('',(0.,-1.,0.));
#14425=DIRECTION('',(0.,0.,1.));
#14426=DIRECTION('',(0.,-1.,0.));
#14427=DIRECTION('center_axis',(0.,0.,-1.));
#14428=DIRECTION('ref_axis',(0.,1.,0.));
#14429=DIRECTION('center_axis',(0.,0.,-1.));
#14430=DIRECTION('ref_axis',(0.,1.,0.));
#14431=DIRECTION('',(0.,0.,1.));
#14432=DIRECTION('center_axis',(0.,0.,-1.));
#14433=DIRECTION('ref_axis',(0.,1.,0.));
#14434=DIRECTION('center_axis',(0.,-1.,0.));
#14435=DIRECTION('ref_axis',(1.,0.,0.));
#14436=DIRECTION('',(1.,0.,0.));
#14437=DIRECTION('',(1.,0.,0.));
#14438=DIRECTION('center_axis',(0.,0.,-1.));
#14439=DIRECTION('ref_axis',(-1.,0.,0.));
#14440=DIRECTION('center_axis',(0.,0.,-1.));
#14441=DIRECTION('ref_axis',(-1.,0.,0.));
#14442=DIRECTION('center_axis',(1.,0.,0.));
#14443=DIRECTION('ref_axis',(0.,1.,0.));
#14444=DIRECTION('',(0.,-1.,0.));
#14445=DIRECTION('',(0.,0.,1.));
#14446=DIRECTION('',(0.,1.,0.));
#14447=DIRECTION('',(0.,0.,1.));
#14448=DIRECTION('center_axis',(0.,1.,0.));
#14449=DIRECTION('ref_axis',(-1.,0.,0.));
#14450=DIRECTION('',(-1.,0.,0.));
#14451=DIRECTION('',(0.,0.,1.));
#14452=DIRECTION('',(-1.,0.,0.));
#14453=DIRECTION('center_axis',(0.,0.,-1.));
#14454=DIRECTION('ref_axis',(0.,1.,0.));
#14455=DIRECTION('center_axis',(0.,0.,-1.));
#14456=DIRECTION('ref_axis',(0.,1.,0.));
#14457=DIRECTION('',(0.,0.,1.));
#14458=DIRECTION('center_axis',(0.,0.,-1.));
#14459=DIRECTION('ref_axis',(0.,1.,0.));
#14460=DIRECTION('center_axis',(-1.,0.,0.));
#14461=DIRECTION('ref_axis',(0.,-1.,0.));
#14462=DIRECTION('',(0.,-1.,0.));
#14463=DIRECTION('',(0.,0.,1.));
#14464=DIRECTION('',(0.,-1.,0.));
#14465=DIRECTION('center_axis',(0.,0.,-1.));
#14466=DIRECTION('ref_axis',(0.,1.,0.));
#14467=DIRECTION('center_axis',(0.,0.,-1.));
#14468=DIRECTION('ref_axis',(0.,1.,0.));
#14469=DIRECTION('',(0.,0.,1.));
#14470=DIRECTION('center_axis',(0.,0.,-1.));
#14471=DIRECTION('ref_axis',(0.,1.,0.));
#14472=DIRECTION('center_axis',(0.,-1.,0.));
#14473=DIRECTION('ref_axis',(1.,0.,0.));
#14474=DIRECTION('',(1.,0.,0.));
#14475=DIRECTION('',(1.,0.,0.));
#14476=DIRECTION('center_axis',(0.,0.,-1.));
#14477=DIRECTION('ref_axis',(-1.,0.,0.));
#14478=DIRECTION('center_axis',(0.,0.,-1.));
#14479=DIRECTION('ref_axis',(-1.,0.,0.));
#14480=DIRECTION('center_axis',(1.,0.,0.));
#14481=DIRECTION('ref_axis',(0.,1.,0.));
#14482=DIRECTION('',(0.,-1.,0.));
#14483=DIRECTION('',(0.,0.,1.));
#14484=DIRECTION('',(0.,1.,0.));
#14485=DIRECTION('',(0.,0.,1.));
#14486=DIRECTION('center_axis',(0.,1.,0.));
#14487=DIRECTION('ref_axis',(-1.,0.,0.));
#14488=DIRECTION('',(-1.,0.,0.));
#14489=DIRECTION('',(0.,0.,1.));
#14490=DIRECTION('',(-1.,0.,0.));
#14491=DIRECTION('center_axis',(0.,0.,-1.));
#14492=DIRECTION('ref_axis',(0.,1.,0.));
#14493=DIRECTION('center_axis',(0.,0.,-1.));
#14494=DIRECTION('ref_axis',(0.,1.,0.));
#14495=DIRECTION('',(0.,0.,1.));
#14496=DIRECTION('center_axis',(0.,0.,-1.));
#14497=DIRECTION('ref_axis',(0.,1.,0.));
#14498=DIRECTION('center_axis',(-1.,0.,0.));
#14499=DIRECTION('ref_axis',(0.,-1.,0.));
#14500=DIRECTION('',(0.,-1.,0.));
#14501=DIRECTION('',(0.,0.,1.));
#14502=DIRECTION('',(0.,-1.,0.));
#14503=DIRECTION('center_axis',(0.,0.,-1.));
#14504=DIRECTION('ref_axis',(0.,1.,0.));
#14505=DIRECTION('center_axis',(0.,0.,-1.));
#14506=DIRECTION('ref_axis',(0.,1.,0.));
#14507=DIRECTION('',(0.,0.,1.));
#14508=DIRECTION('center_axis',(0.,0.,-1.));
#14509=DIRECTION('ref_axis',(0.,1.,0.));
#14510=DIRECTION('center_axis',(0.,-1.,0.));
#14511=DIRECTION('ref_axis',(1.,0.,0.));
#14512=DIRECTION('',(1.,0.,0.));
#14513=DIRECTION('',(1.,0.,0.));
#14514=DIRECTION('center_axis',(0.,0.,-1.));
#14515=DIRECTION('ref_axis',(-1.,0.,0.));
#14516=DIRECTION('center_axis',(0.,0.,-1.));
#14517=DIRECTION('ref_axis',(-1.,0.,0.));
#14518=DIRECTION('center_axis',(0.,-1.,0.));
#14519=DIRECTION('ref_axis',(1.,0.,0.));
#14520=DIRECTION('',(1.,0.,0.));
#14521=DIRECTION('',(0.,0.,1.));
#14522=DIRECTION('',(1.,0.,0.));
#14523=DIRECTION('',(0.,0.,1.));
#14524=DIRECTION('center_axis',(1.,0.,0.));
#14525=DIRECTION('ref_axis',(0.,1.,0.));
#14526=DIRECTION('',(0.,1.,0.));
#14527=DIRECTION('',(0.,0.,1.));
#14528=DIRECTION('',(0.,1.,0.));
#14529=DIRECTION('center_axis',(0.,1.,0.));
#14530=DIRECTION('ref_axis',(-1.,0.,0.));
#14531=DIRECTION('',(-1.,0.,0.));
#14532=DIRECTION('',(0.,0.,1.));
#14533=DIRECTION('',(-1.,0.,0.));
#14534=DIRECTION('center_axis',(-1.,0.,0.));
#14535=DIRECTION('ref_axis',(0.,-1.,0.));
#14536=DIRECTION('',(0.,-1.,0.));
#14537=DIRECTION('',(0.,-1.,0.));
#14538=DIRECTION('center_axis',(0.,0.,-1.));
#14539=DIRECTION('ref_axis',(-1.,0.,0.));
#14540=DIRECTION('center_axis',(0.,0.,-1.));
#14541=DIRECTION('ref_axis',(-1.,0.,0.));
#14542=DIRECTION('center_axis',(0.,1.,0.));
#14543=DIRECTION('ref_axis',(-1.,0.,0.));
#14544=DIRECTION('',(-1.,0.,0.));
#14545=DIRECTION('',(0.,0.,1.));
#14546=DIRECTION('',(-1.,0.,0.));
#14547=DIRECTION('',(0.,0.,1.));
#14548=DIRECTION('center_axis',(1.,0.,0.));
#14549=DIRECTION('ref_axis',(0.,1.,0.));
#14550=DIRECTION('',(0.,1.,0.));
#14551=DIRECTION('',(0.,1.,0.));
#14552=DIRECTION('',(0.,0.,1.));
#14553=DIRECTION('center_axis',(0.,-1.,0.));
#14554=DIRECTION('ref_axis',(1.,0.,0.));
#14555=DIRECTION('',(1.,0.,0.));
#14556=DIRECTION('',(1.,0.,0.));
#14557=DIRECTION('',(0.,0.,1.));
#14558=DIRECTION('center_axis',(-1.,0.,0.));
#14559=DIRECTION('ref_axis',(0.,-1.,0.));
#14560=DIRECTION('',(0.,-1.,0.));
#14561=DIRECTION('',(0.,-1.,0.));
#14562=DIRECTION('center_axis',(0.,0.,1.));
#14563=DIRECTION('ref_axis',(1.,0.,0.));
#14564=DIRECTION('center_axis',(0.,0.,1.));
#14565=DIRECTION('ref_axis',(1.,0.,0.));
#14566=DIRECTION('center_axis',(0.,1.,0.));
#14567=DIRECTION('ref_axis',(-1.,0.,0.));
#14568=DIRECTION('',(-1.,0.,0.));
#14569=DIRECTION('',(0.,0.,1.));
#14570=DIRECTION('',(-1.,0.,0.));
#14571=DIRECTION('',(0.,0.,1.));
#14572=DIRECTION('center_axis',(1.,0.,0.));
#14573=DIRECTION('ref_axis',(0.,1.,0.));
#14574=DIRECTION('',(0.,1.,0.));
#14575=DIRECTION('',(0.,1.,0.));
#14576=DIRECTION('',(0.,0.,1.));
#14577=DIRECTION('center_axis',(0.,-1.,0.));
#14578=DIRECTION('ref_axis',(1.,0.,0.));
#14579=DIRECTION('',(1.,0.,0.));
#14580=DIRECTION('',(1.,0.,0.));
#14581=DIRECTION('',(0.,0.,1.));
#14582=DIRECTION('center_axis',(-1.,0.,0.));
#14583=DIRECTION('ref_axis',(0.,-1.,0.));
#14584=DIRECTION('',(0.,-1.,0.));
#14585=DIRECTION('',(0.,-1.,0.));
#14586=DIRECTION('center_axis',(0.,0.,1.));
#14587=DIRECTION('ref_axis',(1.,0.,0.));
#14588=DIRECTION('center_axis',(0.,0.,1.));
#14589=DIRECTION('ref_axis',(1.,0.,0.));
#14590=DIRECTION('center_axis',(0.,1.,0.));
#14591=DIRECTION('ref_axis',(-1.,0.,0.));
#14592=DIRECTION('',(-1.,0.,0.));
#14593=DIRECTION('',(0.,0.,1.));
#14594=DIRECTION('',(-1.,0.,0.));
#14595=DIRECTION('',(0.,0.,1.));
#14596=DIRECTION('center_axis',(1.,0.,0.));
#14597=DIRECTION('ref_axis',(0.,1.,0.));
#14598=DIRECTION('',(0.,1.,0.));
#14599=DIRECTION('',(0.,1.,0.));
#14600=DIRECTION('',(0.,0.,1.));
#14601=DIRECTION('center_axis',(0.,-1.,0.));
#14602=DIRECTION('ref_axis',(1.,0.,0.));
#14603=DIRECTION('',(1.,0.,0.));
#14604=DIRECTION('',(1.,0.,0.));
#14605=DIRECTION('',(0.,0.,1.));
#14606=DIRECTION('center_axis',(-1.,0.,0.));
#14607=DIRECTION('ref_axis',(0.,-1.,0.));
#14608=DIRECTION('',(0.,-1.,0.));
#14609=DIRECTION('',(0.,-1.,0.));
#14610=DIRECTION('center_axis',(0.,0.,1.));
#14611=DIRECTION('ref_axis',(1.,0.,0.));
#14612=DIRECTION('center_axis',(0.,0.,1.));
#14613=DIRECTION('ref_axis',(1.,0.,0.));
#14614=DIRECTION('center_axis',(0.,-1.,0.));
#14615=DIRECTION('ref_axis',(1.,0.,0.));
#14616=DIRECTION('',(1.,0.,0.));
#14617=DIRECTION('',(0.,0.,1.));
#14618=DIRECTION('',(1.,0.,0.));
#14619=DIRECTION('',(0.,0.,1.));
#14620=DIRECTION('center_axis',(1.,0.,0.));
#14621=DIRECTION('ref_axis',(0.,1.,0.));
#14622=DIRECTION('',(0.,1.,0.));
#14623=DIRECTION('',(0.,0.,1.));
#14624=DIRECTION('',(0.,1.,0.));
#14625=DIRECTION('center_axis',(0.,1.,0.));
#14626=DIRECTION('ref_axis',(-1.,0.,0.));
#14627=DIRECTION('',(-1.,0.,0.));
#14628=DIRECTION('',(0.,0.,1.));
#14629=DIRECTION('',(-1.,0.,0.));
#14630=DIRECTION('center_axis',(-1.,0.,0.));
#14631=DIRECTION('ref_axis',(0.,-1.,0.));
#14632=DIRECTION('',(0.,-1.,0.));
#14633=DIRECTION('',(0.,-1.,0.));
#14634=DIRECTION('center_axis',(0.,0.,-1.));
#14635=DIRECTION('ref_axis',(-1.,0.,0.));
#14636=DIRECTION('center_axis',(0.,0.,-1.));
#14637=DIRECTION('ref_axis',(-1.,0.,0.));
#14638=DIRECTION('center_axis',(0.,-1.,0.));
#14639=DIRECTION('ref_axis',(1.,0.,0.));
#14640=DIRECTION('',(1.,0.,0.));
#14641=DIRECTION('',(0.,0.,1.));
#14642=DIRECTION('',(1.,0.,0.));
#14643=DIRECTION('',(0.,0.,1.));
#14644=DIRECTION('center_axis',(1.,0.,0.));
#14645=DIRECTION('ref_axis',(0.,1.,0.));
#14646=DIRECTION('',(0.,1.,0.));
#14647=DIRECTION('',(0.,0.,1.));
#14648=DIRECTION('',(0.,1.,0.));
#14649=DIRECTION('center_axis',(0.,1.,0.));
#14650=DIRECTION('ref_axis',(-1.,0.,0.));
#14651=DIRECTION('',(-1.,0.,0.));
#14652=DIRECTION('',(0.,0.,1.));
#14653=DIRECTION('',(-1.,0.,0.));
#14654=DIRECTION('center_axis',(-1.,0.,0.));
#14655=DIRECTION('ref_axis',(0.,-1.,0.));
#14656=DIRECTION('',(0.,-1.,0.));
#14657=DIRECTION('',(0.,-1.,0.));
#14658=DIRECTION('center_axis',(0.,0.,-1.));
#14659=DIRECTION('ref_axis',(-1.,0.,0.));
#14660=DIRECTION('center_axis',(0.,0.,-1.));
#14661=DIRECTION('ref_axis',(-1.,0.,0.));
#14662=DIRECTION('center_axis',(0.,-1.,0.));
#14663=DIRECTION('ref_axis',(1.,0.,0.));
#14664=DIRECTION('',(1.,0.,0.));
#14665=DIRECTION('',(0.,0.,1.));
#14666=DIRECTION('',(1.,0.,0.));
#14667=DIRECTION('',(0.,0.,1.));
#14668=DIRECTION('center_axis',(1.,0.,0.));
#14669=DIRECTION('ref_axis',(0.,1.,0.));
#14670=DIRECTION('',(0.,1.,0.));
#14671=DIRECTION('',(0.,0.,1.));
#14672=DIRECTION('',(0.,1.,0.));
#14673=DIRECTION('center_axis',(0.,1.,0.));
#14674=DIRECTION('ref_axis',(-1.,0.,0.));
#14675=DIRECTION('',(-1.,0.,0.));
#14676=DIRECTION('',(0.,0.,1.));
#14677=DIRECTION('',(-1.,0.,0.));
#14678=DIRECTION('center_axis',(-1.,0.,0.));
#14679=DIRECTION('ref_axis',(0.,-1.,0.));
#14680=DIRECTION('',(0.,-1.,0.));
#14681=DIRECTION('',(0.,-1.,0.));
#14682=DIRECTION('center_axis',(0.,0.,-1.));
#14683=DIRECTION('ref_axis',(-1.,0.,0.));
#14684=DIRECTION('center_axis',(0.,0.,-1.));
#14685=DIRECTION('ref_axis',(-1.,0.,0.));
#14686=DIRECTION('center_axis',(0.,-1.,0.));
#14687=DIRECTION('ref_axis',(1.,0.,0.));
#14688=DIRECTION('',(1.,0.,0.));
#14689=DIRECTION('',(0.,0.,1.));
#14690=DIRECTION('',(1.,0.,0.));
#14691=DIRECTION('',(0.,0.,1.));
#14692=DIRECTION('center_axis',(-1.,0.,0.));
#14693=DIRECTION('ref_axis',(0.,-1.,0.));
#14694=DIRECTION('',(0.,-1.,0.));
#14695=DIRECTION('',(0.,-1.,0.));
#14696=DIRECTION('',(0.,0.,1.));
#14697=DIRECTION('center_axis',(0.,1.,0.));
#14698=DIRECTION('ref_axis',(-1.,0.,0.));
#14699=DIRECTION('',(-1.,0.,0.));
#14700=DIRECTION('',(-1.,0.,0.));
#14701=DIRECTION('',(0.,0.,1.));
#14702=DIRECTION('center_axis',(1.,0.,0.));
#14703=DIRECTION('ref_axis',(0.,1.,0.));
#14704=DIRECTION('',(0.,1.,0.));
#14705=DIRECTION('',(0.,1.,0.));
#14706=DIRECTION('center_axis',(0.,0.,1.));
#14707=DIRECTION('ref_axis',(1.,0.,0.));
#14708=DIRECTION('center_axis',(0.,0.,1.));
#14709=DIRECTION('ref_axis',(1.,0.,0.));
#14710=DIRECTION('',(0.,0.,1.));
#14711=DIRECTION('',(1.,0.,0.));
#14712=DIRECTION('axis',(0.,0.,1.));
#14713=DIRECTION('refdir',(1.,0.,0.));
#14714=DIRECTION('axis',(0.,0.,1.));
#14715=DIRECTION('refdir',(1.,0.,0.));
#14716=DIRECTION('center_axis',(-0.816496580927726,0.408248290463863,-0.408248290463863));
#14717=DIRECTION('ref_axis',(-0.577350269189625,-0.577350269189628,0.577350269189625));
#14718=DIRECTION('center_axis',(0.,-1.,0.));
#14719=DIRECTION('ref_axis',(-1.,0.,0.));
#14720=DIRECTION('center_axis',(0.,0.,1.));
#14721=DIRECTION('ref_axis',(0.,-1.,0.));
#14722=DIRECTION('center_axis',(-1.,0.,0.));
#14723=DIRECTION('ref_axis',(0.,0.,1.));
#14724=DIRECTION('center_axis',(-0.408248290463863,-0.816496580927726,-0.408248290463863));
#14725=DIRECTION('ref_axis',(0.577350269189626,-0.577350269189626,0.577350269189626));
#14726=DIRECTION('center_axis',(1.,0.,0.));
#14727=DIRECTION('ref_axis',(0.,-1.,0.));
#14728=DIRECTION('center_axis',(0.,0.,1.));
#14729=DIRECTION('ref_axis',(1.,0.,0.));
#14730=DIRECTION('center_axis',(0.,-1.,0.));
#14731=DIRECTION('ref_axis',(0.,0.,1.));
#14732=DIRECTION('center_axis',(0.408248290463864,0.408248290463863,-0.816496580927726));
#14733=DIRECTION('ref_axis',(-0.577350269189625,-0.577350269189625,-0.577350269189627));
#14734=DIRECTION('center_axis',(0.,0.,-1.));
#14735=DIRECTION('ref_axis',(-1.,0.,0.));
#14736=DIRECTION('center_axis',(0.,-1.,0.));
#14737=DIRECTION('ref_axis',(0.,0.,-1.));
#14738=DIRECTION('center_axis',(-1.,0.,0.));
#14739=DIRECTION('ref_axis',(0.,-1.,0.));
#14740=DIRECTION('center_axis',(-0.408248290463864,-0.816496580927726,0.408248290463864));
#14741=DIRECTION('ref_axis',(-0.577350269189626,0.577350269189626,0.577350269189626));
#14742=DIRECTION('center_axis',(-1.,0.,0.));
#14743=DIRECTION('ref_axis',(0.,1.,0.));
#14744=DIRECTION('center_axis',(0.,0.,1.));
#14745=DIRECTION('ref_axis',(-1.,0.,0.));
#14746=DIRECTION('center_axis',(0.,1.,0.));
#14747=DIRECTION('ref_axis',(0.,0.,1.));
#14748=DIRECTION('center_axis',(-0.816496580927725,-0.408248290463864,-0.408248290463863));
#14749=DIRECTION('ref_axis',(0.577350269189626,-0.577350269189626,-0.577350269189626));
#14750=DIRECTION('center_axis',(0.,0.,-1.));
#14751=DIRECTION('ref_axis',(0.,-1.,0.));
#14752=DIRECTION('center_axis',(1.,0.,0.));
#14753=DIRECTION('ref_axis',(0.,0.,-1.));
#14754=DIRECTION('center_axis',(0.,-1.,0.));
#14755=DIRECTION('ref_axis',(1.,0.,0.));
#14756=DIRECTION('center_axis',(1.,0.,0.));
#14757=DIRECTION('ref_axis',(0.,-0.707106781186548,-0.707106781186547));
#14758=DIRECTION('',(-1.,0.,0.));
#14759=DIRECTION('',(1.,0.,0.));
#14760=DIRECTION('center_axis',(-0.816496580927726,0.408248290463863,0.408248290463863));
#14761=DIRECTION('ref_axis',(0.577350269189625,0.577350269189628,0.577350269189625));
#14762=DIRECTION('center_axis',(0.,1.,0.));
#14763=DIRECTION('ref_axis',(1.,0.,0.));
#14764=DIRECTION('center_axis',(0.,0.,1.));
#14765=DIRECTION('ref_axis',(0.,1.,0.));
#14766=DIRECTION('center_axis',(1.,0.,0.));
#14767=DIRECTION('ref_axis',(0.,0.,1.));
#14768=DIRECTION('center_axis',(-0.816496580927726,-0.408248290463863,0.408248290463862));
#14769=DIRECTION('ref_axis',(-0.577350269189625,0.577350269189627,-0.577350269189626));
#14770=DIRECTION('center_axis',(-1.,0.,0.));
#14771=DIRECTION('ref_axis',(0.,0.,-1.));
#14772=DIRECTION('center_axis',(0.,1.,0.));
#14773=DIRECTION('ref_axis',(-1.,0.,0.));
#14774=DIRECTION('center_axis',(0.,0.,-1.));
#14775=DIRECTION('ref_axis',(0.,1.,0.));
#14776=DIRECTION('center_axis',(0.,-1.,0.));
#14777=DIRECTION('ref_axis',(-0.707106781186548,0.,-0.707106781186547));
#14778=DIRECTION('',(0.,1.,0.));
#14779=DIRECTION('',(0.,-1.,0.));
#14780=DIRECTION('center_axis',(0.,0.,1.));
#14781=DIRECTION('ref_axis',(-0.707106781186548,0.707106781186548,0.));
#14782=DIRECTION('',(0.,0.,-1.));
#14783=DIRECTION('',(0.,0.,1.));
#14784=DIRECTION('center_axis',(-0.408248290463864,-0.408248290463863,-0.816496580927726));
#14785=DIRECTION('ref_axis',(0.577350269189627,0.577350269189625,-0.577350269189626));
#14786=DIRECTION('center_axis',(0.,0.,-1.));
#14787=DIRECTION('ref_axis',(1.,0.,0.));
#14788=DIRECTION('center_axis',(0.,1.,0.));
#14789=DIRECTION('ref_axis',(0.,0.,-1.));
#14790=DIRECTION('center_axis',(1.,0.,0.));
#14791=DIRECTION('ref_axis',(0.,1.,0.));
#14792=DIRECTION('center_axis',(0.,-1.,0.));
#14793=DIRECTION('ref_axis',(0.707106781186548,0.,-0.707106781186547));
#14794=DIRECTION('',(0.,1.,0.));
#14795=DIRECTION('',(0.,-1.,0.));
#14796=DIRECTION('center_axis',(-1.,0.,0.));
#14797=DIRECTION('ref_axis',(0.,0.707106781186548,-0.707106781186547));
#14798=DIRECTION('',(1.,0.,0.));
#14799=DIRECTION('',(-1.,0.,0.));
#14800=DIRECTION('center_axis',(0.,0.,1.));
#14801=DIRECTION('ref_axis',(0.707106781186548,0.707106781186548,0.));
#14802=DIRECTION('',(0.,0.,-1.));
#14803=DIRECTION('',(0.,0.,1.));
#14804=DIRECTION('center_axis',(-1.,0.,0.));
#14805=DIRECTION('ref_axis',(0.,0.707106781186548,0.707106781186548));
#14806=DIRECTION('',(1.,0.,0.));
#14807=DIRECTION('',(-1.,0.,0.));
#14808=DIRECTION('center_axis',(0.,1.,0.));
#14809=DIRECTION('ref_axis',(0.707106781186548,0.,0.707106781186548));
#14810=DIRECTION('',(0.,-1.,0.));
#14811=DIRECTION('',(0.,1.,0.));
#14812=DIRECTION('center_axis',(0.,0.,1.));
#14813=DIRECTION('ref_axis',(0.707106781186548,-0.707106781186548,0.));
#14814=DIRECTION('',(0.,0.,-1.));
#14815=DIRECTION('',(0.,0.,1.));
#14816=DIRECTION('center_axis',(0.,-1.,0.));
#14817=DIRECTION('ref_axis',(-0.707106781186548,0.,0.707106781186548));
#14818=DIRECTION('',(0.,1.,0.));
#14819=DIRECTION('',(0.,-1.,0.));
#14820=DIRECTION('center_axis',(0.,0.,1.));
#14821=DIRECTION('ref_axis',(-0.707106781186548,-0.707106781186548,0.));
#14822=DIRECTION('',(0.,0.,-1.));
#14823=DIRECTION('',(0.,0.,1.));
#14824=DIRECTION('center_axis',(1.,0.,0.));
#14825=DIRECTION('ref_axis',(0.,-0.707106781186548,0.707106781186548));
#14826=DIRECTION('',(-1.,0.,0.));
#14827=DIRECTION('',(1.,0.,0.));
#14828=DIRECTION('center_axis',(0.,-1.,0.));
#14829=DIRECTION('ref_axis',(1.,0.,0.));
#14830=DIRECTION('center_axis',(0.,0.,1.));
#14831=DIRECTION('ref_axis',(1.,0.,0.));
#14832=DIRECTION('center_axis',(-1.,0.,0.));
#14833=DIRECTION('ref_axis',(0.,-1.,0.));
#14834=DIRECTION('center_axis',(0.,1.,0.));
#14835=DIRECTION('ref_axis',(-1.,0.,0.));
#14836=DIRECTION('center_axis',(1.,0.,0.));
#14837=DIRECTION('ref_axis',(0.,1.,0.));
#14838=DIRECTION('center_axis',(0.,0.,1.));
#14839=DIRECTION('ref_axis',(1.,0.,0.));
#14840=DIRECTION('center_axis',(-0.816496580927726,0.408248290463863,-0.408248290463863));
#14841=DIRECTION('ref_axis',(-0.577350269189625,-0.577350269189628,0.577350269189625));
#14842=DIRECTION('center_axis',(0.,-1.,0.));
#14843=DIRECTION('ref_axis',(-1.,0.,0.));
#14844=DIRECTION('center_axis',(0.,0.,1.));
#14845=DIRECTION('ref_axis',(0.,-1.,0.));
#14846=DIRECTION('center_axis',(-1.,0.,0.));
#14847=DIRECTION('ref_axis',(0.,0.,1.));
#14848=DIRECTION('center_axis',(-0.408248290463863,-0.816496580927726,-0.408248290463863));
#14849=DIRECTION('ref_axis',(0.577350269189626,-0.577350269189626,0.577350269189626));
#14850=DIRECTION('center_axis',(1.,0.,0.));
#14851=DIRECTION('ref_axis',(0.,-1.,0.));
#14852=DIRECTION('center_axis',(0.,0.,1.));
#14853=DIRECTION('ref_axis',(1.,0.,0.));
#14854=DIRECTION('center_axis',(0.,-1.,0.));
#14855=DIRECTION('ref_axis',(0.,0.,1.));
#14856=DIRECTION('center_axis',(0.408248290463862,-0.816496580927726,0.408248290463864));
#14857=DIRECTION('ref_axis',(-0.577350269189625,-0.577350269189625,-0.577350269189627));
#14858=DIRECTION('center_axis',(0.,0.,-1.));
#14859=DIRECTION('ref_axis',(-1.,0.,0.));
#14860=DIRECTION('center_axis',(0.,-1.,0.));
#14861=DIRECTION('ref_axis',(0.,0.,-1.));
#14862=DIRECTION('center_axis',(-1.,0.,1.73472347597681E-15));
#14863=DIRECTION('ref_axis',(0.,-1.,0.));
#14864=DIRECTION('center_axis',(-0.408248290463864,-0.816496580927726,0.408248290463864));
#14865=DIRECTION('ref_axis',(-0.577350269189626,0.577350269189626,0.577350269189626));
#14866=DIRECTION('center_axis',(-1.,0.,0.));
#14867=DIRECTION('ref_axis',(0.,1.,0.));
#14868=DIRECTION('center_axis',(0.,0.,1.));
#14869=DIRECTION('ref_axis',(-1.,0.,0.));
#14870=DIRECTION('center_axis',(0.,1.,0.));
#14871=DIRECTION('ref_axis',(0.,0.,1.));
#14872=DIRECTION('center_axis',(-0.816496580927725,-0.408248290463864,-0.408248290463863));
#14873=DIRECTION('ref_axis',(0.577350269189626,-0.577350269189626,-0.577350269189626));
#14874=DIRECTION('center_axis',(0.,0.,-1.));
#14875=DIRECTION('ref_axis',(0.,-1.,0.));
#14876=DIRECTION('center_axis',(1.,0.,0.));
#14877=DIRECTION('ref_axis',(0.,0.,-1.));
#14878=DIRECTION('center_axis',(0.,-1.,0.));
#14879=DIRECTION('ref_axis',(1.,0.,0.));
#14880=DIRECTION('center_axis',(1.,0.,0.));
#14881=DIRECTION('ref_axis',(0.,-0.707106781186548,-0.707106781186547));
#14882=DIRECTION('',(-1.,0.,0.));
#14883=DIRECTION('',(1.,0.,0.));
#14884=DIRECTION('center_axis',(-0.816496580927726,0.408248290463863,0.408248290463863));
#14885=DIRECTION('ref_axis',(0.577350269189625,0.577350269189628,0.577350269189625));
#14886=DIRECTION('center_axis',(0.,1.,0.));
#14887=DIRECTION('ref_axis',(1.,0.,0.));
#14888=DIRECTION('center_axis',(0.,0.,1.));
#14889=DIRECTION('ref_axis',(0.,1.,0.));
#14890=DIRECTION('center_axis',(1.,0.,0.));
#14891=DIRECTION('ref_axis',(0.,0.,1.));
#14892=DIRECTION('center_axis',(-0.816496580927726,-0.408248290463863,0.408248290463862));
#14893=DIRECTION('ref_axis',(-0.577350269189626,0.577350269189626,-0.577350269189626));
#14894=DIRECTION('center_axis',(-1.,1.73472347597681E-15,0.));
#14895=DIRECTION('ref_axis',(0.,0.,-1.));
#14896=DIRECTION('center_axis',(0.,1.,0.));
#14897=DIRECTION('ref_axis',(-1.,0.,0.));
#14898=DIRECTION('center_axis',(0.,0.,-1.));
#14899=DIRECTION('ref_axis',(0.,1.,0.));
#14900=DIRECTION('center_axis',(0.,-1.,0.));
#14901=DIRECTION('ref_axis',(-0.707106781186547,0.,-0.707106781186548));
#14902=DIRECTION('',(0.,1.,0.));
#14903=DIRECTION('',(0.,-1.,0.));
#14904=DIRECTION('center_axis',(0.,0.,1.));
#14905=DIRECTION('ref_axis',(-0.707106781186548,0.707106781186548,0.));
#14906=DIRECTION('',(0.,0.,-1.));
#14907=DIRECTION('',(0.,0.,1.));
#14908=DIRECTION('center_axis',(-0.408248290463864,-0.408248290463863,-0.816496580927726));
#14909=DIRECTION('ref_axis',(0.577350269189625,0.577350269189625,-0.577350269189627));
#14910=DIRECTION('center_axis',(0.,0.,-1.));
#14911=DIRECTION('ref_axis',(1.,0.,0.));
#14912=DIRECTION('center_axis',(0.,1.,0.));
#14913=DIRECTION('ref_axis',(0.,0.,-1.));
#14914=DIRECTION('center_axis',(1.,0.,0.));
#14915=DIRECTION('ref_axis',(0.,1.,0.));
#14916=DIRECTION('center_axis',(0.,1.,0.));
#14917=DIRECTION('ref_axis',(0.707106781186548,0.,-0.707106781186547));
#14918=DIRECTION('',(0.,-1.,0.));
#14919=DIRECTION('',(0.,1.,0.));
#14920=DIRECTION('center_axis',(-1.,0.,0.));
#14921=DIRECTION('ref_axis',(0.,0.707106781186548,-0.707106781186547));
#14922=DIRECTION('',(1.,0.,0.));
#14923=DIRECTION('',(-1.,0.,0.));
#14924=DIRECTION('center_axis',(0.,0.,1.));
#14925=DIRECTION('ref_axis',(0.707106781186548,0.707106781186548,0.));
#14926=DIRECTION('',(0.,0.,-1.));
#14927=DIRECTION('',(0.,0.,1.));
#14928=DIRECTION('center_axis',(-1.,0.,0.));
#14929=DIRECTION('ref_axis',(0.,0.707106781186548,0.707106781186548));
#14930=DIRECTION('',(1.,0.,0.));
#14931=DIRECTION('',(-1.,0.,0.));
#14932=DIRECTION('center_axis',(0.,1.,0.));
#14933=DIRECTION('ref_axis',(0.707106781186548,0.,0.707106781186548));
#14934=DIRECTION('',(0.,-1.,0.));
#14935=DIRECTION('',(0.,1.,0.));
#14936=DIRECTION('center_axis',(0.,0.,1.));
#14937=DIRECTION('ref_axis',(0.707106781186548,-0.707106781186548,0.));
#14938=DIRECTION('',(0.,0.,-1.));
#14939=DIRECTION('',(0.,0.,1.));
#14940=DIRECTION('center_axis',(0.,-1.,0.));
#14941=DIRECTION('ref_axis',(-0.707106781186548,0.,0.707106781186548));
#14942=DIRECTION('',(0.,1.,0.));
#14943=DIRECTION('',(0.,-1.,0.));
#14944=DIRECTION('center_axis',(0.,0.,1.));
#14945=DIRECTION('ref_axis',(-0.707106781186548,-0.707106781186548,0.));
#14946=DIRECTION('',(0.,0.,-1.));
#14947=DIRECTION('',(0.,0.,1.));
#14948=DIRECTION('center_axis',(1.,0.,0.));
#14949=DIRECTION('ref_axis',(0.,-0.707106781186548,0.707106781186548));
#14950=DIRECTION('',(-1.,0.,0.));
#14951=DIRECTION('',(1.,0.,0.));
#14952=DIRECTION('center_axis',(0.,-1.,0.));
#14953=DIRECTION('ref_axis',(1.,0.,0.));
#14954=DIRECTION('center_axis',(0.,0.,1.));
#14955=DIRECTION('ref_axis',(1.,0.,0.));
#14956=DIRECTION('center_axis',(-1.,0.,0.));
#14957=DIRECTION('ref_axis',(0.,-1.,0.));
#14958=DIRECTION('center_axis',(0.,1.,0.));
#14959=DIRECTION('ref_axis',(-1.,0.,0.));
#14960=DIRECTION('center_axis',(1.,0.,0.));
#14961=DIRECTION('ref_axis',(0.,1.,0.));
#14962=DIRECTION('center_axis',(0.,0.,1.));
#14963=DIRECTION('ref_axis',(1.,0.,0.));
#14964=DIRECTION('center_axis',(1.,0.,0.));
#14965=DIRECTION('ref_axis',(0.,1.,0.));
#14966=DIRECTION('',(0.,-1.,0.));
#14967=DIRECTION('',(0.,0.,1.));
#14968=DIRECTION('',(0.,1.,0.));
#14969=DIRECTION('',(0.,0.,1.));
#14970=DIRECTION('center_axis',(0.,-1.,0.));
#14971=DIRECTION('ref_axis',(1.,0.,0.));
#14972=DIRECTION('',(1.,0.,0.));
#14973=DIRECTION('',(1.,0.,0.));
#14974=DIRECTION('',(0.,0.,1.));
#14975=DIRECTION('center_axis',(-1.,0.,0.));
#14976=DIRECTION('ref_axis',(0.,-1.,0.));
#14977=DIRECTION('',(0.,-1.,0.));
#14978=DIRECTION('',(0.,-1.,0.));
#14979=DIRECTION('',(0.,0.,1.));
#14980=DIRECTION('center_axis',(0.,1.,0.));
#14981=DIRECTION('ref_axis',(-1.,0.,0.));
#14982=DIRECTION('',(-1.,0.,0.));
#14983=DIRECTION('',(-1.,0.,0.));
#14984=DIRECTION('center_axis',(0.,0.,1.));
#14985=DIRECTION('ref_axis',(1.,0.,0.));
#14986=DIRECTION('center_axis',(0.,0.,1.));
#14987=DIRECTION('ref_axis',(1.,0.,0.));
#14988=DIRECTION('',(0.,0.,1.));
#14989=DIRECTION('',(1.,0.,0.));
#14990=DIRECTION('axis',(0.,0.,1.));
#14991=DIRECTION('refdir',(1.,0.,0.));
#14992=DIRECTION('axis',(0.,0.,1.));
#14993=DIRECTION('refdir',(1.,0.,0.));
#14994=DIRECTION('axis',(0.,0.,1.));
#14995=DIRECTION('refdir',(1.,0.,0.));
#14996=DIRECTION('center_axis',(-6.93889390390722E-15,-2.66880534765663E-15,
1.));
#14997=DIRECTION('ref_axis',(-1.,0.,-6.93889390390722E-15));
#14998=DIRECTION('',(0.,1.,2.66880534765663E-15));
#14999=DIRECTION('',(1.,0.,6.93889390390722E-15));
#15000=DIRECTION('',(0.,1.,2.66880534765663E-15));
#15001=DIRECTION('',(1.,0.,6.93889390390722E-15));
#15002=DIRECTION('center_axis',(0.,-1.,0.));
#15003=DIRECTION('ref_axis',(0.,0.,-1.));
#15004=DIRECTION('',(-7.58941520739841E-15,0.,1.));
#15005=DIRECTION('',(-7.58941520739841E-15,0.,1.));
#15006=DIRECTION('',(1.,0.,6.93889390390722E-15));
#15007=DIRECTION('center_axis',(4.90653893338678E-15,-0.707106781186549,
-0.707106781186546));
#15008=DIRECTION('ref_axis',(0.,0.707106781186546,-0.707106781186549));
#15009=DIRECTION('',(-3.06658683336685E-15,-0.707106781186546,0.707106781186549));
#15010=DIRECTION('',(-3.06658683336685E-15,-0.707106781186546,0.707106781186549));
#15011=DIRECTION('',(1.,0.,6.93889390390722E-15));
#15012=DIRECTION('center_axis',(6.93889390390722E-15,0.,-1.));
#15013=DIRECTION('ref_axis',(1.,0.,6.93889390390722E-15));
#15014=DIRECTION('',(0.,-1.,0.));
#15015=DIRECTION('',(0.,-1.,0.));
#15016=DIRECTION('',(1.,0.,6.93889390390722E-15));
#15017=DIRECTION('center_axis',(0.,1.,0.));
#15018=DIRECTION('ref_axis',(0.,0.,1.));
#15019=DIRECTION('',(0.,0.,-1.));
#15020=DIRECTION('',(0.,0.,-1.));
#15021=DIRECTION('',(1.,0.,6.93889390390722E-15));
#15022=DIRECTION('center_axis',(1.,0.,6.93889390390722E-15));
#15023=DIRECTION('ref_axis',(-6.93889390390722E-15,0.,1.));
#15024=DIRECTION('center_axis',(-1.,0.,-6.93889390390722E-15));
#15025=DIRECTION('ref_axis',(-6.93889390390722E-15,0.,1.));
#15026=DIRECTION('center_axis',(-1.,0.,-6.93889390390722E-15));
#15027=DIRECTION('ref_axis',(-6.93889390390722E-15,0.,1.));
#15028=DIRECTION('',(1.,0.,6.93889390390722E-15));
#15029=DIRECTION('center_axis',(6.93889390390722E-15,0.,-1.));
#15030=DIRECTION('ref_axis',(1.,0.,6.93889390390722E-15));
#15031=DIRECTION('',(0.,-1.,0.));
#15032=DIRECTION('',(0.,-1.,0.));
#15033=DIRECTION('',(1.,0.,6.93889390390722E-15));
#15034=DIRECTION('center_axis',(1.,0.,6.93889390390722E-15));
#15035=DIRECTION('ref_axis',(-6.93889390390722E-15,0.,1.));
#15036=DIRECTION('center_axis',(-1.,0.,-6.93889390390722E-15));
#15037=DIRECTION('ref_axis',(-6.93889390390722E-15,0.,1.));
#15038=DIRECTION('center_axis',(-1.,0.,-6.93889390390722E-15));
#15039=DIRECTION('ref_axis',(-6.93889390390722E-15,0.,1.));
#15040=DIRECTION('',(1.,0.,6.93889390390722E-15));
#15041=DIRECTION('center_axis',(1.,0.,6.93889390390722E-15));
#15042=DIRECTION('ref_axis',(-6.93889390390722E-15,0.,1.));
#15043=DIRECTION('center_axis',(1.,0.,6.93889390390722E-15));
#15044=DIRECTION('ref_axis',(6.93889390390722E-15,0.,-1.));
#15045=DIRECTION('center_axis',(1.,0.,6.93889390390722E-15));
#15046=DIRECTION('ref_axis',(6.93889390390722E-15,0.,-1.));
#15047=DIRECTION('',(1.,0.,6.93889390390722E-15));
#15048=DIRECTION('center_axis',(6.93889390390722E-15,0.,-1.));
#15049=DIRECTION('ref_axis',(1.,0.,6.93889390390722E-15));
#15050=DIRECTION('',(0.,-1.,0.));
#15051=DIRECTION('',(0.,-1.,0.));
#15052=DIRECTION('',(1.,0.,6.93889390390722E-15));
#15053=DIRECTION('center_axis',(1.,0.,6.93889390390722E-15));
#15054=DIRECTION('ref_axis',(-6.93889390390722E-15,0.,1.));
#15055=DIRECTION('center_axis',(1.,0.,6.93889390390722E-15));
#15056=DIRECTION('ref_axis',(-6.93889390390722E-15,0.,1.));
#15057=DIRECTION('center_axis',(1.,0.,6.93889390390722E-15));
#15058=DIRECTION('ref_axis',(-6.93889390390722E-15,0.,1.));
#15059=DIRECTION('',(1.,0.,6.93889390390722E-15));
#15060=DIRECTION('center_axis',(1.,0.,6.93889390390722E-15));
#15061=DIRECTION('ref_axis',(-6.93889390390722E-15,0.,1.));
#15062=DIRECTION('center_axis',(-1.,0.,-6.93889390390722E-15));
#15063=DIRECTION('ref_axis',(6.93889390390722E-15,0.,-1.));
#15064=DIRECTION('center_axis',(-1.,0.,-6.93889390390722E-15));
#15065=DIRECTION('ref_axis',(6.93889390390722E-15,0.,-1.));
#15066=DIRECTION('',(1.,0.,6.93889390390722E-15));
#15067=DIRECTION('center_axis',(6.93889390390722E-15,0.,-1.));
#15068=DIRECTION('ref_axis',(1.,0.,6.93889390390722E-15));
#15069=DIRECTION('',(0.,-1.,0.));
#15070=DIRECTION('',(0.,-1.,0.));
#15071=DIRECTION('',(1.,0.,6.93889390390722E-15));
#15072=DIRECTION('center_axis',(1.,0.,6.93889390390722E-15));
#15073=DIRECTION('ref_axis',(-6.93889390390722E-15,0.,1.));
#15074=DIRECTION('center_axis',(-1.,0.,-6.93889390390722E-15));
#15075=DIRECTION('ref_axis',(6.93889390390722E-15,0.,-1.));
#15076=DIRECTION('center_axis',(-1.,0.,-6.93889390390722E-15));
#15077=DIRECTION('ref_axis',(6.93889390390722E-15,0.,-1.));
#15078=DIRECTION('',(1.,0.,6.93889390390722E-15));
#15079=DIRECTION('center_axis',(0.,-1.,0.));
#15080=DIRECTION('ref_axis',(0.,0.,-1.));
#15081=DIRECTION('',(0.,0.,1.));
#15082=DIRECTION('',(0.,0.,1.));
#15083=DIRECTION('',(1.,0.,6.93889390390722E-15));
#15084=DIRECTION('center_axis',(6.93889390390722E-15,0.,-1.));
#15085=DIRECTION('ref_axis',(1.,0.,6.93889390390722E-15));
#15086=DIRECTION('',(0.,-1.,0.));
#15087=DIRECTION('',(0.,-1.,0.));
#15088=DIRECTION('',(1.,0.,6.93889390390722E-15));
#15089=DIRECTION('center_axis',(4.9065389333868E-15,0.707106781186546,-0.707106781186549));
#15090=DIRECTION('ref_axis',(0.,0.707106781186549,0.707106781186546));
#15091=DIRECTION('',(4.51930072987387E-15,-0.707106781186549,-0.707106781186546));
#15092=DIRECTION('',(4.51930072987387E-15,-0.707106781186549,-0.707106781186546));
#15093=DIRECTION('',(1.,0.,6.93889390390722E-15));
#15094=DIRECTION('center_axis',(1.,0.,6.93889390390722E-15));
#15095=DIRECTION('ref_axis',(-6.93889390390722E-15,0.,1.));
#15096=DIRECTION('center_axis',(1.,0.,6.93889390390722E-15));
#15097=DIRECTION('ref_axis',(6.93889390390722E-15,0.,-1.));
#15098=DIRECTION('center_axis',(1.,0.,6.93889390390722E-15));
#15099=DIRECTION('ref_axis',(6.93889390390722E-15,0.,-1.));
#15100=DIRECTION('',(1.,0.,6.93889390390722E-15));
#15101=DIRECTION('center_axis',(3.46001628816155E-31,1.,-4.98640898113927E-17));
#15102=DIRECTION('ref_axis',(0.,4.98640898113927E-17,1.));
#15103=DIRECTION('',(6.7815162143494E-15,-4.98640898113927E-17,-1.));
#15104=DIRECTION('',(6.7815162143494E-15,-4.98640898113927E-17,-1.));
#15105=DIRECTION('',(1.,0.,6.93889390390722E-15));
#15106=DIRECTION('center_axis',(1.,0.,6.93889390390722E-15));
#15107=DIRECTION('ref_axis',(-6.93889390390722E-15,0.,1.));
#15108=DIRECTION('center_axis',(1.,0.,6.93889390390722E-15));
#15109=DIRECTION('ref_axis',(6.93889390390722E-15,0.,-1.));
#15110=DIRECTION('center_axis',(1.,0.,6.93889390390722E-15));
#15111=DIRECTION('ref_axis',(6.93889390390722E-15,0.,-1.));
#15112=DIRECTION('',(1.,0.,6.93889390390722E-15));
#15113=DIRECTION('center_axis',(-4.90653893338679E-15,0.707106781186548,
0.707106781186547));
#15114=DIRECTION('ref_axis',(0.,-0.707106781186547,0.707106781186548));
#15115=DIRECTION('',(4.51930072987388E-15,0.707106781186547,-0.707106781186548));
#15116=DIRECTION('',(4.51930072987388E-15,0.707106781186547,-0.707106781186548));
#15117=DIRECTION('',(1.,0.,6.93889390390722E-15));
#15118=DIRECTION('center_axis',(-6.93889390390722E-15,-1.99393502985841E-15,
1.));
#15119=DIRECTION('ref_axis',(-1.,0.,-6.93889390390722E-15));
#15120=DIRECTION('',(0.,1.,1.99393502985841E-15));
#15121=DIRECTION('',(0.,1.,1.99393502985841E-15));
#15122=DIRECTION('',(1.,0.,6.93889390390722E-15));
#15123=DIRECTION('center_axis',(1.88079096131566E-29,-1.,-2.71050543121376E-15));
#15124=DIRECTION('ref_axis',(0.,2.71050543121376E-15,-1.));
#15125=DIRECTION('',(-6.93889390390722E-15,-2.71050543121376E-15,1.));
#15126=DIRECTION('',(-6.93889390390722E-15,-2.71050543121376E-15,1.));
#15127=DIRECTION('center_axis',(1.,0.,6.93889390390722E-15));
#15128=DIRECTION('ref_axis',(-6.93889390390722E-15,0.,1.));
#15129=DIRECTION('center_axis',(1.,0.,6.93889390390722E-15));
#15130=DIRECTION('ref_axis',(-6.93889390390722E-15,0.,1.));
#15131=DIRECTION('center_axis',(-2.07660279514246E-29,-1.,-2.9738116731031E-15));
#15132=DIRECTION('ref_axis',(0.,2.9738116731031E-15,-1.));
#15133=DIRECTION('',(7.18671154333249E-15,-2.9738116731031E-15,1.));
#15134=DIRECTION('',(-1.,-5.60519385729927E-45,6.98296672221876E-15));
#15135=DIRECTION('',(6.81498508419459E-15,0.,1.));
#15136=DIRECTION('',(-1.,-5.60519385729927E-45,6.98296672221876E-15));
#15137=DIRECTION('center_axis',(-6.98296672221877E-15,1.23908819712629E-15,
-1.));
#15138=DIRECTION('ref_axis',(-1.,0.,6.98296672221877E-15));
#15139=DIRECTION('',(0.,-1.,-1.23908819712629E-15));
#15140=DIRECTION('',(-1.,-5.60519385729927E-45,6.98296672221876E-15));
#15141=DIRECTION('',(0.,-1.,-1.23908819712629E-15));
#15142=DIRECTION('center_axis',(-5.17309283212626E-16,0.99725218370585,
-0.0740815907895744));
#15143=DIRECTION('ref_axis',(-6.16297582203915E-33,0.0740815907895744,0.99725218370585));
#15144=DIRECTION('',(-7.16696378025236E-15,-0.0740815907895744,-0.99725218370585));
#15145=DIRECTION('',(-1.,-5.60519385729927E-45,6.98296672221876E-15));
#15146=DIRECTION('',(-7.16696378025236E-15,-0.0740815907895744,-0.99725218370585));
#15147=DIRECTION('center_axis',(-5.60519385729927E-45,1.,3.81993125315138E-59));
#15148=DIRECTION('ref_axis',(-1.,-5.60519385729927E-45,0.));
#15149=DIRECTION('',(-6.81498508419461E-15,0.,-1.));
#15150=DIRECTION('',(-1.,-5.60519385729927E-45,6.98296672221876E-15));
#15151=DIRECTION('',(-6.81498508419461E-15,0.,-1.));
#15152=DIRECTION('center_axis',(-6.98296672221876E-15,-2.49073472057484E-15,
-1.));
#15153=DIRECTION('ref_axis',(-1.,0.,6.98296672221877E-15));
#15154=DIRECTION('',(0.,-1.,2.49073472057484E-15));
#15155=DIRECTION('',(-1.,-5.60519385729927E-45,6.98296672221876E-15));
#15156=DIRECTION('',(0.,-1.,2.49073472057484E-15));
#15157=DIRECTION('center_axis',(-1.,-5.60519385729927E-45,6.98296672221876E-15));
#15158=DIRECTION('ref_axis',(6.98296672221877E-15,2.67790203338821E-60,
1.));
#15159=DIRECTION('center_axis',(1.,5.60519385729927E-45,-6.98296672221876E-15));
#15160=DIRECTION('ref_axis',(6.98296672221877E-15,2.67790203338822E-60,
1.));
#15161=DIRECTION('',(-1.,-5.60519385729927E-45,6.98296672221876E-15));
#15162=DIRECTION('center_axis',(1.,5.60519385729927E-45,-6.98296672221876E-15));
#15163=DIRECTION('ref_axis',(6.98296672221877E-15,2.67790203338821E-60,
1.));
#15164=DIRECTION('center_axis',(-4.9377031220809E-15,0.707106781186546,
-0.707106781186549));
#15165=DIRECTION('ref_axis',(0.,0.707106781186549,0.707106781186546));
#15166=DIRECTION('',(-5.45170992598525E-15,-0.707106781186549,-0.707106781186546));
#15167=DIRECTION('',(-1.,-5.60519385729927E-45,6.98296672221876E-15));
#15168=DIRECTION('',(-5.45170992598525E-15,-0.707106781186549,-0.707106781186546));
#15169=DIRECTION('center_axis',(-1.,-5.60519385729927E-45,6.98296672221876E-15));
#15170=DIRECTION('ref_axis',(6.98296672221876E-15,2.67790203338818E-60,
1.));
#15171=DIRECTION('center_axis',(1.,5.60519385729927E-45,-6.98296672221876E-15));
#15172=DIRECTION('ref_axis',(6.98296672221876E-15,2.67790203338818E-60,
1.));
#15173=DIRECTION('',(-1.,-5.60519385729927E-45,6.98296672221876E-15));
#15174=DIRECTION('center_axis',(1.,5.60519385729927E-45,-6.98296672221876E-15));
#15175=DIRECTION('ref_axis',(6.98296672221876E-15,2.67790203338818E-60,
1.));
#15176=DIRECTION('center_axis',(6.30912307551955E-31,1.,9.03501810404582E-17));
#15177=DIRECTION('ref_axis',(0.,-9.03501810404582E-17,1.));
#15178=DIRECTION('',(-6.50521303491299E-15,9.03501810404582E-17,-1.));
#15179=DIRECTION('',(-1.,-5.60519385729927E-45,6.98296672221876E-15));
#15180=DIRECTION('',(-6.50521303491299E-15,9.03501810404582E-17,-1.));
#15181=DIRECTION('center_axis',(-1.,-5.60519385729927E-45,6.98296672221876E-15));
#15182=DIRECTION('ref_axis',(-6.98296672221876E-15,1.22464679914735E-16,
-1.));
#15183=DIRECTION('center_axis',(1.,5.60519385729927E-45,-6.98296672221876E-15));
#15184=DIRECTION('ref_axis',(-6.98296672221876E-15,-2.67790203338853E-60,
-1.));
#15185=DIRECTION('',(-1.,-5.60519385729927E-45,6.98296672221876E-15));
#15186=DIRECTION('center_axis',(1.,5.60519385729927E-45,-6.98296672221876E-15));
#15187=DIRECTION('ref_axis',(-6.98296672221877E-15,-2.6779020333885E-60,
-1.));
#15188=DIRECTION('center_axis',(5.60519385729927E-45,-1.,-3.84784881813065E-59));
#15189=DIRECTION('ref_axis',(1.,5.60519385729927E-45,0.));
#15190=DIRECTION('',(6.8647916844479E-15,0.,1.));
#15191=DIRECTION('',(-1.,-5.60519385729927E-45,6.98296672221876E-15));
#15192=DIRECTION('',(6.8647916844479E-15,0.,1.));
#15193=DIRECTION('center_axis',(4.93770312208089E-15,-0.707106781186548,
0.707106781186548));
#15194=DIRECTION('ref_axis',(0.,-0.707106781186548,-0.707106781186548));
#15195=DIRECTION('',(4.69779728093039E-15,0.707106781186548,0.707106781186548));
#15196=DIRECTION('',(-1.,-5.60519385729927E-45,6.98296672221876E-15));
#15197=DIRECTION('',(4.69779728093039E-15,0.707106781186548,0.707106781186548));
#15198=DIRECTION('center_axis',(-1.,-5.60519385729927E-45,6.98296672221876E-15));
#15199=DIRECTION('ref_axis',(6.98296672221877E-15,2.67790203338822E-60,
1.));
#15200=DIRECTION('center_axis',(-1.,-5.60519385729927E-45,6.98296672221876E-15));
#15201=DIRECTION('ref_axis',(6.98296672221877E-15,2.67790203338822E-60,
1.));
#15202=DIRECTION('',(-1.,-5.60519385729927E-45,6.98296672221876E-15));
#15203=DIRECTION('center_axis',(-1.,-5.60519385729927E-45,6.98296672221876E-15));
#15204=DIRECTION('ref_axis',(6.98296672221877E-15,2.67790203338822E-60,
1.));
#15205=DIRECTION('center_axis',(6.98296672221876E-15,-1.59664406852017E-17,
1.));
#15206=DIRECTION('ref_axis',(1.,0.,-6.98296672221877E-15));
#15207=DIRECTION('',(0.,1.,1.59664406852017E-17));
#15208=DIRECTION('',(-1.,-5.60519385729927E-45,6.98296672221876E-15));
#15209=DIRECTION('',(0.,1.,1.59664406852017E-17));
#15210=DIRECTION('center_axis',(-1.,-5.60519385729927E-45,6.98296672221876E-15));
#15211=DIRECTION('ref_axis',(6.98296672221876E-15,2.67790203338817E-60,
1.));
#15212=DIRECTION('center_axis',(1.,5.60519385729927E-45,-6.98296672221876E-15));
#15213=DIRECTION('ref_axis',(-6.98296672221876E-15,-2.67790203338816E-60,
-1.));
#15214=DIRECTION('',(-1.,-5.60519385729927E-45,6.98296672221876E-15));
#15215=DIRECTION('center_axis',(1.,5.60519385729927E-45,-6.98296672221876E-15));
#15216=DIRECTION('ref_axis',(-6.98296672221876E-15,-2.67790203338817E-60,
-1.));
#15217=DIRECTION('center_axis',(5.60519385729927E-45,-1.,-4.86173068582895E-59));
#15218=DIRECTION('ref_axis',(1.,5.60519385729927E-45,0.));
#15219=DIRECTION('',(8.67361737988391E-15,0.,1.));
#15220=DIRECTION('',(-1.,-5.60519385729927E-45,6.98296672221876E-15));
#15221=DIRECTION('',(8.67361737988391E-15,0.,1.));
#15222=DIRECTION('center_axis',(-1.,-5.60519385729927E-45,6.98296672221876E-15));
#15223=DIRECTION('ref_axis',(6.98296672221877E-15,2.67790203338816E-60,
1.));
#15224=DIRECTION('center_axis',(1.,5.60519385729927E-45,-6.98296672221876E-15));
#15225=DIRECTION('ref_axis',(-6.98296672221876E-15,-2.67790203338816E-60,
-1.));
#15226=DIRECTION('',(-1.,-5.60519385729927E-45,6.98296672221876E-15));
#15227=DIRECTION('center_axis',(1.,5.60519385729927E-45,-6.98296672221876E-15));
#15228=DIRECTION('ref_axis',(-6.98296672221876E-15,-2.67790203338816E-60,
-1.));
#15229=DIRECTION('center_axis',(-6.98296672221876E-15,4.4353725238043E-15,
-1.));
#15230=DIRECTION('ref_axis',(-1.,0.,6.98296672221877E-15));
#15231=DIRECTION('',(0.,-1.,-4.4353725238043E-15));
#15232=DIRECTION('',(0.,-1.,-4.4353725238043E-15));
#15233=DIRECTION('center_axis',(-1.,-5.60519385729927E-45,6.98296672221876E-15));
#15234=DIRECTION('ref_axis',(6.98296672221877E-15,0.,1.));
#15235=DIRECTION('center_axis',(-1.,-5.60519385729927E-45,6.98296672221876E-15));
#15236=DIRECTION('ref_axis',(6.98296672221877E-15,0.,1.));
#15237=DIRECTION('center_axis',(-2.07660279514246E-29,-1.,-2.9738116731031E-15));
#15238=DIRECTION('ref_axis',(0.,2.9738116731031E-15,-1.));
#15239=DIRECTION('',(7.18671154333249E-15,-2.9738116731031E-15,1.));
#15240=DIRECTION('',(-1.,-5.60519385729927E-45,6.98296672221876E-15));
#15241=DIRECTION('',(6.81498508419459E-15,0.,1.));
#15242=DIRECTION('',(-1.,-5.60519385729927E-45,6.98296672221876E-15));
#15243=DIRECTION('center_axis',(-6.98296672221877E-15,1.23908819712629E-15,
-1.));
#15244=DIRECTION('ref_axis',(-1.,0.,6.98296672221877E-15));
#15245=DIRECTION('',(0.,-1.,-1.23908819712629E-15));
#15246=DIRECTION('',(-1.,-5.60519385729927E-45,6.98296672221876E-15));
#15247=DIRECTION('',(0.,-1.,-1.23908819712629E-15));
#15248=DIRECTION('center_axis',(-5.17309283212626E-16,0.99725218370585,
-0.0740815907895744));
#15249=DIRECTION('ref_axis',(-6.16297582203915E-33,0.0740815907895744,0.99725218370585));
#15250=DIRECTION('',(-7.16696378025236E-15,-0.0740815907895744,-0.99725218370585));
#15251=DIRECTION('',(-1.,-5.60519385729927E-45,6.98296672221876E-15));
#15252=DIRECTION('',(-7.16696378025236E-15,-0.0740815907895744,-0.99725218370585));
#15253=DIRECTION('center_axis',(-5.60519385729927E-45,1.,3.81993125315138E-59));
#15254=DIRECTION('ref_axis',(-1.,-5.60519385729927E-45,0.));
#15255=DIRECTION('',(-6.81498508419461E-15,0.,-1.));
#15256=DIRECTION('',(-1.,-5.60519385729927E-45,6.98296672221876E-15));
#15257=DIRECTION('',(-6.81498508419461E-15,0.,-1.));
#15258=DIRECTION('center_axis',(-6.98296672221876E-15,-2.49073472057484E-15,
-1.));
#15259=DIRECTION('ref_axis',(-1.,0.,6.98296672221877E-15));
#15260=DIRECTION('',(0.,-1.,2.49073472057484E-15));
#15261=DIRECTION('',(-1.,-5.60519385729927E-45,6.98296672221876E-15));
#15262=DIRECTION('',(0.,-1.,2.49073472057484E-15));
#15263=DIRECTION('center_axis',(-1.,-5.60519385729927E-45,6.98296672221876E-15));
#15264=DIRECTION('ref_axis',(6.98296672221877E-15,-3.60679645254923E-61,
1.));
#15265=DIRECTION('center_axis',(1.,5.60519385729927E-45,-6.98296672221876E-15));
#15266=DIRECTION('ref_axis',(6.98296672221877E-15,2.67790203338822E-60,
1.));
#15267=DIRECTION('',(-1.,-5.60519385729927E-45,6.98296672221876E-15));
#15268=DIRECTION('center_axis',(1.,5.60519385729927E-45,-6.98296672221876E-15));
#15269=DIRECTION('ref_axis',(6.98296672221877E-15,-3.60679645254923E-61,
1.));
#15270=DIRECTION('center_axis',(-4.9377031220809E-15,0.707106781186546,
-0.707106781186549));
#15271=DIRECTION('ref_axis',(0.,0.707106781186549,0.707106781186546));
#15272=DIRECTION('',(-5.45170992598525E-15,-0.707106781186549,-0.707106781186546));
#15273=DIRECTION('',(-1.,-5.60519385729927E-45,6.98296672221876E-15));
#15274=DIRECTION('',(-5.45170992598525E-15,-0.707106781186549,-0.707106781186546));
#15275=DIRECTION('center_axis',(-1.,-5.60519385729927E-45,6.98296672221876E-15));
#15276=DIRECTION('ref_axis',(6.98296672221876E-15,-3.60679645254962E-61,
1.));
#15277=DIRECTION('center_axis',(1.,5.60519385729927E-45,-6.98296672221876E-15));
#15278=DIRECTION('ref_axis',(6.98296672221876E-15,2.67790203338818E-60,
1.));
#15279=DIRECTION('',(-1.,-5.60519385729927E-45,6.98296672221876E-15));
#15280=DIRECTION('center_axis',(1.,5.60519385729927E-45,-6.98296672221876E-15));
#15281=DIRECTION('ref_axis',(6.98296672221876E-15,-3.60679645254962E-61,
1.));
#15282=DIRECTION('center_axis',(6.30912307551955E-31,1.,9.03501810404582E-17));
#15283=DIRECTION('ref_axis',(0.,-9.03501810404582E-17,1.));
#15284=DIRECTION('',(-6.50521303491299E-15,9.03501810404582E-17,-1.));
#15285=DIRECTION('',(-1.,-5.60519385729927E-45,6.98296672221876E-15));
#15286=DIRECTION('',(-6.50521303491299E-15,9.03501810404582E-17,-1.));
#15287=DIRECTION('center_axis',(-1.,-5.60519385729927E-45,6.98296672221876E-15));
#15288=DIRECTION('ref_axis',(-6.98296672221876E-15,1.22464679914735E-16,
-1.));
#15289=DIRECTION('center_axis',(1.,5.60519385729927E-45,-6.98296672221876E-15));
#15290=DIRECTION('ref_axis',(-6.98296672221876E-15,-2.67790203338853E-60,
-1.));
#15291=DIRECTION('',(-1.,-5.60519385729927E-45,6.98296672221876E-15));
#15292=DIRECTION('center_axis',(1.,5.60519385729927E-45,-6.98296672221876E-15));
#15293=DIRECTION('ref_axis',(-6.98296672221877E-15,3.60679645254617E-61,
-1.));
#15294=DIRECTION('center_axis',(5.60519385729927E-45,-1.,-3.84784881813065E-59));
#15295=DIRECTION('ref_axis',(1.,5.60519385729927E-45,0.));
#15296=DIRECTION('',(6.8647916844479E-15,0.,1.));
#15297=DIRECTION('',(-1.,-5.60519385729927E-45,6.98296672221876E-15));
#15298=DIRECTION('',(6.8647916844479E-15,0.,1.));
#15299=DIRECTION('center_axis',(4.93770312208089E-15,-0.707106781186548,
0.707106781186548));
#15300=DIRECTION('ref_axis',(0.,-0.707106781186548,-0.707106781186548));
#15301=DIRECTION('',(4.69779728093039E-15,0.707106781186548,0.707106781186548));
#15302=DIRECTION('',(-1.,-5.60519385729927E-45,6.98296672221876E-15));
#15303=DIRECTION('',(4.69779728093039E-15,0.707106781186548,0.707106781186548));
#15304=DIRECTION('center_axis',(-1.,-5.60519385729927E-45,6.98296672221876E-15));
#15305=DIRECTION('ref_axis',(6.98296672221877E-15,-3.60679645254918E-61,
1.));
#15306=DIRECTION('center_axis',(-1.,-5.60519385729927E-45,6.98296672221876E-15));
#15307=DIRECTION('ref_axis',(6.98296672221877E-15,2.67790203338822E-60,
1.));
#15308=DIRECTION('',(-1.,-5.60519385729927E-45,6.98296672221876E-15));
#15309=DIRECTION('center_axis',(-1.,-5.60519385729927E-45,6.98296672221876E-15));
#15310=DIRECTION('ref_axis',(6.98296672221877E-15,-3.60679645254918E-61,
1.));
#15311=DIRECTION('center_axis',(6.98296672221876E-15,-1.59664406852017E-17,
1.));
#15312=DIRECTION('ref_axis',(1.,0.,-6.98296672221877E-15));
#15313=DIRECTION('',(0.,1.,1.59664406852017E-17));
#15314=DIRECTION('',(-1.,-5.60519385729927E-45,6.98296672221876E-15));
#15315=DIRECTION('',(0.,1.,1.59664406852017E-17));
#15316=DIRECTION('center_axis',(-1.,-5.60519385729927E-45,6.98296672221876E-15));
#15317=DIRECTION('ref_axis',(6.98296672221876E-15,-3.60679645254967E-61,
1.));
#15318=DIRECTION('center_axis',(1.,5.60519385729927E-45,-6.98296672221876E-15));
#15319=DIRECTION('ref_axis',(-6.98296672221876E-15,-2.67790203338816E-60,
-1.));
#15320=DIRECTION('',(-1.,-5.60519385729927E-45,6.98296672221876E-15));
#15321=DIRECTION('center_axis',(1.,5.60519385729927E-45,-6.98296672221876E-15));
#15322=DIRECTION('ref_axis',(-6.98296672221876E-15,3.60679645254967E-61,
-1.));
#15323=DIRECTION('center_axis',(5.60519385729927E-45,-1.,-4.86173068582895E-59));
#15324=DIRECTION('ref_axis',(1.,5.60519385729927E-45,0.));
#15325=DIRECTION('',(8.67361737988391E-15,0.,1.));
#15326=DIRECTION('',(-1.,-5.60519385729927E-45,6.98296672221876E-15));
#15327=DIRECTION('',(8.67361737988391E-15,0.,1.));
#15328=DIRECTION('center_axis',(-1.,-5.60519385729927E-45,6.98296672221876E-15));
#15329=DIRECTION('ref_axis',(6.98296672221877E-15,-3.60679645254976E-61,
1.));
#15330=DIRECTION('center_axis',(1.,5.60519385729927E-45,-6.98296672221876E-15));
#15331=DIRECTION('ref_axis',(-6.98296672221876E-15,-2.67790203338816E-60,
-1.));
#15332=DIRECTION('',(-1.,-5.60519385729927E-45,6.98296672221876E-15));
#15333=DIRECTION('center_axis',(1.,5.60519385729927E-45,-6.98296672221876E-15));
#15334=DIRECTION('ref_axis',(-6.98296672221876E-15,3.60679645254971E-61,
-1.));
#15335=DIRECTION('center_axis',(-6.98296672221876E-15,4.4353725238043E-15,
-1.));
#15336=DIRECTION('ref_axis',(-1.,0.,6.98296672221877E-15));
#15337=DIRECTION('',(0.,-1.,-4.4353725238043E-15));
#15338=DIRECTION('',(0.,-1.,-4.4353725238043E-15));
#15339=DIRECTION('center_axis',(-1.,-5.60519385729927E-45,6.98296672221876E-15));
#15340=DIRECTION('ref_axis',(6.98296672221877E-15,0.,1.));
#15341=DIRECTION('center_axis',(-1.,-5.60519385729927E-45,6.98296672221876E-15));
#15342=DIRECTION('ref_axis',(6.98296672221877E-15,0.,1.));
#15343=DIRECTION('center_axis',(-2.07660279514246E-29,-1.,-2.9738116731031E-15));
#15344=DIRECTION('ref_axis',(0.,2.9738116731031E-15,-1.));
#15345=DIRECTION('',(7.18671154333249E-15,-2.9738116731031E-15,1.));
#15346=DIRECTION('',(-1.,-5.60519385729927E-45,6.98296672221876E-15));
#15347=DIRECTION('',(6.81498508419459E-15,0.,1.));
#15348=DIRECTION('',(-1.,-5.60519385729927E-45,6.98296672221876E-15));
#15349=DIRECTION('center_axis',(-6.98296672221877E-15,1.23908819712629E-15,
-1.));
#15350=DIRECTION('ref_axis',(-1.,0.,6.98296672221877E-15));
#15351=DIRECTION('',(0.,-1.,-1.23908819712629E-15));
#15352=DIRECTION('',(-1.,-5.60519385729927E-45,6.98296672221876E-15));
#15353=DIRECTION('',(0.,-1.,-1.23908819712629E-15));
#15354=DIRECTION('center_axis',(-5.17309283212626E-16,0.99725218370585,
-0.0740815907895744));
#15355=DIRECTION('ref_axis',(-6.16297582203915E-33,0.0740815907895744,0.99725218370585));
#15356=DIRECTION('',(-7.16696378025236E-15,-0.0740815907895744,-0.99725218370585));
#15357=DIRECTION('',(-1.,-5.60519385729927E-45,6.98296672221876E-15));
#15358=DIRECTION('',(-7.16696378025236E-15,-0.0740815907895744,-0.99725218370585));
#15359=DIRECTION('center_axis',(-5.60519385729927E-45,1.,3.81993125315138E-59));
#15360=DIRECTION('ref_axis',(-1.,-5.60519385729927E-45,0.));
#15361=DIRECTION('',(-6.81498508419461E-15,0.,-1.));
#15362=DIRECTION('',(-1.,-5.60519385729927E-45,6.98296672221876E-15));
#15363=DIRECTION('',(-6.81498508419461E-15,0.,-1.));
#15364=DIRECTION('center_axis',(-6.98296672221876E-15,-2.49073472057484E-15,
-1.));
#15365=DIRECTION('ref_axis',(-1.,0.,6.98296672221877E-15));
#15366=DIRECTION('',(0.,-1.,2.49073472057484E-15));
#15367=DIRECTION('',(-1.,-5.60519385729927E-45,6.98296672221876E-15));
#15368=DIRECTION('',(0.,-1.,2.49073472057484E-15));
#15369=DIRECTION('center_axis',(-1.,-5.60519385729927E-45,6.98296672221876E-15));
#15370=DIRECTION('ref_axis',(6.98296672221877E-15,2.67790203338821E-60,
1.));
#15371=DIRECTION('center_axis',(1.,5.60519385729927E-45,-6.98296672221876E-15));
#15372=DIRECTION('ref_axis',(6.98296672221877E-15,2.67790203338822E-60,
1.));
#15373=DIRECTION('',(-1.,-5.60519385729927E-45,6.98296672221876E-15));
#15374=DIRECTION('center_axis',(1.,5.60519385729927E-45,-6.98296672221876E-15));
#15375=DIRECTION('ref_axis',(6.98296672221877E-15,2.67790203338821E-60,
1.));
#15376=DIRECTION('center_axis',(-4.9377031220809E-15,0.707106781186546,
-0.707106781186549));
#15377=DIRECTION('ref_axis',(0.,0.707106781186549,0.707106781186546));
#15378=DIRECTION('',(-5.45170992598525E-15,-0.707106781186549,-0.707106781186546));
#15379=DIRECTION('',(-1.,-5.60519385729927E-45,6.98296672221876E-15));
#15380=DIRECTION('',(-5.45170992598525E-15,-0.707106781186549,-0.707106781186546));
#15381=DIRECTION('center_axis',(-1.,-5.60519385729927E-45,6.98296672221876E-15));
#15382=DIRECTION('ref_axis',(6.98296672221876E-15,2.67790203338818E-60,
1.));
#15383=DIRECTION('center_axis',(1.,5.60519385729927E-45,-6.98296672221876E-15));
#15384=DIRECTION('ref_axis',(6.98296672221876E-15,2.67790203338818E-60,
1.));
#15385=DIRECTION('',(-1.,-5.60519385729927E-45,6.98296672221876E-15));
#15386=DIRECTION('center_axis',(1.,5.60519385729927E-45,-6.98296672221876E-15));
#15387=DIRECTION('ref_axis',(6.98296672221876E-15,2.67790203338818E-60,
1.));
#15388=DIRECTION('center_axis',(6.30912307551955E-31,1.,9.03501810404582E-17));
#15389=DIRECTION('ref_axis',(0.,-9.03501810404582E-17,1.));
#15390=DIRECTION('',(-6.50521303491299E-15,9.03501810404582E-17,-1.));
#15391=DIRECTION('',(-1.,-5.60519385729927E-45,6.98296672221876E-15));
#15392=DIRECTION('',(-6.50521303491299E-15,9.03501810404582E-17,-1.));
#15393=DIRECTION('center_axis',(-1.,-5.60519385729927E-45,6.98296672221876E-15));
#15394=DIRECTION('ref_axis',(-6.98296672221876E-15,1.22464679914735E-16,
-1.));
#15395=DIRECTION('center_axis',(1.,5.60519385729927E-45,-6.98296672221876E-15));
#15396=DIRECTION('ref_axis',(-6.98296672221876E-15,-2.67790203338853E-60,
-1.));
#15397=DIRECTION('',(-1.,-5.60519385729927E-45,6.98296672221876E-15));
#15398=DIRECTION('center_axis',(1.,5.60519385729927E-45,-6.98296672221876E-15));
#15399=DIRECTION('ref_axis',(-6.98296672221877E-15,-2.6779020333885E-60,
-1.));
#15400=DIRECTION('center_axis',(5.60519385729927E-45,-1.,-3.84784881813065E-59));
#15401=DIRECTION('ref_axis',(1.,5.60519385729927E-45,0.));
#15402=DIRECTION('',(6.8647916844479E-15,0.,1.));
#15403=DIRECTION('',(-1.,-5.60519385729927E-45,6.98296672221876E-15));
#15404=DIRECTION('',(6.8647916844479E-15,0.,1.));
#15405=DIRECTION('center_axis',(4.93770312208089E-15,-0.707106781186548,
0.707106781186548));
#15406=DIRECTION('ref_axis',(0.,-0.707106781186548,-0.707106781186548));
#15407=DIRECTION('',(4.69779728093039E-15,0.707106781186548,0.707106781186548));
#15408=DIRECTION('',(-1.,-5.60519385729927E-45,6.98296672221876E-15));
#15409=DIRECTION('',(4.69779728093039E-15,0.707106781186548,0.707106781186548));
#15410=DIRECTION('center_axis',(-1.,-5.60519385729927E-45,6.98296672221876E-15));
#15411=DIRECTION('ref_axis',(6.98296672221877E-15,2.67790203338822E-60,
1.));
#15412=DIRECTION('center_axis',(-1.,-5.60519385729927E-45,6.98296672221876E-15));
#15413=DIRECTION('ref_axis',(6.98296672221877E-15,2.67790203338822E-60,
1.));
#15414=DIRECTION('',(-1.,-5.60519385729927E-45,6.98296672221876E-15));
#15415=DIRECTION('center_axis',(-1.,-5.60519385729927E-45,6.98296672221876E-15));
#15416=DIRECTION('ref_axis',(6.98296672221877E-15,2.67790203338822E-60,
1.));
#15417=DIRECTION('center_axis',(6.98296672221876E-15,-1.59664406852017E-17,
1.));
#15418=DIRECTION('ref_axis',(1.,0.,-6.98296672221877E-15));
#15419=DIRECTION('',(0.,1.,1.59664406852017E-17));
#15420=DIRECTION('',(-1.,-5.60519385729927E-45,6.98296672221876E-15));
#15421=DIRECTION('',(0.,1.,1.59664406852017E-17));
#15422=DIRECTION('center_axis',(-1.,-5.60519385729927E-45,6.98296672221876E-15));
#15423=DIRECTION('ref_axis',(6.98296672221876E-15,2.67790203338817E-60,
1.));
#15424=DIRECTION('center_axis',(1.,5.60519385729927E-45,-6.98296672221876E-15));
#15425=DIRECTION('ref_axis',(-6.98296672221876E-15,-2.67790203338816E-60,
-1.));
#15426=DIRECTION('',(-1.,-5.60519385729927E-45,6.98296672221876E-15));
#15427=DIRECTION('center_axis',(1.,5.60519385729927E-45,-6.98296672221876E-15));
#15428=DIRECTION('ref_axis',(-6.98296672221876E-15,-2.67790203338817E-60,
-1.));
#15429=DIRECTION('center_axis',(5.60519385729927E-45,-1.,-4.86173068582895E-59));
#15430=DIRECTION('ref_axis',(1.,5.60519385729927E-45,0.));
#15431=DIRECTION('',(8.67361737988391E-15,0.,1.));
#15432=DIRECTION('',(-1.,-5.60519385729927E-45,6.98296672221876E-15));
#15433=DIRECTION('',(8.67361737988391E-15,0.,1.));
#15434=DIRECTION('center_axis',(-1.,-5.60519385729927E-45,6.98296672221876E-15));
#15435=DIRECTION('ref_axis',(6.98296672221877E-15,2.67790203338816E-60,
1.));
#15436=DIRECTION('center_axis',(1.,5.60519385729927E-45,-6.98296672221876E-15));
#15437=DIRECTION('ref_axis',(-6.98296672221876E-15,-2.67790203338816E-60,
-1.));
#15438=DIRECTION('',(-1.,-5.60519385729927E-45,6.98296672221876E-15));
#15439=DIRECTION('center_axis',(1.,5.60519385729927E-45,-6.98296672221876E-15));
#15440=DIRECTION('ref_axis',(-6.98296672221876E-15,-2.67790203338816E-60,
-1.));
#15441=DIRECTION('center_axis',(-6.98296672221876E-15,4.4353725238043E-15,
-1.));
#15442=DIRECTION('ref_axis',(-1.,0.,6.98296672221877E-15));
#15443=DIRECTION('',(0.,-1.,-4.4353725238043E-15));
#15444=DIRECTION('',(0.,-1.,-4.4353725238043E-15));
#15445=DIRECTION('center_axis',(-1.,-5.60519385729927E-45,6.98296672221876E-15));
#15446=DIRECTION('ref_axis',(6.98296672221877E-15,0.,1.));
#15447=DIRECTION('center_axis',(-1.,-5.60519385729927E-45,6.98296672221876E-15));
#15448=DIRECTION('ref_axis',(6.98296672221877E-15,0.,1.));
#15449=DIRECTION('center_axis',(6.93889390390722E-15,-2.66880534765663E-15,
1.));
#15450=DIRECTION('ref_axis',(1.,0.,-6.93889390390722E-15));
#15451=DIRECTION('',(0.,1.,2.66880534765663E-15));
#15452=DIRECTION('',(-1.,0.,6.93889390390722E-15));
#15453=DIRECTION('',(0.,1.,2.66880534765663E-15));
#15454=DIRECTION('',(-1.,0.,6.93889390390722E-15));
#15455=DIRECTION('center_axis',(0.,-1.,0.));
#15456=DIRECTION('ref_axis',(0.,0.,-1.));
#15457=DIRECTION('',(7.58941520739841E-15,0.,1.));
#15458=DIRECTION('',(-1.,0.,6.93889390390722E-15));
#15459=DIRECTION('',(7.58941520739841E-15,0.,1.));
#15460=DIRECTION('center_axis',(-4.90653893338678E-15,-0.707106781186549,
-0.707106781186546));
#15461=DIRECTION('ref_axis',(0.,0.707106781186546,-0.707106781186549));
#15462=DIRECTION('',(3.06658683336685E-15,-0.707106781186546,0.707106781186549));
#15463=DIRECTION('',(-1.,0.,6.93889390390722E-15));
#15464=DIRECTION('',(3.06658683336685E-15,-0.707106781186546,0.707106781186549));
#15465=DIRECTION('center_axis',(-6.93889390390722E-15,0.,-1.));
#15466=DIRECTION('ref_axis',(-1.,0.,6.93889390390722E-15));
#15467=DIRECTION('',(0.,-1.,0.));
#15468=DIRECTION('',(-1.,0.,6.93889390390722E-15));
#15469=DIRECTION('',(0.,-1.,0.));
#15470=DIRECTION('center_axis',(0.,1.,0.));
#15471=DIRECTION('ref_axis',(0.,0.,1.));
#15472=DIRECTION('',(0.,0.,-1.));
#15473=DIRECTION('',(-1.,0.,6.93889390390722E-15));
#15474=DIRECTION('',(0.,0.,-1.));
#15475=DIRECTION('center_axis',(-1.,0.,6.93889390390722E-15));
#15476=DIRECTION('ref_axis',(6.93889390390722E-15,0.,1.));
#15477=DIRECTION('center_axis',(-1.,0.,6.93889390390722E-15));
#15478=DIRECTION('ref_axis',(6.93889390390722E-15,0.,1.));
#15479=DIRECTION('',(-1.,0.,6.93889390390722E-15));
#15480=DIRECTION('center_axis',(-1.,0.,6.93889390390722E-15));
#15481=DIRECTION('ref_axis',(6.93889390390722E-15,0.,1.));
#15482=DIRECTION('center_axis',(-6.93889390390722E-15,0.,-1.));
#15483=DIRECTION('ref_axis',(-1.,0.,6.93889390390722E-15));
#15484=DIRECTION('',(0.,-1.,0.));
#15485=DIRECTION('',(-1.,0.,6.93889390390722E-15));
#15486=DIRECTION('',(0.,-1.,0.));
#15487=DIRECTION('center_axis',(-1.,0.,6.93889390390722E-15));
#15488=DIRECTION('ref_axis',(6.93889390390722E-15,0.,1.));
#15489=DIRECTION('center_axis',(-1.,0.,6.93889390390722E-15));
#15490=DIRECTION('ref_axis',(6.93889390390722E-15,0.,1.));
#15491=DIRECTION('',(-1.,0.,6.93889390390722E-15));
#15492=DIRECTION('center_axis',(-1.,0.,6.93889390390722E-15));
#15493=DIRECTION('ref_axis',(6.93889390390722E-15,0.,1.));
#15494=DIRECTION('center_axis',(-1.,0.,6.93889390390722E-15));
#15495=DIRECTION('ref_axis',(6.93889390390722E-15,0.,1.));
#15496=DIRECTION('center_axis',(1.,0.,-6.93889390390722E-15));
#15497=DIRECTION('ref_axis',(-6.93889390390722E-15,0.,-1.));
#15498=DIRECTION('',(-1.,0.,6.93889390390722E-15));
#15499=DIRECTION('center_axis',(1.,0.,-6.93889390390722E-15));
#15500=DIRECTION('ref_axis',(-6.93889390390722E-15,0.,-1.));
#15501=DIRECTION('center_axis',(-6.93889390390722E-15,0.,-1.));
#15502=DIRECTION('ref_axis',(-1.,0.,6.93889390390722E-15));
#15503=DIRECTION('',(0.,-1.,0.));
#15504=DIRECTION('',(-1.,0.,6.93889390390722E-15));
#15505=DIRECTION('',(0.,-1.,0.));
#15506=DIRECTION('center_axis',(-1.,0.,6.93889390390722E-15));
#15507=DIRECTION('ref_axis',(6.93889390390722E-15,0.,1.));
#15508=DIRECTION('center_axis',(1.,0.,-6.93889390390722E-15));
#15509=DIRECTION('ref_axis',(6.93889390390722E-15,0.,1.));
#15510=DIRECTION('',(-1.,0.,6.93889390390722E-15));
#15511=DIRECTION('center_axis',(1.,0.,-6.93889390390722E-15));
#15512=DIRECTION('ref_axis',(6.93889390390722E-15,0.,1.));
#15513=DIRECTION('center_axis',(-1.,0.,6.93889390390722E-15));
#15514=DIRECTION('ref_axis',(6.93889390390722E-15,0.,1.));
#15515=DIRECTION('center_axis',(-1.,0.,6.93889390390722E-15));
#15516=DIRECTION('ref_axis',(-6.93889390390722E-15,0.,-1.));
#15517=DIRECTION('',(-1.,0.,6.93889390390722E-15));
#15518=DIRECTION('center_axis',(-1.,0.,6.93889390390722E-15));
#15519=DIRECTION('ref_axis',(-6.93889390390722E-15,0.,-1.));
#15520=DIRECTION('center_axis',(-6.93889390390722E-15,0.,-1.));
#15521=DIRECTION('ref_axis',(-1.,0.,6.93889390390722E-15));
#15522=DIRECTION('',(0.,-1.,0.));
#15523=DIRECTION('',(-1.,0.,6.93889390390722E-15));
#15524=DIRECTION('',(0.,-1.,0.));
#15525=DIRECTION('center_axis',(-1.,0.,6.93889390390722E-15));
#15526=DIRECTION('ref_axis',(6.93889390390722E-15,0.,1.));
#15527=DIRECTION('center_axis',(-1.,0.,6.93889390390722E-15));
#15528=DIRECTION('ref_axis',(-6.93889390390722E-15,0.,-1.));
#15529=DIRECTION('',(-1.,0.,6.93889390390722E-15));
#15530=DIRECTION('center_axis',(-1.,0.,6.93889390390722E-15));
#15531=DIRECTION('ref_axis',(-6.93889390390722E-15,0.,-1.));
#15532=DIRECTION('center_axis',(0.,-1.,0.));
#15533=DIRECTION('ref_axis',(0.,0.,-1.));
#15534=DIRECTION('',(0.,0.,1.));
#15535=DIRECTION('',(-1.,0.,6.93889390390722E-15));
#15536=DIRECTION('',(0.,0.,1.));
#15537=DIRECTION('center_axis',(-6.93889390390722E-15,0.,-1.));
#15538=DIRECTION('ref_axis',(-1.,0.,6.93889390390722E-15));
#15539=DIRECTION('',(0.,-1.,0.));
#15540=DIRECTION('',(-1.,0.,6.93889390390722E-15));
#15541=DIRECTION('',(0.,-1.,0.));
#15542=DIRECTION('center_axis',(-4.9065389333868E-15,0.707106781186546,
-0.707106781186549));
#15543=DIRECTION('ref_axis',(0.,0.707106781186549,0.707106781186546));
#15544=DIRECTION('',(-4.51930072987387E-15,-0.707106781186549,-0.707106781186546));
#15545=DIRECTION('',(-1.,0.,6.93889390390722E-15));
#15546=DIRECTION('',(-4.51930072987387E-15,-0.707106781186549,-0.707106781186546));
#15547=DIRECTION('center_axis',(-1.,0.,6.93889390390722E-15));
#15548=DIRECTION('ref_axis',(6.93889390390722E-15,0.,1.));
#15549=DIRECTION('center_axis',(1.,0.,-6.93889390390722E-15));
#15550=DIRECTION('ref_axis',(-6.93889390390722E-15,0.,-1.));
#15551=DIRECTION('',(-1.,0.,6.93889390390722E-15));
#15552=DIRECTION('center_axis',(1.,0.,-6.93889390390722E-15));
#15553=DIRECTION('ref_axis',(-6.93889390390722E-15,0.,-1.));
#15554=DIRECTION('center_axis',(-3.46001628816155E-31,1.,-4.98640898113927E-17));
#15555=DIRECTION('ref_axis',(0.,4.98640898113927E-17,1.));
#15556=DIRECTION('',(-6.7815162143494E-15,-4.98640898113927E-17,-1.));
#15557=DIRECTION('',(-1.,0.,6.93889390390722E-15));
#15558=DIRECTION('',(-6.7815162143494E-15,-4.98640898113927E-17,-1.));
#15559=DIRECTION('center_axis',(-1.,0.,6.93889390390722E-15));
#15560=DIRECTION('ref_axis',(6.93889390390722E-15,0.,1.));
#15561=DIRECTION('center_axis',(1.,0.,-6.93889390390722E-15));
#15562=DIRECTION('ref_axis',(-6.93889390390722E-15,0.,-1.));
#15563=DIRECTION('',(-1.,0.,6.93889390390722E-15));
#15564=DIRECTION('center_axis',(1.,0.,-6.93889390390722E-15));
#15565=DIRECTION('ref_axis',(-6.93889390390722E-15,0.,-1.));
#15566=DIRECTION('center_axis',(4.90653893338679E-15,0.707106781186548,
0.707106781186547));
#15567=DIRECTION('ref_axis',(0.,-0.707106781186547,0.707106781186548));
#15568=DIRECTION('',(-4.51930072987388E-15,0.707106781186547,-0.707106781186548));
#15569=DIRECTION('',(-1.,0.,6.93889390390722E-15));
#15570=DIRECTION('',(-4.51930072987388E-15,0.707106781186547,-0.707106781186548));
#15571=DIRECTION('center_axis',(6.93889390390722E-15,-1.99393502985841E-15,
1.));
#15572=DIRECTION('ref_axis',(1.,0.,-6.93889390390722E-15));
#15573=DIRECTION('',(0.,1.,1.99393502985841E-15));
#15574=DIRECTION('',(-1.,0.,6.93889390390722E-15));
#15575=DIRECTION('',(0.,1.,1.99393502985841E-15));
#15576=DIRECTION('center_axis',(-1.88079096131566E-29,-1.,-2.71050543121376E-15));
#15577=DIRECTION('ref_axis',(0.,2.71050543121376E-15,-1.));
#15578=DIRECTION('',(6.93889390390722E-15,-2.71050543121376E-15,1.));
#15579=DIRECTION('',(6.93889390390722E-15,-2.71050543121376E-15,1.));
#15580=DIRECTION('center_axis',(-1.,0.,6.93889390390722E-15));
#15581=DIRECTION('ref_axis',(6.93889390390722E-15,0.,1.));
#15582=DIRECTION('center_axis',(-1.,0.,6.93889390390722E-15));
#15583=DIRECTION('ref_axis',(6.93889390390722E-15,0.,1.));
#15584=DIRECTION('center_axis',(-2.07660279514246E-29,-1.,-2.9738116731031E-15));
#15585=DIRECTION('ref_axis',(0.,2.9738116731031E-15,-1.));
#15586=DIRECTION('',(7.18671154333249E-15,-2.9738116731031E-15,1.));
#15587=DIRECTION('',(-1.,-5.60519385729927E-45,6.98296672221876E-15));
#15588=DIRECTION('',(6.81498508419459E-15,0.,1.));
#15589=DIRECTION('',(-1.,-5.60519385729927E-45,6.98296672221876E-15));
#15590=DIRECTION('center_axis',(-6.98296672221877E-15,1.23908819712629E-15,
-1.));
#15591=DIRECTION('ref_axis',(-1.,0.,6.98296672221877E-15));
#15592=DIRECTION('',(0.,-1.,-1.23908819712629E-15));
#15593=DIRECTION('',(-1.,-5.60519385729927E-45,6.98296672221876E-15));
#15594=DIRECTION('',(0.,-1.,-1.23908819712629E-15));
#15595=DIRECTION('center_axis',(-5.17309283212626E-16,0.99725218370585,
-0.0740815907895744));
#15596=DIRECTION('ref_axis',(-6.16297582203915E-33,0.0740815907895744,0.99725218370585));
#15597=DIRECTION('',(-7.16696378025236E-15,-0.0740815907895744,-0.99725218370585));
#15598=DIRECTION('',(-1.,-5.60519385729927E-45,6.98296672221876E-15));
#15599=DIRECTION('',(-7.16696378025236E-15,-0.0740815907895744,-0.99725218370585));
#15600=DIRECTION('center_axis',(-5.60519385729927E-45,1.,3.81993125315138E-59));
#15601=DIRECTION('ref_axis',(-1.,-5.60519385729927E-45,0.));
#15602=DIRECTION('',(-6.81498508419461E-15,0.,-1.));
#15603=DIRECTION('',(-1.,-5.60519385729927E-45,6.98296672221876E-15));
#15604=DIRECTION('',(-6.81498508419461E-15,0.,-1.));
#15605=DIRECTION('center_axis',(-6.98296672221876E-15,-2.49073472057484E-15,
-1.));
#15606=DIRECTION('ref_axis',(-1.,0.,6.98296672221877E-15));
#15607=DIRECTION('',(0.,-1.,2.49073472057484E-15));
#15608=DIRECTION('',(-1.,-5.60519385729927E-45,6.98296672221876E-15));
#15609=DIRECTION('',(0.,-1.,2.49073472057484E-15));
#15610=DIRECTION('center_axis',(-1.,-5.60519385729927E-45,6.98296672221876E-15));
#15611=DIRECTION('ref_axis',(6.98296672221877E-15,2.67790203338821E-60,
1.));
#15612=DIRECTION('center_axis',(1.,5.60519385729927E-45,-6.98296672221876E-15));
#15613=DIRECTION('ref_axis',(6.98296672221877E-15,-3.60679645254918E-61,
1.));
#15614=DIRECTION('',(-1.,-5.60519385729927E-45,6.98296672221876E-15));
#15615=DIRECTION('center_axis',(1.,5.60519385729927E-45,-6.98296672221876E-15));
#15616=DIRECTION('ref_axis',(6.98296672221877E-15,2.67790203338821E-60,
1.));
#15617=DIRECTION('center_axis',(-4.9377031220809E-15,0.707106781186546,
-0.707106781186549));
#15618=DIRECTION('ref_axis',(0.,0.707106781186549,0.707106781186546));
#15619=DIRECTION('',(-5.45170992598525E-15,-0.707106781186549,-0.707106781186546));
#15620=DIRECTION('',(-1.,-5.60519385729927E-45,6.98296672221876E-15));
#15621=DIRECTION('',(-5.45170992598525E-15,-0.707106781186549,-0.707106781186546));
#15622=DIRECTION('center_axis',(-1.,-5.60519385729927E-45,6.98296672221876E-15));
#15623=DIRECTION('ref_axis',(6.98296672221876E-15,2.67790203338818E-60,
1.));
#15624=DIRECTION('center_axis',(1.,5.60519385729927E-45,-6.98296672221876E-15));
#15625=DIRECTION('ref_axis',(6.98296672221876E-15,-3.60679645254962E-61,
1.));
#15626=DIRECTION('',(-1.,-5.60519385729927E-45,6.98296672221876E-15));
#15627=DIRECTION('center_axis',(1.,5.60519385729927E-45,-6.98296672221876E-15));
#15628=DIRECTION('ref_axis',(6.98296672221876E-15,2.67790203338818E-60,
1.));
#15629=DIRECTION('center_axis',(6.30912307551955E-31,1.,9.03501810404582E-17));
#15630=DIRECTION('ref_axis',(0.,-9.03501810404582E-17,1.));
#15631=DIRECTION('',(-6.50521303491299E-15,9.03501810404582E-17,-1.));
#15632=DIRECTION('',(-1.,-5.60519385729927E-45,6.98296672221876E-15));
#15633=DIRECTION('',(-6.50521303491299E-15,9.03501810404582E-17,-1.));
#15634=DIRECTION('center_axis',(-1.,-5.60519385729927E-45,6.98296672221876E-15));
#15635=DIRECTION('ref_axis',(-6.98296672221876E-15,1.22464679914735E-16,
-1.));
#15636=DIRECTION('center_axis',(1.,5.60519385729927E-45,-6.98296672221876E-15));
#15637=DIRECTION('ref_axis',(-6.98296672221876E-15,3.60679645254578E-61,
-1.));
#15638=DIRECTION('',(-1.,-5.60519385729927E-45,6.98296672221876E-15));
#15639=DIRECTION('center_axis',(1.,5.60519385729927E-45,-6.98296672221876E-15));
#15640=DIRECTION('ref_axis',(-6.98296672221877E-15,-2.6779020333885E-60,
-1.));
#15641=DIRECTION('center_axis',(5.60519385729927E-45,-1.,-3.84784881813065E-59));
#15642=DIRECTION('ref_axis',(1.,5.60519385729927E-45,0.));
#15643=DIRECTION('',(6.8647916844479E-15,0.,1.));
#15644=DIRECTION('',(-1.,-5.60519385729927E-45,6.98296672221876E-15));
#15645=DIRECTION('',(6.8647916844479E-15,0.,1.));
#15646=DIRECTION('center_axis',(4.93770312208089E-15,-0.707106781186548,
0.707106781186548));
#15647=DIRECTION('ref_axis',(0.,-0.707106781186548,-0.707106781186548));
#15648=DIRECTION('',(4.69779728093039E-15,0.707106781186548,0.707106781186548));
#15649=DIRECTION('',(-1.,-5.60519385729927E-45,6.98296672221876E-15));
#15650=DIRECTION('',(4.69779728093039E-15,0.707106781186548,0.707106781186548));
#15651=DIRECTION('center_axis',(-1.,-5.60519385729927E-45,6.98296672221876E-15));
#15652=DIRECTION('ref_axis',(6.98296672221877E-15,2.67790203338822E-60,
1.));
#15653=DIRECTION('center_axis',(-1.,-5.60519385729927E-45,6.98296672221876E-15));
#15654=DIRECTION('ref_axis',(6.98296672221877E-15,-3.60679645254918E-61,
1.));
#15655=DIRECTION('',(-1.,-5.60519385729927E-45,6.98296672221876E-15));
#15656=DIRECTION('center_axis',(-1.,-5.60519385729927E-45,6.98296672221876E-15));
#15657=DIRECTION('ref_axis',(6.98296672221877E-15,2.67790203338822E-60,
1.));
#15658=DIRECTION('center_axis',(6.98296672221876E-15,-1.59664406852017E-17,
1.));
#15659=DIRECTION('ref_axis',(1.,0.,-6.98296672221877E-15));
#15660=DIRECTION('',(0.,1.,1.59664406852017E-17));
#15661=DIRECTION('',(-1.,-5.60519385729927E-45,6.98296672221876E-15));
#15662=DIRECTION('',(0.,1.,1.59664406852017E-17));
#15663=DIRECTION('center_axis',(-1.,-5.60519385729927E-45,6.98296672221876E-15));
#15664=DIRECTION('ref_axis',(6.98296672221876E-15,2.67790203338817E-60,
1.));
#15665=DIRECTION('center_axis',(1.,5.60519385729927E-45,-6.98296672221876E-15));
#15666=DIRECTION('ref_axis',(-6.98296672221876E-15,3.60679645254971E-61,
-1.));
#15667=DIRECTION('',(-1.,-5.60519385729927E-45,6.98296672221876E-15));
#15668=DIRECTION('center_axis',(1.,5.60519385729927E-45,-6.98296672221876E-15));
#15669=DIRECTION('ref_axis',(-6.98296672221876E-15,-2.67790203338817E-60,
-1.));
#15670=DIRECTION('center_axis',(5.60519385729927E-45,-1.,-4.86173068582895E-59));
#15671=DIRECTION('ref_axis',(1.,5.60519385729927E-45,0.));
#15672=DIRECTION('',(8.67361737988391E-15,0.,1.));
#15673=DIRECTION('',(-1.,-5.60519385729927E-45,6.98296672221876E-15));
#15674=DIRECTION('',(8.67361737988391E-15,0.,1.));
#15675=DIRECTION('center_axis',(-1.,-5.60519385729927E-45,6.98296672221876E-15));
#15676=DIRECTION('ref_axis',(6.98296672221877E-15,2.67790203338816E-60,
1.));
#15677=DIRECTION('center_axis',(1.,5.60519385729927E-45,-6.98296672221876E-15));
#15678=DIRECTION('ref_axis',(-6.98296672221876E-15,3.60679645254971E-61,
-1.));
#15679=DIRECTION('',(-1.,-5.60519385729927E-45,6.98296672221876E-15));
#15680=DIRECTION('center_axis',(1.,5.60519385729927E-45,-6.98296672221876E-15));
#15681=DIRECTION('ref_axis',(-6.98296672221876E-15,-2.67790203338816E-60,
-1.));
#15682=DIRECTION('center_axis',(-6.98296672221876E-15,4.4353725238043E-15,
-1.));
#15683=DIRECTION('ref_axis',(-1.,0.,6.98296672221877E-15));
#15684=DIRECTION('',(0.,-1.,-4.4353725238043E-15));
#15685=DIRECTION('',(0.,-1.,-4.4353725238043E-15));
#15686=DIRECTION('center_axis',(-1.,-5.60519385729927E-45,6.98296672221876E-15));
#15687=DIRECTION('ref_axis',(6.98296672221877E-15,0.,1.));
#15688=DIRECTION('center_axis',(-1.,-5.60519385729927E-45,6.98296672221876E-15));
#15689=DIRECTION('ref_axis',(6.98296672221877E-15,0.,1.));
#15690=DIRECTION('center_axis',(6.98296672221876E-15,0.,1.));
#15691=DIRECTION('ref_axis',(1.,0.,-6.98296672221877E-15));
#15692=DIRECTION('',(1.,0.,-6.98296672221876E-15));
#15693=DIRECTION('',(0.,-1.,0.));
#15694=DIRECTION('',(1.,5.60519385729927E-45,-6.98296672221876E-15));
#15695=DIRECTION('',(0.,-1.,1.18621681891193E-17));
#15696=DIRECTION('',(1.,5.60519385729927E-45,-6.98296672221876E-15));
#15697=DIRECTION('',(0.,-1.,1.18621681891193E-17));
#15698=DIRECTION('',(1.,5.60519385729927E-45,-6.98296672221876E-15));
#15699=DIRECTION('',(0.,-1.,1.18621681891193E-17));
#15700=DIRECTION('',(1.,5.60519385729927E-45,-6.98296672221876E-15));
#15701=DIRECTION('',(0.,-1.,1.18621681891193E-17));
#15702=DIRECTION('',(1.,5.60519385729927E-45,-6.98296672221876E-15));
#15703=DIRECTION('',(0.,-1.,1.18621681891193E-17));
#15704=DIRECTION('',(1.,5.60519385729927E-45,-6.98296672221876E-15));
#15705=DIRECTION('',(0.,-1.,1.18621681891193E-17));
#15706=DIRECTION('',(1.,5.60519385729927E-45,-6.98296672221876E-15));
#15707=DIRECTION('',(0.,-1.,1.18621681891193E-17));
#15708=DIRECTION('',(1.,5.60519385729927E-45,-6.98296672221876E-15));
#15709=DIRECTION('',(0.,-1.,1.18621681891193E-17));
#15710=DIRECTION('',(1.,5.60519385729927E-45,-6.98296672221876E-15));
#15711=DIRECTION('',(5.60519385729927E-45,-1.,-3.91408821771058E-59));
#15712=DIRECTION('center_axis',(-7.10687554193139E-15,3.49148336110938E-15,
-1.));
#15713=DIRECTION('ref_axis',(-1.,0.,7.1068755419314E-15));
#15714=DIRECTION('',(0.,-1.,0.));
#15715=DIRECTION('',(1.,-2.43809121218073E-29,-8.51255490019604E-44));
#15716=DIRECTION('',(0.,1.,0.));
#15717=DIRECTION('',(1.,0.,0.));
#15718=DIRECTION('',(2.48135377041287E-29,1.,3.49148336110938E-15));
#15719=DIRECTION('',(1.,3.78888697712327E-31,-7.10687554193139E-15));
#15720=DIRECTION('',(0.,-1.,-2.08166817117217E-15));
#15721=DIRECTION('',(1.,-1.01847456117407E-15,0.));
#15722=DIRECTION('',(0.669130606358855,-0.743144825477397,0.));
#15723=DIRECTION('',(1.,-1.35525271560688E-16,0.));
#15724=DIRECTION('',(0.,-1.,0.));
#15725=DIRECTION('',(-1.,0.,7.10687554193139E-15));
#15726=DIRECTION('',(0.,-1.,0.));
#15727=DIRECTION('',(-1.,-1.35525271560688E-16,0.));
#15728=DIRECTION('',(-0.669130606358855,-0.743144825477397,0.));
#15729=DIRECTION('',(-1.,-1.01847456117407E-15,0.));
#15730=DIRECTION('',(0.,-1.,-2.08166817117217E-15));
#15731=DIRECTION('',(1.,3.78888697712327E-31,-7.10687554193139E-15));
#15732=DIRECTION('',(-5.60519385729927E-45,1.,3.91408821771058E-59));
#15733=DIRECTION('',(1.,0.,0.));
#15734=DIRECTION('',(1.,1.60622544071927E-16,-7.10687554193139E-15));
#15735=DIRECTION('',(4.13029399042072E-16,-1.,-3.49148336110939E-15));
#15736=DIRECTION('',(1.,-2.43809121218073E-29,-8.51255490019604E-44));
#15737=DIRECTION('',(3.56279891323464E-31,-1.,-2.52424633617201E-45));
#15738=DIRECTION('',(-1.,2.43809121218073E-29,8.51255490019604E-44));
#15739=DIRECTION('',(4.13029399042072E-16,-1.,-3.49148336110939E-15));
#15740=DIRECTION('',(-1.,-1.20466908053945E-16,7.10687554193139E-15));
#15741=DIRECTION('',(2.43809121218073E-29,1.,3.49148336110938E-15));
#15742=DIRECTION('',(-1.,2.43809121218073E-29,8.51255490019604E-44));
#15743=DIRECTION('',(-1.44560289664734E-15,1.,1.02421099374052E-29));
#15744=DIRECTION('',(1.,-2.43809121218073E-29,-8.51255490019604E-44));
#15745=DIRECTION('',(2.43809121218073E-29,1.,3.49148336110938E-15));
#15746=DIRECTION('center_axis',(2.43809121218073E-29,1.,3.49148336110938E-15));
#15747=DIRECTION('ref_axis',(0.,-3.49148336110938E-15,1.));
#15748=DIRECTION('',(1.,0.,0.));
#15749=DIRECTION('',(0.,0.,1.));
#15750=DIRECTION('',(0.,0.,1.));
#15751=DIRECTION('center_axis',(6.98296672221876E-15,-3.49148336110938E-15,
1.));
#15752=DIRECTION('ref_axis',(1.,0.,-6.98296672221877E-15));
#15753=DIRECTION('',(1.,1.20466908053921E-16,4.20608205034558E-31));
#15754=DIRECTION('',(2.43809121218073E-29,1.,3.49148336110938E-15));
#15755=DIRECTION('',(-1.,-1.60622544071902E-16,-5.60810940046105E-31));
#15756=DIRECTION('',(3.56279891323464E-31,-1.,-2.52424633617201E-45));
#15757=DIRECTION('',(5.60519385729927E-45,-1.,-3.91408821771058E-59));
#15758=DIRECTION('',(-1.,0.,6.98296672221876E-15));
#15759=DIRECTION('',(5.60519385729927E-45,-1.,-3.91408821771058E-59));
#15760=DIRECTION('',(1.,-2.5616985214154E-29,-9.39758067834063E-44));
#15761=DIRECTION('',(5.60519385729927E-45,-1.,-3.91408821771058E-59));
#15762=DIRECTION('',(-1.,0.,6.98296672221876E-15));
#15763=DIRECTION('',(5.60519385729927E-45,-1.,-3.91408821771058E-59));
#15764=DIRECTION('',(1.,-2.5616985214154E-29,-9.39758067834063E-44));
#15765=DIRECTION('',(5.60519385729927E-45,-1.,-3.91408821771058E-59));
#15766=DIRECTION('',(-1.,0.,6.98296672221876E-15));
#15767=DIRECTION('',(5.60519385729927E-45,-1.,-3.91408821771058E-59));
#15768=DIRECTION('',(1.,-2.5616985214154E-29,-9.39758067834063E-44));
#15769=DIRECTION('',(5.60519385729927E-45,-1.,-3.91408821771058E-59));
#15770=DIRECTION('',(-1.,0.,6.98296672221876E-15));
#15771=DIRECTION('',(5.60519385729927E-45,-1.,-3.91408821771058E-59));
#15772=DIRECTION('',(1.,-2.5616985214154E-29,-9.39758067834063E-44));
#15773=DIRECTION('center_axis',(1.20466908053921E-16,-1.,-3.49148336110938E-15));
#15774=DIRECTION('ref_axis',(0.,3.49148336110938E-15,-1.));
#15775=DIRECTION('',(1.,1.20466908053945E-16,-7.10687554193139E-15));
#15776=DIRECTION('',(0.,-3.49148336110938E-15,1.));
#15777=DIRECTION('',(0.,3.49148336110938E-15,-1.));
#15778=DIRECTION('center_axis',(-1.60622544071902E-16,1.,3.49148336110938E-15));
#15779=DIRECTION('ref_axis',(0.,-3.49148336110938E-15,1.));
#15780=DIRECTION('',(0.,3.49148336110938E-15,-1.));
#15781=DIRECTION('',(-1.,-1.60622544071927E-16,7.10687554193139E-15));
#15782=DIRECTION('',(0.,-3.49148336110938E-15,1.));
#15783=DIRECTION('center_axis',(2.43809121218073E-29,1.,3.49148336110938E-15));
#15784=DIRECTION('ref_axis',(0.,-3.49148336110938E-15,1.));
#15785=DIRECTION('',(0.,-3.49148336110938E-15,1.));
#15786=DIRECTION('',(-1.,2.43809121218073E-29,8.51255490019604E-44));
#15787=DIRECTION('',(0.,3.49148336110938E-15,-1.));
#15788=DIRECTION('',(0.,-3.49148336110938E-15,1.));
#15789=DIRECTION('',(-1.,2.43809121218073E-29,8.51255490019604E-44));
#15790=DIRECTION('',(0.,3.49148336110938E-15,-1.));
#15791=DIRECTION('center_axis',(-1.35525271560688E-16,1.,0.));
#15792=DIRECTION('ref_axis',(-1.,-1.35525271560688E-16,0.));
#15793=DIRECTION('',(-1.,-1.35525271560688E-16,7.105427357601E-15));
#15794=DIRECTION('',(0.707106781186555,9.5830838542712E-17,0.70710678118654));
#15795=DIRECTION('',(-7.09659603808688E-15,9.85638338623178E-17,-1.));
#15796=DIRECTION('',(1.,5.60519385729927E-45,-6.98296672221876E-15));
#15797=DIRECTION('',(-7.09659603808688E-15,9.85638338623178E-17,-1.));
#15798=DIRECTION('',(0.707106781186541,9.58308385427101E-17,-0.707106781186554));
#15799=DIRECTION('',(-1.,-1.35525271560688E-16,7.105427357601E-15));
#15800=DIRECTION('',(0.707106781186554,9.58308385427117E-17,0.707106781186541));
#15801=DIRECTION('',(-7.09659603808688E-15,9.85638338623178E-17,-1.));
#15802=DIRECTION('',(1.,5.60519385729927E-45,-6.98296672221876E-15));
#15803=DIRECTION('',(-7.09659603808688E-15,9.85638338623178E-17,-1.));
#15804=DIRECTION('',(0.707106781186541,9.58308385427101E-17,-0.707106781186554));
#15805=DIRECTION('',(-1.,-1.35525271560688E-16,7.105427357601E-15));
#15806=DIRECTION('',(0.,0.,1.));
#15807=DIRECTION('',(1.,1.35525271560688E-16,-6.98296672221876E-15));
#15808=DIRECTION('',(0.,0.,1.));
#15809=DIRECTION('',(0.,0.,1.));
#15810=DIRECTION('',(1.,0.,0.));
#15811=DIRECTION('',(0.,0.,1.));
#15812=DIRECTION('',(0.,0.,1.));
#15813=DIRECTION('',(1.,-1.35525271560688E-16,-6.98296672221877E-15));
#15814=DIRECTION('',(0.,0.,1.));
#15815=DIRECTION('',(-1.,-1.35525271560688E-16,7.105427357601E-15));
#15816=DIRECTION('',(0.707106781186556,9.5830838542712E-17,0.707106781186539));
#15817=DIRECTION('',(-7.09659603808688E-15,9.85638338623178E-17,-1.));
#15818=DIRECTION('',(1.,5.60519385729927E-45,-6.98296672221876E-15));
#15819=DIRECTION('',(-7.09659603808688E-15,9.85638338623178E-17,-1.));
#15820=DIRECTION('',(0.707106781186541,9.58308385427101E-17,-0.707106781186554));
#15821=DIRECTION('',(-1.,-1.35525271560688E-16,7.105427357601E-15));
#15822=DIRECTION('',(0.707106781186553,9.58308385427116E-17,0.707106781186542));
#15823=DIRECTION('',(-7.09659603808688E-15,9.85638338623178E-17,-1.));
#15824=DIRECTION('',(1.,5.60519385729927E-45,-6.98296672221876E-15));
#15825=DIRECTION('',(-7.09659603808688E-15,9.85638338623178E-17,-1.));
#15826=DIRECTION('',(0.707106781186541,9.58308385427101E-17,-0.707106781186554));
#15827=DIRECTION('center_axis',(0.,0.,1.));
#15828=DIRECTION('ref_axis',(1.,0.,0.));
#15829=DIRECTION('',(0.,-1.,0.));
#15830=DIRECTION('',(0.,1.,0.));
#15831=DIRECTION('center_axis',(-3.97765563292987E-15,-0.819152044288991,
-0.573576436351048));
#15832=DIRECTION('ref_axis',(1.,1.20466908053946E-16,-7.1068755419314E-15));
#15833=DIRECTION('',(-0.49754281216453,0.497542812164524,-0.710564775461624));
#15834=DIRECTION('',(0.497542812164519,0.497542812164524,-0.710564775461632));
#15835=DIRECTION('center_axis',(-4.20791063226682E-15,0.819152044288993,
-0.573576436351044));
#15836=DIRECTION('ref_axis',(-1.,-1.60622544071927E-16,7.1068755419314E-15));
#15837=DIRECTION('',(0.497542812164529,0.497542812164521,0.710564775461627));
#15838=DIRECTION('',(-0.497542812164517,0.497542812164521,0.710564775461635));
#15839=DIRECTION('center_axis',(6.98296672221876E-15,0.,1.));
#15840=DIRECTION('ref_axis',(1.,0.,-6.98296672221877E-15));
#15841=DIRECTION('',(0.,-1.,1.18621681891193E-17));
#15842=DIRECTION('',(1.,5.60519385729927E-45,-6.98296672221876E-15));
#15843=DIRECTION('',(0.,-1.,1.18621681891193E-17));
#15844=DIRECTION('center_axis',(6.98296672221876E-15,0.,1.));
#15845=DIRECTION('ref_axis',(1.,0.,-6.98296672221877E-15));
#15846=DIRECTION('',(0.,-1.,1.18621681891193E-17));
#15847=DIRECTION('',(1.,5.60519385729927E-45,-6.98296672221876E-15));
#15848=DIRECTION('',(0.,-1.,1.18621681891193E-17));
#15849=DIRECTION('center_axis',(7.105427357601E-15,-3.49148336110938E-15,
1.));
#15850=DIRECTION('ref_axis',(1.,0.,-7.105427357601E-15));
#15851=DIRECTION('',(1.,5.60519385729927E-45,-6.98296672221876E-15));
#15852=DIRECTION('',(-2.48618280032691E-29,-1.,-3.49148336110938E-15));
#15853=DIRECTION('',(2.48618280032691E-29,1.,3.49148336110938E-15));
#15854=DIRECTION('center_axis',(7.105427357601E-15,-3.49148336110938E-15,
1.));
#15855=DIRECTION('ref_axis',(1.,0.,-7.105427357601E-15));
#15856=DIRECTION('',(2.48618280032691E-29,1.,3.49148336110938E-15));
#15857=DIRECTION('',(1.,5.60519385729927E-45,-6.98296672221876E-15));
#15858=DIRECTION('',(-2.48618280032691E-29,-1.,-3.49148336110938E-15));
#15859=DIRECTION('center_axis',(5.60519385729927E-45,-1.,-3.97777965204194E-59));
#15860=DIRECTION('ref_axis',(1.,5.60519385729927E-45,0.));
#15861=DIRECTION('',(7.09659603808697E-15,0.,1.));
#15862=DIRECTION('',(-0.707106781186555,-3.96347058636151E-45,-0.70710678118654));
#15863=DIRECTION('',(-0.707106781186541,-3.96347058636149E-45,0.707106781186554));
#15864=DIRECTION('',(7.09659603808697E-15,0.,1.));
#15865=DIRECTION('center_axis',(5.60519385729927E-45,-1.,-3.97777965204194E-59));
#15866=DIRECTION('ref_axis',(1.,5.60519385729927E-45,0.));
#15867=DIRECTION('',(-0.707106781186541,-3.96347058636149E-45,0.707106781186554));
#15868=DIRECTION('',(7.09659603808697E-15,0.,1.));
#15869=DIRECTION('',(7.09659603808697E-15,0.,1.));
#15870=DIRECTION('',(-0.707106781186553,-3.9634705863615E-45,-0.707106781186542));
#15871=DIRECTION('center_axis',(1.,5.60519385729927E-45,-6.98296672221876E-15));
#15872=DIRECTION('ref_axis',(-6.98296672221877E-15,0.,-1.));
#15873=DIRECTION('',(5.60519385729927E-45,-1.,-3.91408821771058E-59));
#15874=DIRECTION('',(-6.98296672221876E-15,6.36914343313611E-61,-1.));
#15875=DIRECTION('',(-2.48084813926353E-29,-1.,-3.49148336110938E-15));
#15876=DIRECTION('',(-6.98296672221876E-15,0.,-1.));
#15877=DIRECTION('center_axis',(-1.,0.,-6.93889390390722E-15));
#15878=DIRECTION('ref_axis',(6.93889390390722E-15,0.,-1.));
#15879=DIRECTION('',(0.,1.,0.));
#15880=DIRECTION('',(0.,0.,1.));
#15881=DIRECTION('',(4.90653893338679E-15,-0.707106781186548,-0.707106781186547));
#15882=DIRECTION('',(-6.93889390390719E-15,-2.60208521396519E-15,1.));
#15883=DIRECTION('',(0.,1.,2.00160401074247E-15));
#15884=DIRECTION('',(-6.93889390390722E-15,-2.71050543121376E-15,1.));
#15885=DIRECTION('center_axis',(6.98296672221876E-15,-3.49148336110938E-15,
1.));
#15886=DIRECTION('ref_axis',(1.,0.,-6.98296672221877E-15));
#15887=DIRECTION('',(7.12559782646928E-31,-1.,-5.12120409487312E-45));
#15888=DIRECTION('',(0.669130606358855,-0.743144825477397,0.));
#15889=DIRECTION('',(1.,-1.01847456117407E-15,0.));
#15890=DIRECTION('',(-1.,0.,6.98296672221876E-15));
#15891=DIRECTION('center_axis',(1.,7.12559782646928E-31,-7.18705183703957E-15));
#15892=DIRECTION('ref_axis',(-7.18705183703957E-15,0.,-1.));
#15893=DIRECTION('',(0.,0.,1.));
#15894=DIRECTION('',(3.7557864968429E-15,0.866025403784438,0.500000000000001));
#15895=DIRECTION('',(7.18705183703957E-15,0.,1.));
#15896=DIRECTION('',(-7.12559782646928E-31,1.,5.12120409487312E-45));
#15897=DIRECTION('',(7.18705183703957E-15,0.,1.));
#15898=DIRECTION('',(-2.48084813926353E-29,-1.,-3.49148336110938E-15));
#15899=DIRECTION('',(-7.18705183703957E-15,0.,-1.));
#15900=DIRECTION('',(7.12559782646928E-31,-1.,-5.12120409487312E-45));
#15901=DIRECTION('',(-7.18705183703957E-15,0.,-1.));
#15902=DIRECTION('',(5.08201309070991E-15,0.707106781186548,0.707106781186547));
#15903=DIRECTION('center_axis',(7.105427357601E-15,-3.49148336110938E-15,
1.));
#15904=DIRECTION('ref_axis',(1.,0.,-7.105427357601E-15));
#15905=DIRECTION('',(1.,5.60519385729927E-45,-6.98296672221876E-15));
#15906=DIRECTION('',(-2.48618280032691E-29,-1.,-3.49148336110938E-15));
#15907=DIRECTION('',(-1.,0.,7.105427357601E-15));
#15908=DIRECTION('center_axis',(-6.0474265752228E-15,0.500000000000001,
-0.866025403784438));
#15909=DIRECTION('ref_axis',(3.94430452610506E-31,0.866025403784438,0.500000000000001));
#15910=DIRECTION('',(-8.75811540203011E-47,-0.866025403784438,-0.500000000000001));
#15911=DIRECTION('',(0.,-0.866025403784438,-0.500000000000001));
#15912=DIRECTION('',(-1.,-3.02371328761141E-15,5.23722504166407E-15));
#15913=DIRECTION('',(-1.,0.,6.98296672221877E-15));
#15914=DIRECTION('center_axis',(1.,5.60519385729927E-45,-6.98296672221876E-15));
#15915=DIRECTION('ref_axis',(-6.98296672221877E-15,0.,-1.));
#15916=DIRECTION('',(-6.98296672221876E-15,0.,-1.));
#15917=DIRECTION('center_axis',(2.43809121218073E-29,1.,3.49148336110938E-15));
#15918=DIRECTION('ref_axis',(0.,-3.49148336110938E-15,1.));
#15919=DIRECTION('',(1.,-2.43809121218073E-29,-8.51255490019604E-44));
#15920=DIRECTION('center_axis',(-2.13525330455579E-29,-1.,-3.05780249211518E-15));
#15921=DIRECTION('ref_axis',(0.,3.05780249211518E-15,-1.));
#15922=DIRECTION('',(-1.,-3.78888697712327E-31,7.10687554193139E-15));
#15923=DIRECTION('',(1.,-2.13525330455579E-29,-6.52918287596787E-44));
#15924=DIRECTION('center_axis',(-2.51380068908697E-29,-1.,-3.59990357835793E-15));
#15925=DIRECTION('ref_axis',(0.,3.59990357835793E-15,-1.));
#15926=DIRECTION('',(-1.,2.51380068908697E-29,9.04944009592282E-44));
#15927=DIRECTION('center_axis',(6.98296672221876E-15,-3.49148336110938E-15,
1.));
#15928=DIRECTION('ref_axis',(1.,0.,-6.98296672221877E-15));
#15929=DIRECTION('center_axis',(2.43809121218073E-29,1.,3.49148336110938E-15));
#15930=DIRECTION('ref_axis',(0.,-3.49148336110938E-15,1.));
#15931=DIRECTION('',(-1.,2.43809121218073E-29,8.51255490019604E-44));
#15932=DIRECTION('center_axis',(-6.98296672221876E-15,3.59990357835793E-15,
-1.));
#15933=DIRECTION('ref_axis',(-1.,0.,6.98296672221877E-15));
#15934=DIRECTION('center_axis',(-1.,-3.56279891323464E-31,7.08500927962916E-15));
#15935=DIRECTION('ref_axis',(7.08500927962916E-15,0.,1.));
#15936=DIRECTION('',(-7.08500927962916E-15,0.,-1.));
#15937=DIRECTION('',(-2.43809121218073E-29,-1.,-3.49148336110938E-15));
#15938=DIRECTION('',(-2.43809121218073E-29,-1.,-3.49148336110938E-15));
#15939=DIRECTION('',(7.08500927962916E-15,0.,1.));
#15940=DIRECTION('',(-3.56279891323464E-31,1.,2.52424633617201E-45));
#15941=DIRECTION('center_axis',(2.43809121218073E-29,1.,3.49148336110938E-15));
#15942=DIRECTION('ref_axis',(0.,-3.49148336110938E-15,1.));
#15943=DIRECTION('',(-0.57357643635104,-2.86005573285375E-15,0.819152044288996));
#15944=DIRECTION('',(0.,-3.49148336110938E-15,1.));
#15945=DIRECTION('',(-1.,2.43809121218073E-29,8.51255490019604E-44));
#15946=DIRECTION('center_axis',(6.98296672221876E-15,-3.49148336110938E-15,
1.));
#15947=DIRECTION('ref_axis',(1.,0.,-6.98296672221877E-15));
#15948=DIRECTION('',(1.,0.,-6.98296672221876E-15));
#15949=DIRECTION('',(-2.43809121218073E-29,-1.,-3.49148336110938E-15));
#15950=DIRECTION('center_axis',(-2.43809121218073E-29,-1.,-3.49148336110938E-15));
#15951=DIRECTION('ref_axis',(0.,3.49148336110938E-15,-1.));
#15952=DIRECTION('',(0.573576436351041,2.86005573285375E-15,-0.819152044288996));
#15953=DIRECTION('',(0.,3.49148336110938E-15,-1.));
#15954=DIRECTION('center_axis',(-1.,-1.44560289664734E-15,7.08500927962916E-15));
#15955=DIRECTION('ref_axis',(7.08500927962916E-15,0.,1.));
#15956=DIRECTION('center_axis',(-1.,0.,0.));
#15957=DIRECTION('ref_axis',(0.,0.,1.));
#15958=DIRECTION('center_axis',(-1.01847456117407E-15,-1.,0.));
#15959=DIRECTION('ref_axis',(1.,-1.01847456117407E-15,0.));
#15960=DIRECTION('',(0.,0.,1.));
#15961=DIRECTION('center_axis',(-0.743144825477397,-0.669130606358855,0.));
#15962=DIRECTION('ref_axis',(0.669130606358855,-0.743144825477397,0.));
#15963=DIRECTION('center_axis',(5.02531988874851E-15,-0.707106781186547,
0.707106781186548));
#15964=DIRECTION('ref_axis',(1.,0.,-7.1068755419314E-15));
#15965=DIRECTION('center_axis',(5.60519385729927E-45,-1.,-3.97777965204194E-59));
#15966=DIRECTION('ref_axis',(1.,5.60519385729927E-45,0.));
#15967=DIRECTION('',(7.09659603808697E-15,0.,1.));
#15968=DIRECTION('',(-0.707106781186556,-3.96347058636151E-45,-0.707106781186539));
#15969=DIRECTION('center_axis',(1.,0.,0.));
#15970=DIRECTION('ref_axis',(0.,0.,-1.));
#15971=DIRECTION('',(0.,0.,1.));
#15972=DIRECTION('center_axis',(0.,-1.,0.));
#15973=DIRECTION('ref_axis',(0.,0.,-1.));
#15974=DIRECTION('center_axis',(-0.819152044288996,2.00263258384409E-15,
-0.573576436351041));
#15975=DIRECTION('ref_axis',(2.42574728355461E-29,1.,3.49148336110938E-15));
#15976=DIRECTION('center_axis',(-0.819152044288996,2.00263258384409E-15,
-0.57357643635104));
#15977=DIRECTION('ref_axis',(2.40602576092409E-29,1.,3.49148336110938E-15));
#15978=DIRECTION('center_axis',(-1.,8.41810157740241E-32,7.09659603808688E-15));
#15979=DIRECTION('ref_axis',(7.09659603808688E-15,0.,1.));
#15980=DIRECTION('',(2.48618280032691E-29,1.,3.49148336110938E-15));
#15981=DIRECTION('',(7.18671154333249E-15,-2.9738116731031E-15,1.));
#15982=DIRECTION('',(-6.81498508419461E-15,0.,-1.));
#15983=DIRECTION('center_axis',(-1.,8.41810157740241E-32,7.09659603808688E-15));
#15984=DIRECTION('ref_axis',(7.09659603808688E-15,0.,1.));
#15985=DIRECTION('',(-2.48618280032691E-29,-1.,-3.49148336110938E-15));
#15986=DIRECTION('',(-6.81498508419461E-15,0.,-1.));
#15987=DIRECTION('',(6.81498508419461E-15,0.,1.));
#15988=DIRECTION('center_axis',(-1.,8.41810157740241E-32,7.09659603808688E-15));
#15989=DIRECTION('ref_axis',(7.09659603808688E-15,0.,1.));
#15990=DIRECTION('',(2.48618280032691E-29,1.,3.49148336110938E-15));
#15991=DIRECTION('',(7.18671154333249E-15,-2.9738116731031E-15,1.));
#15992=DIRECTION('',(-6.81498508419461E-15,0.,-1.));
#15993=DIRECTION('center_axis',(-1.,8.41810157740241E-32,7.09659603808688E-15));
#15994=DIRECTION('ref_axis',(7.09659603808688E-15,0.,1.));
#15995=DIRECTION('',(-2.48618280032691E-29,-1.,-3.49148336110938E-15));
#15996=DIRECTION('',(-6.81498508419461E-15,0.,-1.));
#15997=DIRECTION('',(6.81498508419461E-15,0.,1.));
#15998=DIRECTION('center_axis',(-0.707106781186539,-2.46885156104046E-15,
0.707106781186556));
#15999=DIRECTION('ref_axis',(2.52435489670724E-29,1.,3.49148336110938E-15));
#16000=DIRECTION('center_axis',(-0.707106781186554,2.46885156104044E-15,
-0.707106781186541));
#16001=DIRECTION('ref_axis',(-2.50463337407671E-29,-1.,-3.49148336110938E-15));
#16002=DIRECTION('center_axis',(-0.707106781186542,-2.46885156104044E-15,
0.707106781186553));
#16003=DIRECTION('ref_axis',(2.50463337407671E-29,1.,3.49148336110938E-15));
#16004=DIRECTION('center_axis',(-0.707106781186554,2.46885156104044E-15,
-0.707106781186541));
#16005=DIRECTION('ref_axis',(-2.50463337407671E-29,-1.,-3.49148336110938E-15));
#16006=DIRECTION('center_axis',(-5.60519385729927E-45,1.,3.81993125315138E-59));
#16007=DIRECTION('ref_axis',(-1.,-5.60519385729927E-45,0.));
#16008=DIRECTION('center_axis',(5.60519385729927E-45,-1.,-3.81993125315138E-59));
#16009=DIRECTION('ref_axis',(1.,5.60519385729927E-45,0.));
#16010=DIRECTION('center_axis',(-5.60519385729927E-45,1.,3.81993125315138E-59));
#16011=DIRECTION('ref_axis',(-1.,-5.60519385729927E-45,0.));
#16012=DIRECTION('center_axis',(5.60519385729927E-45,-1.,-3.81993125315138E-59));
#16013=DIRECTION('ref_axis',(1.,5.60519385729927E-45,0.));
#16014=DIRECTION('center_axis',(6.98296672221876E-15,-3.49148336110938E-15,
1.));
#16015=DIRECTION('ref_axis',(1.,0.,-6.98296672221877E-15));
#16016=DIRECTION('',(-3.56279891323464E-31,1.,2.52424633617201E-45));
#16017=DIRECTION('',(-1.,0.,6.98296672221876E-15));
#16018=DIRECTION('',(4.13029399042097E-16,-1.,-2.92631712497292E-30));
#16019=DIRECTION('',(1.,0.,-6.98296672221876E-15));
#16020=DIRECTION('center_axis',(-2.43809121218073E-29,-1.,-3.49148336110938E-15));
#16021=DIRECTION('ref_axis',(0.,3.49148336110938E-15,-1.));
#16022=DIRECTION('',(1.,-2.43809121218073E-29,-8.51255490019604E-44));
#16023=DIRECTION('',(6.98296672221876E-15,0.,1.));
#16024=DIRECTION('',(1.,3.02371328761141E-15,-5.23722504166407E-15));
#16025=DIRECTION('',(-6.98296672221876E-15,0.,-1.));
#16026=DIRECTION('center_axis',(6.98296672221876E-15,-3.59990357835793E-15,
1.));
#16027=DIRECTION('ref_axis',(1.,0.,-6.98296672221877E-15));
#16028=DIRECTION('',(-1.,2.43809121218073E-29,8.51255490019604E-44));
#16029=DIRECTION('',(-5.60519385729927E-45,1.,3.91408821771058E-59));
#16030=DIRECTION('',(5.60519385729927E-45,-1.,-3.91408821771058E-59));
#16031=DIRECTION('center_axis',(2.51380068908697E-29,1.,3.59990357835793E-15));
#16032=DIRECTION('ref_axis',(0.,-3.59990357835793E-15,1.));
#16033=DIRECTION('',(-1.,0.,6.98296672221876E-15));
#16034=DIRECTION('',(6.93889390390722E-15,-2.71050543121376E-15,1.));
#16035=DIRECTION('',(-1.,2.51380068908697E-29,9.04944009592282E-44));
#16036=DIRECTION('',(6.98296672221876E-15,0.,1.));
#16037=DIRECTION('center_axis',(-6.98296672221876E-15,3.49148336110938E-15,
-1.));
#16038=DIRECTION('ref_axis',(-1.,0.,6.98296672221877E-15));
#16039=DIRECTION('',(-1.,2.13525330455579E-29,6.52918287596787E-44));
#16040=DIRECTION('',(0.,1.,2.00160401074247E-15));
#16041=DIRECTION('',(-5.60519385729927E-45,1.,3.91408821771058E-59));
#16042=DIRECTION('center_axis',(2.13525330455579E-29,1.,3.05780249211518E-15));
#16043=DIRECTION('ref_axis',(0.,-3.05780249211518E-15,1.));
#16044=DIRECTION('',(6.98296672221876E-15,0.,1.));
#16045=DIRECTION('',(-1.,-3.78888697712327E-31,7.10687554193139E-15));
#16046=DIRECTION('',(6.93889390390719E-15,-2.60208521396519E-15,1.));
#16047=DIRECTION('center_axis',(-2.43809121218073E-29,-1.,-3.49148336110938E-15));
#16048=DIRECTION('ref_axis',(0.,3.49148336110938E-15,-1.));
#16049=DIRECTION('',(-1.,0.,7.105427357601E-15));
#16050=DIRECTION('',(6.98296672221876E-15,0.,1.));
#16051=DIRECTION('',(-6.98296672221876E-15,0.,-1.));
#16052=DIRECTION('center_axis',(-1.,-5.60519385729927E-45,6.98296672221876E-15));
#16053=DIRECTION('ref_axis',(6.98296672221877E-15,0.,1.));
#16054=DIRECTION('',(2.48084813926353E-29,1.,3.49148336110938E-15));
#16055=DIRECTION('',(-7.09659603808698E-15,0.,-1.));
#16056=DIRECTION('center_axis',(5.60519385729927E-45,-1.,-3.97777965204194E-59));
#16057=DIRECTION('ref_axis',(1.,5.60519385729927E-45,0.));
#16058=DIRECTION('',(1.,5.60519385729927E-45,-6.98296672221876E-15));
#16059=DIRECTION('',(-0.707106781186541,-3.96347058636149E-45,0.707106781186554));
#16060=DIRECTION('',(7.09659603808697E-15,0.,1.));
#16061=DIRECTION('',(7.09659603808697E-15,0.,1.));
#16062=DIRECTION('',(-0.707106781186554,-3.9634705863615E-45,-0.707106781186541));
#16063=DIRECTION('center_axis',(5.60519385729927E-45,-1.,-3.97777965204194E-59));
#16064=DIRECTION('ref_axis',(1.,5.60519385729927E-45,0.));
#16065=DIRECTION('',(1.,5.60519385729927E-45,-6.98296672221876E-15));
#16066=DIRECTION('',(-0.707106781186541,-3.96347058636149E-45,0.707106781186554));
#16067=DIRECTION('',(7.09659603808697E-15,0.,1.));
#16068=DIRECTION('center_axis',(0.,-1.,0.));
#16069=DIRECTION('ref_axis',(0.,0.,-1.));
#16070=DIRECTION('',(0.,0.,1.));
#16071=DIRECTION('',(0.,0.,1.));
#16072=DIRECTION('',(1.,0.,-6.98296672221877E-15));
#16073=DIRECTION('center_axis',(-5.02531988874851E-15,0.707106781186547,
-0.707106781186548));
#16074=DIRECTION('ref_axis',(-1.,0.,7.1068755419314E-15));
#16075=DIRECTION('',(-4.93770312208088E-15,-0.707106781186548,-0.707106781186547));
#16076=DIRECTION('',(4.90653893338678E-15,0.707106781186548,0.707106781186547));
#16077=DIRECTION('center_axis',(1.,0.,-6.93889390390722E-15));
#16078=DIRECTION('ref_axis',(-6.93889390390722E-15,0.,-1.));
#16079=DIRECTION('',(0.,0.,1.));
#16080=DIRECTION('',(0.,1.,0.));
#16081=DIRECTION('center_axis',(-1.01847456117407E-15,1.,0.));
#16082=DIRECTION('ref_axis',(-1.,-1.01847456117407E-15,0.));
#16083=DIRECTION('',(0.,0.,1.));
#16084=DIRECTION('',(-1.,-1.01847456117407E-15,0.));
#16085=DIRECTION('center_axis',(-2.43809121218073E-29,-1.,-3.49148336110938E-15));
#16086=DIRECTION('ref_axis',(0.,3.49148336110938E-15,-1.));
#16087=DIRECTION('',(7.08500927962916E-15,0.,1.));
#16088=DIRECTION('',(0.573576436351054,-2.86005573285375E-15,0.819152044288987));
#16089=DIRECTION('',(0.,-3.49148336110938E-15,1.));
#16090=DIRECTION('center_axis',(1.,3.56279891323464E-31,-7.08500927962916E-15));
#16091=DIRECTION('ref_axis',(-7.08500927962916E-15,0.,-1.));
#16092=DIRECTION('',(0.,3.49148336110938E-15,-1.));
#16093=DIRECTION('center_axis',(2.43809121218073E-29,1.,3.49148336110938E-15));
#16094=DIRECTION('ref_axis',(0.,-3.49148336110938E-15,1.));
#16095=DIRECTION('',(-0.573576436351053,2.86005573285375E-15,-0.819152044288987));
#16096=DIRECTION('',(-7.08500927962916E-15,0.,-1.));
#16097=DIRECTION('center_axis',(-5.60519385729927E-45,1.,3.81993125315138E-59));
#16098=DIRECTION('ref_axis',(-1.,-5.60519385729927E-45,0.));
#16099=DIRECTION('',(7.18671154333249E-15,-2.9738116731031E-15,1.));
#16100=DIRECTION('',(6.81498508419461E-15,0.,1.));
#16101=DIRECTION('center_axis',(5.60519385729927E-45,-1.,-3.81993125315138E-59));
#16102=DIRECTION('ref_axis',(1.,5.60519385729927E-45,0.));
#16103=DIRECTION('',(-6.81498508419461E-15,0.,-1.));
#16104=DIRECTION('',(1.,5.60519385729927E-45,-6.98296672221876E-15));
#16105=DIRECTION('',(-6.81498508419461E-15,0.,-1.));
#16106=DIRECTION('center_axis',(-5.60519385729927E-45,1.,3.81993125315138E-59));
#16107=DIRECTION('ref_axis',(-1.,-5.60519385729927E-45,0.));
#16108=DIRECTION('',(7.18671154333249E-15,-2.9738116731031E-15,1.));
#16109=DIRECTION('',(6.81498508419461E-15,0.,1.));
#16110=DIRECTION('center_axis',(5.60519385729927E-45,-1.,-3.81993125315138E-59));
#16111=DIRECTION('ref_axis',(1.,5.60519385729927E-45,0.));
#16112=DIRECTION('',(-6.81498508419461E-15,0.,-1.));
#16113=DIRECTION('',(1.,5.60519385729927E-45,-6.98296672221876E-15));
#16114=DIRECTION('',(-6.81498508419461E-15,0.,-1.));
#16115=DIRECTION('center_axis',(1.,4.13029399042097E-16,-7.08500927962916E-15));
#16116=DIRECTION('ref_axis',(-7.08500927962916E-15,0.,-1.));
#16117=DIRECTION('',(-4.13029399042072E-16,1.,3.49148336110939E-15));
#16118=DIRECTION('',(-4.13029399042072E-16,1.,3.49148336110939E-15));
#16119=DIRECTION('center_axis',(-1.,-5.60519385729927E-45,6.98296672221876E-15));
#16120=DIRECTION('ref_axis',(6.98296672221877E-15,0.,1.));
#16121=DIRECTION('',(3.7557864968429E-15,0.866025403784438,0.500000000000001));
#16122=DIRECTION('center_axis',(6.0474265752228E-15,-0.500000000000001,
0.866025403784438));
#16123=DIRECTION('ref_axis',(-3.94430452610506E-31,-0.866025403784438,-0.500000000000001));
#16124=DIRECTION('',(-8.75811540203011E-47,-0.866025403784438,-0.500000000000001));
#16125=DIRECTION('',(0.,0.866025403784438,0.500000000000001));
#16126=DIRECTION('center_axis',(-1.,0.,0.));
#16127=DIRECTION('ref_axis',(0.,0.,1.));
#16128=DIRECTION('center_axis',(-0.743144825477397,0.669130606358855,0.));
#16129=DIRECTION('ref_axis',(-0.669130606358855,-0.743144825477397,0.));
#16130=DIRECTION('',(-0.669130606358855,-0.743144825477397,0.));
#16131=DIRECTION('center_axis',(-6.98296672221876E-15,3.49148336110938E-15,
-1.));
#16132=DIRECTION('ref_axis',(-1.,0.,6.98296672221877E-15));
#16133=DIRECTION('',(-5.60519385729927E-45,1.,3.91408821771058E-59));
#16134=DIRECTION('center_axis',(-1.,-5.60519385729927E-45,6.98296672221876E-15));
#16135=DIRECTION('ref_axis',(6.98296672221877E-15,0.,1.));
#16136=DIRECTION('',(2.48084813926353E-29,1.,3.49148336110938E-15));
#16137=DIRECTION('center_axis',(7.105427357601E-15,-3.49148336110938E-15,
1.));
#16138=DIRECTION('ref_axis',(1.,0.,-7.105427357601E-15));
#16139=DIRECTION('',(2.48618280032691E-29,1.,3.49148336110938E-15));
#16140=DIRECTION('center_axis',(-0.707106781186554,2.46885156104044E-15,
-0.707106781186541));
#16141=DIRECTION('ref_axis',(-2.50463337407671E-29,-1.,-3.49148336110938E-15));
#16142=DIRECTION('',(-2.48618280032691E-29,-1.,-3.49148336110938E-15));
#16143=DIRECTION('center_axis',(-1.,8.41810157740241E-32,7.09659603808688E-15));
#16144=DIRECTION('ref_axis',(7.09659603808688E-15,0.,1.));
#16145=DIRECTION('',(0.,-1.,1.18621681891193E-17));
#16146=DIRECTION('center_axis',(6.98296672221876E-15,0.,1.));
#16147=DIRECTION('ref_axis',(1.,0.,-6.98296672221877E-15));
#16148=DIRECTION('',(0.,-1.,1.18621681891193E-17));
#16149=DIRECTION('center_axis',(-1.,8.41810157740241E-32,7.09659603808688E-15));
#16150=DIRECTION('ref_axis',(7.09659603808688E-15,0.,1.));
#16151=DIRECTION('',(2.48618280032691E-29,1.,3.49148336110938E-15));
#16152=DIRECTION('center_axis',(-0.707106781186541,-2.46885156104045E-15,
0.707106781186554));
#16153=DIRECTION('ref_axis',(2.50463337407671E-29,1.,3.49148336110938E-15));
#16154=DIRECTION('',(-2.48618280032691E-29,-1.,-3.49148336110938E-15));
#16155=DIRECTION('center_axis',(7.105427357601E-15,-3.49148336110938E-15,
1.));
#16156=DIRECTION('ref_axis',(1.,0.,-7.105427357601E-15));
#16157=DIRECTION('',(2.48618280032691E-29,1.,3.49148336110938E-15));
#16158=DIRECTION('center_axis',(-0.707106781186554,2.46885156104044E-15,
-0.707106781186541));
#16159=DIRECTION('ref_axis',(-2.50463337407671E-29,-1.,-3.49148336110938E-15));
#16160=DIRECTION('',(-2.48618280032691E-29,-1.,-3.49148336110938E-15));
#16161=DIRECTION('center_axis',(-1.,8.41810157740241E-32,7.09659603808688E-15));
#16162=DIRECTION('ref_axis',(7.09659603808688E-15,0.,1.));
#16163=DIRECTION('',(0.,-1.,1.18621681891193E-17));
#16164=DIRECTION('center_axis',(6.98296672221876E-15,0.,1.));
#16165=DIRECTION('ref_axis',(1.,0.,-6.98296672221877E-15));
#16166=DIRECTION('',(0.,-1.,1.18621681891193E-17));
#16167=DIRECTION('center_axis',(-1.,8.41810157740241E-32,7.09659603808688E-15));
#16168=DIRECTION('ref_axis',(7.09659603808688E-15,0.,1.));
#16169=DIRECTION('',(2.48618280032691E-29,1.,3.49148336110938E-15));
#16170=DIRECTION('center_axis',(-0.70710678118654,-2.46885156104045E-15,
0.707106781186555));
#16171=DIRECTION('ref_axis',(2.52435489670724E-29,1.,3.49148336110938E-15));
#16172=DIRECTION('center_axis',(-1.,0.,0.));
#16173=DIRECTION('ref_axis',(0.,0.,1.));
#16174=DIRECTION('center_axis',(0.819152044288986,2.34096646042089E-15,
-0.573576436351054));
#16175=DIRECTION('ref_axis',(4.13029399042072E-16,-1.,-3.49148336110939E-15));
#16176=DIRECTION('center_axis',(0.819152044288987,2.34096646042088E-15,
-0.573576436351053));
#16177=DIRECTION('ref_axis',(4.13029399042072E-16,-1.,-3.49148336110939E-15));
#16178=DIRECTION('',(2.77555756156287E-16,-1.,-4.71844785465701E-16));
#16179=DIRECTION('',(0.999999999999999,2.7755575615629E-16,-3.07064206663039E-29));
#16180=DIRECTION('',(2.77555756156287E-16,-1.,-4.71844785465701E-16));
#16181=DIRECTION('',(0.999999999999999,2.7755575615629E-16,-3.07162714970432E-29));
#16182=DIRECTION('',(2.77555756156287E-16,-1.,-4.71844785465701E-16));
#16183=DIRECTION('',(0.999999999999999,2.7755575615629E-16,-3.07064206663039E-29));
#16184=DIRECTION('axis',(0.,0.,1.));
#16185=DIRECTION('refdir',(1.,0.,0.));
#16186=DIRECTION('center_axis',(-0.408248290463861,-0.816496580927728,-0.408248290463861));
#16187=DIRECTION('ref_axis',(0.577350269189628,-0.577350269189624,0.577350269189626));
#16188=DIRECTION('center_axis',(1.22464679914735E-16,-7.49879891330929E-33,
1.));
#16189=DIRECTION('ref_axis',(1.,-6.12323399573677E-17,-1.22464679914735E-16));
#16190=DIRECTION('center_axis',(2.25173229467837E-15,-1.,-2.83256473634769E-31));
#16191=DIRECTION('ref_axis',(1.22464679914735E-16,-7.49879891331068E-33,
1.));
#16192=DIRECTION('center_axis',(1.,-6.12323399573677E-17,-1.22464679914735E-16));
#16193=DIRECTION('ref_axis',(-6.12323399573677E-17,-1.,0.));
#16194=DIRECTION('center_axis',(0.408248290463864,-0.816496580927725,-0.408248290463864));
#16195=DIRECTION('ref_axis',(-0.577350269189625,-0.577350269189627,0.577350269189625));
#16196=DIRECTION('center_axis',(1.22464679914735E-16,-7.49879891330929E-33,
1.));
#16197=DIRECTION('ref_axis',(-6.12323399573677E-17,-1.,-1.64214663788065E-47));
#16198=DIRECTION('center_axis',(-1.,6.12323399573677E-17,1.22464679914735E-16));
#16199=DIRECTION('ref_axis',(1.22464679914735E-16,-7.49879891330929E-33,
1.));
#16200=DIRECTION('center_axis',(-6.12323399573677E-17,-1.,0.));
#16201=DIRECTION('ref_axis',(-1.,6.12323399573677E-17,1.22464679914735E-16));
#16202=DIRECTION('center_axis',(1.,-6.12323399573677E-17,-1.22464679914735E-16));
#16203=DIRECTION('ref_axis',(4.32978028117744E-17,-0.707106781186547,0.707106781186547));
#16204=DIRECTION('',(-1.,6.12323399573677E-17,1.22464679914735E-16));
#16205=DIRECTION('',(1.,-6.12323399573677E-17,-1.22464679914735E-16));
#16206=DIRECTION('center_axis',(0.408248290463861,-0.816496580927727,0.408248290463863));
#16207=DIRECTION('ref_axis',(0.577350269189624,0.577350269189627,0.577350269189627));
#16208=DIRECTION('center_axis',(1.22464679914735E-16,-7.49879891330929E-33,
1.));
#16209=DIRECTION('ref_axis',(6.12323399573677E-17,1.,1.64214663788065E-47));
#16210=DIRECTION('center_axis',(1.,-6.12323399573677E-17,-1.22464679914735E-16));
#16211=DIRECTION('ref_axis',(1.22464679914735E-16,-7.49879891330929E-33,
1.));
#16212=DIRECTION('center_axis',(6.12323399573677E-17,1.,0.));
#16213=DIRECTION('ref_axis',(1.,-6.12323399573677E-17,-1.22464679914735E-16));
#16214=DIRECTION('center_axis',(0.408248290463861,-0.408248290463863,0.816496580927727));
#16215=DIRECTION('ref_axis',(0.577350269189624,-0.577350269189629,-0.577350269189625));
#16216=DIRECTION('center_axis',(1.,-6.12323399573677E-17,-1.22464679914735E-16));
#16217=DIRECTION('ref_axis',(-1.22464679914735E-16,7.49879891330929E-33,
-1.));
#16218=DIRECTION('center_axis',(-6.12323399573674E-17,-1.,2.31296463463574E-15));
#16219=DIRECTION('ref_axis',(1.,-6.12323399573677E-17,-1.22464679914735E-16));
#16220=DIRECTION('center_axis',(-1.22464679914735E-16,7.49879891330929E-33,
-1.));
#16221=DIRECTION('ref_axis',(-6.12323399573677E-17,-1.,-1.64214663788065E-47));
#16222=DIRECTION('center_axis',(-0.408248290463863,-0.816496580927726,0.408248290463863));
#16223=DIRECTION('ref_axis',(-0.577350269189626,0.577350269189626,0.577350269189626));
#16224=DIRECTION('center_axis',(-1.,6.12323399573677E-17,1.22464679914735E-16));
#16225=DIRECTION('ref_axis',(6.12323399573677E-17,1.,0.));
#16226=DIRECTION('center_axis',(1.22464679914735E-16,-7.49879891330929E-33,
1.));
#16227=DIRECTION('ref_axis',(-1.,6.12323399573677E-17,1.22464679914735E-16));
#16228=DIRECTION('center_axis',(6.12323399573677E-17,1.,0.));
#16229=DIRECTION('ref_axis',(1.22464679914735E-16,-7.49879891330927E-33,
1.));
#16230=DIRECTION('center_axis',(-0.816496580927725,0.408248290463864,0.408248290463864));
#16231=DIRECTION('ref_axis',(-0.577350269189626,-0.577350269189626,-0.577350269189625));
#16232=DIRECTION('center_axis',(-6.12323399573677E-17,-1.,0.));
#16233=DIRECTION('ref_axis',(-1.22464679914735E-16,7.49879891330927E-33,
-1.));
#16234=DIRECTION('center_axis',(-1.,6.12323399573677E-17,1.22464679914735E-16));
#16235=DIRECTION('ref_axis',(-6.12323399573677E-17,-1.,0.));
#16236=DIRECTION('center_axis',(-1.22464679914735E-16,7.49879891330929E-33,
-1.));
#16237=DIRECTION('ref_axis',(-1.,6.12323399573677E-17,1.22464679914735E-16));
#16238=DIRECTION('center_axis',(-1.,6.12323399573677E-17,1.22464679914735E-16));
#16239=DIRECTION('ref_axis',(-1.29893408435324E-16,-0.707106781186547,-0.707106781186548));
#16240=DIRECTION('',(1.,-6.12323399573677E-17,-1.22464679914735E-16));
#16241=DIRECTION('',(-1.,6.12323399573677E-17,1.22464679914735E-16));
#16242=DIRECTION('center_axis',(1.22464679914735E-16,-7.49879891330929E-33,
1.));
#16243=DIRECTION('ref_axis',(-0.707106781186548,-0.707106781186547,8.65956056235492E-17));
#16244=DIRECTION('',(1.22464679914735E-16,-7.49879891330929E-33,1.));
#16245=DIRECTION('',(1.22464679914735E-16,-7.49879891330929E-33,1.));
#16246=DIRECTION('center_axis',(-0.816496580927726,0.408248290463863,-0.408248290463863));
#16247=DIRECTION('ref_axis',(0.577350269189624,0.577350269189627,-0.577350269189626));
#16248=DIRECTION('center_axis',(6.12323399573677E-17,1.,0.));
#16249=DIRECTION('ref_axis',(-1.22464679914735E-16,7.49879891330927E-33,
-1.));
#16250=DIRECTION('center_axis',(1.,-6.12323399573677E-17,-1.22464679914735E-16));
#16251=DIRECTION('ref_axis',(6.12323399573677E-17,1.,0.));
#16252=DIRECTION('center_axis',(-1.22464679914735E-16,7.49879891330929E-33,
-1.));
#16253=DIRECTION('ref_axis',(1.,-6.12323399573677E-17,-1.22464679914735E-16));
#16254=DIRECTION('center_axis',(-0.816496580927726,-0.408248290463863,0.408248290463863));
#16255=DIRECTION('ref_axis',(-0.577350269189626,0.577350269189626,-0.577350269189626));
#16256=DIRECTION('center_axis',(-1.22464679914735E-16,7.49879891330929E-33,
-1.));
#16257=DIRECTION('ref_axis',(6.12323399573677E-17,1.,1.64214663788065E-47));
#16258=DIRECTION('center_axis',(-1.,6.12323399573677E-17,1.22464679914735E-16));
#16259=DIRECTION('ref_axis',(-1.22464679914735E-16,7.49879891330929E-33,
-1.));
#16260=DIRECTION('center_axis',(6.12323399573677E-17,1.,0.));
#16261=DIRECTION('ref_axis',(-1.,6.12323399573677E-17,1.22464679914735E-16));
#16262=DIRECTION('center_axis',(1.,-6.12323399573677E-17,-1.22464679914735E-16));
#16263=DIRECTION('ref_axis',(-4.32978028117744E-17,0.707106781186547,-0.707106781186547));
#16264=DIRECTION('',(-1.,6.12323399573677E-17,1.22464679914735E-16));
#16265=DIRECTION('',(1.,-6.12323399573677E-17,-1.22464679914735E-16));
#16266=DIRECTION('center_axis',(6.12323399573677E-17,1.,0.));
#16267=DIRECTION('ref_axis',(-0.707106781186548,4.32978028117747E-17,-0.707106781186547));
#16268=DIRECTION('',(-6.12323399573677E-17,-1.,0.));
#16269=DIRECTION('',(6.12323399573677E-17,1.,0.));
#16270=DIRECTION('center_axis',(1.22464679914735E-16,-7.49879891330929E-33,
1.));
#16271=DIRECTION('ref_axis',(-0.707106781186547,0.707106781186547,8.65956056235491E-17));
#16272=DIRECTION('',(-1.22464679914735E-16,7.49879891330929E-33,-1.));
#16273=DIRECTION('',(1.22464679914735E-16,-7.49879891330929E-33,1.));
#16274=DIRECTION('center_axis',(1.22464679914735E-16,-7.49879891330929E-33,
1.));
#16275=DIRECTION('ref_axis',(0.707106781186547,0.707106781186547,-8.65956056235491E-17));
#16276=DIRECTION('',(-1.22464679914735E-16,7.49879891330929E-33,-1.));
#16277=DIRECTION('',(1.22464679914735E-16,-7.49879891330929E-33,1.));
#16278=DIRECTION('center_axis',(-6.12323399573677E-17,-1.,0.));
#16279=DIRECTION('ref_axis',(0.707106781186547,-4.32978028117747E-17,-0.707106781186548));
#16280=DIRECTION('',(6.12323399573677E-17,1.,0.));
#16281=DIRECTION('',(-6.12323399573677E-17,-1.,0.));
#16282=DIRECTION('center_axis',(-6.12323399573677E-17,-1.,0.));
#16283=DIRECTION('ref_axis',(-0.707106781186548,4.32978028117747E-17,0.707106781186547));
#16284=DIRECTION('',(6.12323399573677E-17,1.,0.));
#16285=DIRECTION('',(-6.12323399573677E-17,-1.,0.));
#16286=DIRECTION('center_axis',(-1.,6.12323399573677E-17,1.22464679914735E-16));
#16287=DIRECTION('ref_axis',(1.29893408435324E-16,0.707106781186548,0.707106781186547));
#16288=DIRECTION('',(1.,-6.12323399573677E-17,-1.22464679914735E-16));
#16289=DIRECTION('',(-1.,6.12323399573677E-17,1.22464679914735E-16));
#16290=DIRECTION('center_axis',(1.22464679914735E-16,-7.49879891330929E-33,
1.));
#16291=DIRECTION('ref_axis',(0.707106781186547,-0.707106781186547,-8.65956056235491E-17));
#16292=DIRECTION('',(-1.22464679914735E-16,7.49879891330929E-33,-1.));
#16293=DIRECTION('',(1.22464679914735E-16,-7.49879891330929E-33,1.));
#16294=DIRECTION('center_axis',(6.12323399573677E-17,1.,0.));
#16295=DIRECTION('ref_axis',(0.707106781186548,-4.32978028117747E-17,0.707106781186547));
#16296=DIRECTION('',(-6.12323399573677E-17,-1.,0.));
#16297=DIRECTION('',(6.12323399573677E-17,1.,0.));
#16298=DIRECTION('center_axis',(-1.22464679914735E-16,7.49879891330929E-33,
-1.));
#16299=DIRECTION('ref_axis',(6.12323399573677E-17,1.,1.64214663788065E-47));
#16300=DIRECTION('center_axis',(6.12323399573677E-17,1.,0.));
#16301=DIRECTION('ref_axis',(1.22464679914735E-16,-7.49879891330927E-33,
1.));
#16302=DIRECTION('center_axis',(-1.22464679914735E-16,7.49879891330929E-33,
-1.));
#16303=DIRECTION('ref_axis',(6.12323399573677E-17,1.,1.64214663788065E-47));
#16304=DIRECTION('center_axis',(-6.12323399573677E-17,-1.,0.));
#16305=DIRECTION('ref_axis',(-1.22464679914735E-16,7.49879891330927E-33,
-1.));
#16306=DIRECTION('center_axis',(-1.,6.12323399573677E-17,1.22464679914735E-16));
#16307=DIRECTION('ref_axis',(1.22464679914735E-16,-7.49879891330929E-33,
1.));
#16308=DIRECTION('center_axis',(-0.816496580927725,-0.408248290463864,0.408248290463864));
#16309=DIRECTION('ref_axis',(0.577350269189627,-0.577350269189624,0.577350269189627));
#16310=DIRECTION('center_axis',(1.22464679914735E-16,-7.49879891330929E-33,
1.));
#16311=DIRECTION('ref_axis',(1.,-6.12323399573677E-17,-1.22464679914735E-16));
#16312=DIRECTION('center_axis',(2.25173229467838E-15,-1.,-2.83256473634769E-31));
#16313=DIRECTION('ref_axis',(1.22464679914735E-16,-7.4987989133095E-33,
1.));
#16314=DIRECTION('center_axis',(1.,-6.12323399573677E-17,-1.22464679914735E-16));
#16315=DIRECTION('ref_axis',(-6.12323399573677E-17,-1.,0.));
#16316=DIRECTION('center_axis',(0.408248290463861,-0.816496580927727,-0.408248290463863));
#16317=DIRECTION('ref_axis',(-0.577350269189624,-0.577350269189627,0.577350269189627));
#16318=DIRECTION('center_axis',(1.22464679914735E-16,-7.49879891330929E-33,
1.));
#16319=DIRECTION('ref_axis',(-6.12323399573677E-17,-1.,-1.64214663788065E-47));
#16320=DIRECTION('center_axis',(-1.,6.12323399573677E-17,1.22464679914735E-16));
#16321=DIRECTION('ref_axis',(1.22464679914735E-16,-7.49879891330929E-33,
1.));
#16322=DIRECTION('center_axis',(-6.12323399573677E-17,-1.,0.));
#16323=DIRECTION('ref_axis',(-1.,6.12323399573677E-17,1.22464679914735E-16));
#16324=DIRECTION('center_axis',(1.,-6.12323399573677E-17,-1.22464679914735E-16));
#16325=DIRECTION('ref_axis',(4.32978028117744E-17,-0.707106781186547,0.707106781186547));
#16326=DIRECTION('',(-1.,6.12323399573677E-17,1.22464679914735E-16));
#16327=DIRECTION('',(1.,-6.12323399573677E-17,-1.22464679914735E-16));
#16328=DIRECTION('center_axis',(-0.408248290463863,-0.408248290463863,0.816496580927726));
#16329=DIRECTION('ref_axis',(0.577350269189626,0.577350269189626,0.577350269189626));
#16330=DIRECTION('center_axis',(1.22464679914735E-16,-7.49879891330929E-33,
1.));
#16331=DIRECTION('ref_axis',(6.12323399573677E-17,1.,1.64214663788065E-47));
#16332=DIRECTION('center_axis',(1.,-6.12323399573677E-17,-1.22464679914735E-16));
#16333=DIRECTION('ref_axis',(1.22464679914735E-16,-7.49879891330929E-33,
1.));
#16334=DIRECTION('center_axis',(6.12323399573677E-17,1.,0.));
#16335=DIRECTION('ref_axis',(1.,-6.12323399573677E-17,-1.22464679914735E-16));
#16336=DIRECTION('center_axis',(0.408248290463861,-0.408248290463864,0.816496580927727));
#16337=DIRECTION('ref_axis',(0.577350269189624,-0.577350269189628,-0.577350269189626));
#16338=DIRECTION('center_axis',(1.,-6.12323399573677E-17,-1.22464679914735E-16));
#16339=DIRECTION('ref_axis',(-1.22464679914735E-16,7.49879891330929E-33,
-1.));
#16340=DIRECTION('center_axis',(-6.12323399573674E-17,-1.,2.31296463463574E-15));
#16341=DIRECTION('ref_axis',(1.,-6.12323399573677E-17,-1.22464679914735E-16));
#16342=DIRECTION('center_axis',(-1.22464679914735E-16,7.49879891330929E-33,
-1.));
#16343=DIRECTION('ref_axis',(-6.12323399573677E-17,-1.,-1.64214663788065E-47));
#16344=DIRECTION('center_axis',(-0.408248290463866,-0.816496580927724,0.408248290463863));
#16345=DIRECTION('ref_axis',(-0.577350269189625,0.577350269189627,0.577350269189625));
#16346=DIRECTION('center_axis',(-1.,6.12323399573677E-17,1.22464679914735E-16));
#16347=DIRECTION('ref_axis',(6.12323399573677E-17,1.,0.));
#16348=DIRECTION('center_axis',(1.22464679914735E-16,-7.49879891330929E-33,
1.));
#16349=DIRECTION('ref_axis',(-1.,6.12323399573677E-17,1.22464679914735E-16));
#16350=DIRECTION('center_axis',(6.12323399573677E-17,1.,0.));
#16351=DIRECTION('ref_axis',(1.22464679914735E-16,-7.49879891330927E-33,
1.));
#16352=DIRECTION('center_axis',(-0.816496580927726,0.408248290463863,0.408248290463862));
#16353=DIRECTION('ref_axis',(-0.577350269189625,-0.577350269189627,-0.577350269189626));
#16354=DIRECTION('center_axis',(-6.12323399573677E-17,-1.,0.));
#16355=DIRECTION('ref_axis',(-1.22464679914735E-16,7.49879891330927E-33,
-1.));
#16356=DIRECTION('center_axis',(-1.,6.12323399573677E-17,1.22464679914735E-16));
#16357=DIRECTION('ref_axis',(-6.12323399573677E-17,-1.,0.));
#16358=DIRECTION('center_axis',(-1.22464679914735E-16,7.49879891330929E-33,
-1.));
#16359=DIRECTION('ref_axis',(-1.,6.12323399573677E-17,1.22464679914735E-16));
#16360=DIRECTION('center_axis',(-1.,6.12323399573677E-17,1.22464679914735E-16));
#16361=DIRECTION('ref_axis',(-1.29893408435324E-16,-0.707106781186547,-0.707106781186548));
#16362=DIRECTION('',(1.,-6.12323399573677E-17,-1.22464679914735E-16));
#16363=DIRECTION('',(-1.,6.12323399573677E-17,1.22464679914735E-16));
#16364=DIRECTION('center_axis',(1.22464679914735E-16,-7.49879891330929E-33,
1.));
#16365=DIRECTION('ref_axis',(-0.707106781186548,-0.707106781186547,8.65956056235492E-17));
#16366=DIRECTION('',(-1.22464679914735E-16,7.49879891330929E-33,-1.));
#16367=DIRECTION('',(1.22464679914735E-16,-7.49879891330929E-33,1.));
#16368=DIRECTION('center_axis',(-0.816496580927726,0.408248290463863,-0.408248290463863));
#16369=DIRECTION('ref_axis',(0.577350269189626,0.577350269189626,-0.577350269189626));
#16370=DIRECTION('center_axis',(6.12323399573677E-17,1.,0.));
#16371=DIRECTION('ref_axis',(-1.22464679914735E-16,7.49879891330927E-33,
-1.));
#16372=DIRECTION('center_axis',(1.,-6.12323399573677E-17,-1.22464679914735E-16));
#16373=DIRECTION('ref_axis',(6.12323399573677E-17,1.,0.));
#16374=DIRECTION('center_axis',(-1.22464679914735E-16,7.49879891330929E-33,
-1.));
#16375=DIRECTION('ref_axis',(1.,-6.12323399573677E-17,-1.22464679914735E-16));
#16376=DIRECTION('center_axis',(-0.816496580927726,-0.408248290463863,0.408248290463863));
#16377=DIRECTION('ref_axis',(-0.577350269189624,0.577350269189627,-0.577350269189626));
#16378=DIRECTION('center_axis',(-1.22464679914735E-16,7.49879891330929E-33,
-1.));
#16379=DIRECTION('ref_axis',(6.12323399573677E-17,1.,1.64214663788065E-47));
#16380=DIRECTION('center_axis',(-1.,6.12323399573677E-17,1.22464679914735E-16));
#16381=DIRECTION('ref_axis',(-1.22464679914735E-16,7.49879891330929E-33,
-1.));
#16382=DIRECTION('center_axis',(6.12323399573677E-17,1.,0.));
#16383=DIRECTION('ref_axis',(-1.,6.12323399573677E-17,1.22464679914735E-16));
#16384=DIRECTION('center_axis',(1.,-6.12323399573677E-17,-1.22464679914735E-16));
#16385=DIRECTION('ref_axis',(-4.32978028117744E-17,0.707106781186547,-0.707106781186547));
#16386=DIRECTION('',(-1.,6.12323399573677E-17,1.22464679914735E-16));
#16387=DIRECTION('',(1.,-6.12323399573677E-17,-1.22464679914735E-16));
#16388=DIRECTION('center_axis',(6.12323399573677E-17,1.,0.));
#16389=DIRECTION('ref_axis',(-0.707106781186548,4.32978028117747E-17,-0.707106781186547));
#16390=DIRECTION('',(-6.12323399573677E-17,-1.,0.));
#16391=DIRECTION('',(6.12323399573677E-17,1.,0.));
#16392=DIRECTION('center_axis',(1.22464679914735E-16,-7.49879891330929E-33,
1.));
#16393=DIRECTION('ref_axis',(-0.707106781186547,0.707106781186547,8.65956056235491E-17));
#16394=DIRECTION('',(-1.22464679914735E-16,7.49879891330929E-33,-1.));
#16395=DIRECTION('',(1.22464679914735E-16,-7.49879891330929E-33,1.));
#16396=DIRECTION('center_axis',(1.22464679914735E-16,-7.49879891330929E-33,
1.));
#16397=DIRECTION('ref_axis',(0.707106781186547,0.707106781186548,-8.6595605623549E-17));
#16398=DIRECTION('',(1.22464679914735E-16,-7.49879891330929E-33,1.));
#16399=DIRECTION('',(1.22464679914735E-16,-7.49879891330929E-33,1.));
#16400=DIRECTION('center_axis',(-6.12323399573677E-17,-1.,0.));
#16401=DIRECTION('ref_axis',(0.707106781186547,-4.32978028117747E-17,-0.707106781186548));
#16402=DIRECTION('',(6.12323399573677E-17,1.,0.));
#16403=DIRECTION('',(-6.12323399573677E-17,-1.,0.));
#16404=DIRECTION('center_axis',(-6.12323399573677E-17,-1.,0.));
#16405=DIRECTION('ref_axis',(-0.707106781186548,4.32978028117747E-17,0.707106781186547));
#16406=DIRECTION('',(6.12323399573677E-17,1.,0.));
#16407=DIRECTION('',(-6.12323399573677E-17,-1.,0.));
#16408=DIRECTION('center_axis',(-1.,6.12323399573677E-17,1.22464679914735E-16));
#16409=DIRECTION('ref_axis',(1.29893408435324E-16,0.707106781186548,0.707106781186547));
#16410=DIRECTION('',(1.,-6.12323399573677E-17,-1.22464679914735E-16));
#16411=DIRECTION('',(-1.,6.12323399573677E-17,1.22464679914735E-16));
#16412=DIRECTION('center_axis',(1.22464679914735E-16,-7.49879891330929E-33,
1.));
#16413=DIRECTION('ref_axis',(0.707106781186547,-0.707106781186548,-8.6595605623549E-17));
#16414=DIRECTION('',(-1.22464679914735E-16,7.49879891330929E-33,-1.));
#16415=DIRECTION('',(1.22464679914735E-16,-7.49879891330929E-33,1.));
#16416=DIRECTION('center_axis',(6.12323399573677E-17,1.,0.));
#16417=DIRECTION('ref_axis',(0.707106781186548,-4.32978028117747E-17,0.707106781186547));
#16418=DIRECTION('',(-6.12323399573677E-17,-1.,0.));
#16419=DIRECTION('',(6.12323399573677E-17,1.,0.));
#16420=DIRECTION('center_axis',(-1.22464679914735E-16,7.49879891330929E-33,
-1.));
#16421=DIRECTION('ref_axis',(6.12323399573677E-17,1.,1.64214663788065E-47));
#16422=DIRECTION('center_axis',(6.12323399573677E-17,1.,0.));
#16423=DIRECTION('ref_axis',(1.22464679914735E-16,-7.49879891330927E-33,
1.));
#16424=DIRECTION('center_axis',(1.,-6.12323399573677E-17,-1.22464679914735E-16));
#16425=DIRECTION('ref_axis',(-1.22464679914735E-16,7.49879891330929E-33,
-1.));
#16426=DIRECTION('center_axis',(-1.22464679914735E-16,7.49879891330929E-33,
-1.));
#16427=DIRECTION('ref_axis',(6.12323399573677E-17,1.,1.64214663788065E-47));
#16428=DIRECTION('center_axis',(-6.12323399573677E-17,-1.,0.));
#16429=DIRECTION('ref_axis',(-1.22464679914735E-16,7.49879891330927E-33,
-1.));
#16430=DIRECTION('center_axis',(-1.22464679914735E-16,7.49879891330929E-33,
-1.));
#16431=DIRECTION('ref_axis',(6.12323399573677E-17,1.,1.64214663788065E-47));
#16432=DIRECTION('',(1.,-6.12323399573677E-17,-1.22464679914735E-16));
#16433=DIRECTION('',(-6.12323399573677E-17,-1.,0.));
#16434=DIRECTION('',(-1.,6.12323399573677E-17,1.22464679914735E-16));
#16435=DIRECTION('',(6.12323399573677E-17,1.,0.));
#16436=DIRECTION('center_axis',(-1.22464679914735E-16,7.49879891330929E-33,
-1.));
#16437=DIRECTION('ref_axis',(6.12323399573677E-17,1.,1.64214663788065E-47));
#16438=DIRECTION('',(-1.,6.12323399573677E-17,1.22464679914735E-16));
#16439=DIRECTION('',(-6.12323399573677E-17,-1.,0.));
#16440=DIRECTION('',(1.,-6.12323399573677E-17,-1.22464679914735E-16));
#16441=DIRECTION('',(6.12323399573677E-17,1.,0.));
#16442=DIRECTION('center_axis',(1.,-6.12323399573677E-17,-1.22464679914735E-16));
#16443=DIRECTION('ref_axis',(-1.22464679914735E-16,7.49879891330929E-33,
-1.));
#16444=DIRECTION('',(1.22464679914735E-16,-7.49879891330929E-33,1.));
#16445=DIRECTION('',(1.22464679914735E-16,-7.49879891330929E-33,1.));
#16446=DIRECTION('center_axis',(6.12323399573677E-17,1.,0.));
#16447=DIRECTION('ref_axis',(1.22464679914735E-16,-7.49879891330927E-33,
1.));
#16448=DIRECTION('',(1.22464679914735E-16,-7.49879891330929E-33,1.));
#16449=DIRECTION('center_axis',(-1.,6.12323399573677E-17,1.22464679914735E-16));
#16450=DIRECTION('ref_axis',(1.22464679914735E-16,-7.49879891330929E-33,
1.));
#16451=DIRECTION('',(1.22464679914735E-16,-7.49879891330929E-33,1.));
#16452=DIRECTION('center_axis',(-6.12323399573677E-17,-1.,0.));
#16453=DIRECTION('ref_axis',(-1.22464679914735E-16,7.49879891330927E-33,
-1.));
#16454=DIRECTION('axis',(0.,0.,1.));
#16455=DIRECTION('refdir',(1.,0.,0.));
#16456=DIRECTION('axis',(0.,0.,1.));
#16457=DIRECTION('refdir',(1.,0.,0.));
#16458=DIRECTION('axis',(0.,0.,1.));
#16459=DIRECTION('refdir',(1.,0.,0.));
#16460=DIRECTION('center_axis',(-1.,0.,0.));
#16461=DIRECTION('ref_axis',(0.,-1.,0.));
#16462=DIRECTION('',(0.,-1.,0.));
#16463=DIRECTION('',(0.,1.,0.));
#16464=DIRECTION('',(0.,-1.,0.));
#16465=DIRECTION('',(0.,0.,1.));
#16466=DIRECTION('',(0.,-1.,0.));
#16467=DIRECTION('',(0.,0.,1.));
#16468=DIRECTION('',(0.,-1.,0.));
#16469=DIRECTION('',(0.,0.,-1.));
#16470=DIRECTION('',(0.,1.,0.));
#16471=DIRECTION('',(0.,0.,1.));
#16472=DIRECTION('center_axis',(1.,0.,0.));
#16473=DIRECTION('ref_axis',(0.,1.,0.));
#16474=DIRECTION('',(0.,-1.,0.));
#16475=DIRECTION('',(0.,0.,1.));
#16476=DIRECTION('',(0.,1.,0.));
#16477=DIRECTION('',(0.,0.,1.));
#16478=DIRECTION('',(0.,-1.,0.));
#16479=DIRECTION('',(0.,-1.,0.));
#16480=DIRECTION('',(0.,1.,0.));
#16481=DIRECTION('',(0.,0.,-1.));
#16482=DIRECTION('',(0.,-1.,0.));
#16483=DIRECTION('',(0.,0.,1.));
#16484=DIRECTION('center_axis',(0.,-1.,0.));
#16485=DIRECTION('ref_axis',(1.,0.,0.));
#16486=DIRECTION('',(1.,0.,0.));
#16487=DIRECTION('',(1.,0.,0.));
#16488=DIRECTION('center_axis',(0.,1.,0.));
#16489=DIRECTION('ref_axis',(-1.,0.,0.));
#16490=DIRECTION('',(-1.,0.,0.));
#16491=DIRECTION('',(-1.,0.,0.));
#16492=DIRECTION('center_axis',(0.,0.,1.));
#16493=DIRECTION('ref_axis',(1.,0.,0.));
#16494=DIRECTION('center_axis',(0.,0.,1.));
#16495=DIRECTION('ref_axis',(1.,0.,0.));
#16496=DIRECTION('',(-1.,0.,0.));
#16497=DIRECTION('',(-1.,0.,0.));
#16498=DIRECTION('',(0.,-1.,0.));
#16499=DIRECTION('',(-1.,1.15648231731787E-16,0.));
#16500=DIRECTION('',(1.,0.,0.));
#16501=DIRECTION('',(0.,1.,0.));
#16502=DIRECTION('',(-1.,0.,0.));
#16503=DIRECTION('',(0.,1.,0.));
#16504=DIRECTION('',(1.,0.,0.));
#16505=DIRECTION('',(0.,1.,0.));
#16506=DIRECTION('center_axis',(0.,0.,-1.));
#16507=DIRECTION('ref_axis',(-1.,0.,0.));
#16508=DIRECTION('',(-1.,1.15648231731787E-16,0.));
#16509=DIRECTION('',(0.,-1.,0.));
#16510=DIRECTION('',(-1.,0.,0.));
#16511=DIRECTION('center_axis',(0.,0.,-1.));
#16512=DIRECTION('ref_axis',(-1.,0.,0.));
#16513=DIRECTION('',(-1.,0.,0.));
#16514=DIRECTION('',(0.,1.,0.));
#16515=DIRECTION('',(1.,0.,0.));
#16516=DIRECTION('',(0.,1.,0.));
#16517=DIRECTION('',(-1.,0.,0.));
#16518=DIRECTION('',(0.,1.,0.));
#16519=DIRECTION('',(-1.,0.,0.));
#16520=DIRECTION('',(0.,-1.,0.));
#16521=DIRECTION('center_axis',(1.,0.,0.));
#16522=DIRECTION('ref_axis',(0.,-1.,0.));
#16523=DIRECTION('',(0.,0.,-1.));
#16524=DIRECTION('',(0.,-1.,0.));
#16525=DIRECTION('',(0.,0.,-1.));
#16526=DIRECTION('center_axis',(0.,1.,0.));
#16527=DIRECTION('ref_axis',(1.,0.,0.));
#16528=DIRECTION('',(1.,0.,0.));
#16529=DIRECTION('',(0.,0.,-1.));
#16530=DIRECTION('center_axis',(-1.,0.,0.));
#16531=DIRECTION('ref_axis',(0.,1.,0.));
#16532=DIRECTION('',(0.,1.,0.));
#16533=DIRECTION('',(0.,0.,-1.));
#16534=DIRECTION('',(0.,-1.,0.));
#16535=DIRECTION('center_axis',(0.,1.,0.));
#16536=DIRECTION('ref_axis',(1.,0.,0.));
#16537=DIRECTION('',(-1.,0.,0.));
#16538=DIRECTION('',(1.,0.,0.));
#16539=DIRECTION('',(0.,0.,-1.));
#16540=DIRECTION('center_axis',(-1.,0.,0.));
#16541=DIRECTION('ref_axis',(0.,1.,0.));
#16542=DIRECTION('',(0.,1.,0.));
#16543=DIRECTION('',(0.,0.,-1.));
#16544=DIRECTION('center_axis',(-1.15648231731787E-16,-1.,0.));
#16545=DIRECTION('ref_axis',(-1.,1.15648231731787E-16,0.));
#16546=DIRECTION('',(1.,-1.15648231731787E-16,0.));
#16547=DIRECTION('',(-1.,1.15648231731787E-16,0.));
#16548=DIRECTION('',(0.,0.,-1.));
#16549=DIRECTION('center_axis',(-1.,0.,0.));
#16550=DIRECTION('ref_axis',(0.,1.,0.));
#16551=DIRECTION('',(0.,-1.,0.));
#16552=DIRECTION('',(0.,1.,0.));
#16553=DIRECTION('',(0.,0.,-1.));
#16554=DIRECTION('center_axis',(0.,-1.,0.));
#16555=DIRECTION('ref_axis',(-1.,0.,0.));
#16556=DIRECTION('',(-1.,0.,0.));
#16557=DIRECTION('center_axis',(0.,0.,-1.));
#16558=DIRECTION('ref_axis',(-1.,0.,0.));
#16559=DIRECTION('center_axis',(0.,0.,1.));
#16560=DIRECTION('ref_axis',(1.,0.,0.));
#16561=DIRECTION('',(1.,0.,0.));
#16562=DIRECTION('',(0.,-1.,0.));
#16563=DIRECTION('center_axis',(0.,0.,1.));
#16564=DIRECTION('ref_axis',(1.,0.,0.));
#16565=DIRECTION('',(0.,-1.,0.));
#16566=DIRECTION('',(-1.,0.,0.));
#16567=DIRECTION('center_axis',(-0.816496580927749,0.408248290463847,-0.408248290463833));
#16568=DIRECTION('ref_axis',(-0.577350269189593,-0.577350269189649,0.577350269189635));
#16569=DIRECTION('center_axis',(0.,-1.,0.));
#16570=DIRECTION('ref_axis',(-1.,0.,0.));
#16571=DIRECTION('center_axis',(0.,0.,1.));
#16572=DIRECTION('ref_axis',(0.,-1.,0.));
#16573=DIRECTION('center_axis',(-1.,3.46944695195364E-14,0.));
#16574=DIRECTION('ref_axis',(0.,0.,1.));
#16575=DIRECTION('center_axis',(0.408248290463863,-0.408248290463863,-0.816496580927726));
#16576=DIRECTION('ref_axis',(0.57735026918963,-0.57735026918963,0.577350269189617));
#16577=DIRECTION('center_axis',(1.,0.,0.));
#16578=DIRECTION('ref_axis',(0.,-1.,0.));
#16579=DIRECTION('center_axis',(0.,0.,1.));
#16580=DIRECTION('ref_axis',(1.,0.,0.));
#16581=DIRECTION('center_axis',(0.,-1.,0.));
#16582=DIRECTION('ref_axis',(0.,0.,1.));
#16583=DIRECTION('center_axis',(0.408248290463879,0.408248290463824,-0.816496580927737));
#16584=DIRECTION('ref_axis',(-0.57735026918969,-0.577350269189579,-0.577350269189609));
#16585=DIRECTION('center_axis',(0.,0.,-1.));
#16586=DIRECTION('ref_axis',(-1.,0.,0.));
#16587=DIRECTION('center_axis',(0.,-1.,0.));
#16588=DIRECTION('ref_axis',(0.,0.,-1.));
#16589=DIRECTION('center_axis',(-1.,0.,-6.93889390390723E-14));
#16590=DIRECTION('ref_axis',(0.,-1.,0.));
#16591=DIRECTION('center_axis',(-0.408248290463875,-0.816496580927721,0.408248290463861));
#16592=DIRECTION('ref_axis',(-0.577350269189644,0.577350269189617,0.577350269189617));
#16593=DIRECTION('center_axis',(-1.,0.,0.));
#16594=DIRECTION('ref_axis',(0.,1.,0.));
#16595=DIRECTION('center_axis',(0.,0.,1.));
#16596=DIRECTION('ref_axis',(-1.,0.,0.));
#16597=DIRECTION('center_axis',(0.,1.,0.));
#16598=DIRECTION('ref_axis',(0.,0.,1.));
#16599=DIRECTION('center_axis',(-0.408248290463878,0.408248290463794,-0.816496580927753));
#16600=DIRECTION('ref_axis',(0.577350269189699,-0.577350269189588,-0.577350269189591));
#16601=DIRECTION('center_axis',(0.,0.,-1.));
#16602=DIRECTION('ref_axis',(0.,-1.,0.));
#16603=DIRECTION('center_axis',(1.,6.93889390390727E-14,0.));
#16604=DIRECTION('ref_axis',(0.,0.,-1.));
#16605=DIRECTION('center_axis',(0.,-1.,0.));
#16606=DIRECTION('ref_axis',(1.,0.,0.));
#16607=DIRECTION('center_axis',(1.,0.,0.));
#16608=DIRECTION('ref_axis',(0.,-0.707106781186558,-0.707106781186537));
#16609=DIRECTION('',(-1.,0.,0.));
#16610=DIRECTION('center_axis',(0.408248290463877,0.408248290463849,-0.816496580927726));
#16611=DIRECTION('ref_axis',(0.577350269189644,0.577350269189617,0.577350269189617));
#16612=DIRECTION('center_axis',(0.,1.,0.));
#16613=DIRECTION('ref_axis',(1.,0.,0.));
#16614=DIRECTION('center_axis',(0.,0.,1.));
#16615=DIRECTION('ref_axis',(0.,1.,0.));
#16616=DIRECTION('center_axis',(1.,0.,0.));
#16617=DIRECTION('ref_axis',(0.,0.,1.));
#16618=DIRECTION('center_axis',(0.408248290463865,-0.408248290463838,-0.816496580927738));
#16619=DIRECTION('ref_axis',(-0.57735026918964,0.577350269189613,-0.577350269189625));
#16620=DIRECTION('center_axis',(-1.,-3.46944695195364E-14,0.));
#16621=DIRECTION('ref_axis',(0.,0.,-1.));
#16622=DIRECTION('center_axis',(0.,1.,0.));
#16623=DIRECTION('ref_axis',(-1.,0.,0.));
#16624=DIRECTION('center_axis',(0.,0.,-1.));
#16625=DIRECTION('ref_axis',(0.,1.,0.));
#16626=DIRECTION('center_axis',(0.,-1.,0.));
#16627=DIRECTION('ref_axis',(-0.707106781186558,0.,-0.707106781186537));
#16628=DIRECTION('center_axis',(0.,0.,1.));
#16629=DIRECTION('ref_axis',(-0.707106781186523,0.707106781186572,0.));
#16630=DIRECTION('',(0.,0.,-1.));
#16631=DIRECTION('center_axis',(-0.408248290463878,-0.408248290463794,-0.816496580927753));
#16632=DIRECTION('ref_axis',(0.577350269189699,0.577350269189588,-0.577350269189591));
#16633=DIRECTION('center_axis',(0.,0.,-1.));
#16634=DIRECTION('ref_axis',(1.,0.,0.));
#16635=DIRECTION('center_axis',(0.,1.,0.));
#16636=DIRECTION('ref_axis',(0.,0.,-1.));
#16637=DIRECTION('center_axis',(1.,0.,-6.93889390390723E-14));
#16638=DIRECTION('ref_axis',(0.,1.,0.));
#16639=DIRECTION('center_axis',(0.,1.,0.));
#16640=DIRECTION('ref_axis',(0.707106781186607,0.,-0.707106781186489));
#16641=DIRECTION('',(0.,-1.,0.));
#16642=DIRECTION('center_axis',(-1.,0.,0.));
#16643=DIRECTION('ref_axis',(0.,0.707106781186558,-0.707106781186537));
#16644=DIRECTION('',(1.,0.,0.));
#16645=DIRECTION('center_axis',(0.,0.,1.));
#16646=DIRECTION('ref_axis',(0.707106781186547,0.707106781186547,0.));
#16647=DIRECTION('',(0.,0.,-1.));
#16648=DIRECTION('',(0.,0.,1.));
#16649=DIRECTION('center_axis',(-1.,0.,0.));
#16650=DIRECTION('ref_axis',(0.,0.70710678118656,0.707106781186535));
#16651=DIRECTION('',(1.,0.,0.));
#16652=DIRECTION('',(-1.,0.,0.));
#16653=DIRECTION('center_axis',(0.,1.,0.));
#16654=DIRECTION('ref_axis',(0.70710678118656,0.,0.707106781186535));
#16655=DIRECTION('',(0.,-1.,0.));
#16656=DIRECTION('',(0.,1.,0.));
#16657=DIRECTION('center_axis',(0.,0.,1.));
#16658=DIRECTION('ref_axis',(0.707106781186547,-0.707106781186547,0.));
#16659=DIRECTION('',(0.,0.,-1.));
#16660=DIRECTION('',(0.,0.,1.));
#16661=DIRECTION('center_axis',(0.,-1.,0.));
#16662=DIRECTION('ref_axis',(-0.707106781186535,0.,0.70710678118656));
#16663=DIRECTION('',(0.,1.,0.));
#16664=DIRECTION('center_axis',(0.,0.,1.));
#16665=DIRECTION('ref_axis',(-0.707106781186523,-0.707106781186572,0.));
#16666=DIRECTION('',(0.,0.,1.));
#16667=DIRECTION('center_axis',(1.,0.,0.));
#16668=DIRECTION('ref_axis',(0.,-0.70710678118656,0.707106781186535));
#16669=DIRECTION('',(-1.,0.,0.));
#16670=DIRECTION('',(1.,0.,0.));
#16671=DIRECTION('center_axis',(0.,-1.,0.));
#16672=DIRECTION('ref_axis',(1.,0.,0.));
#16673=DIRECTION('center_axis',(0.,1.,0.));
#16674=DIRECTION('ref_axis',(-1.,0.,0.));
#16675=DIRECTION('center_axis',(1.,0.,0.));
#16676=DIRECTION('ref_axis',(0.,1.,0.));
#16677=DIRECTION('center_axis',(0.,0.,1.));
#16678=DIRECTION('ref_axis',(1.,0.,0.));
#16679=DIRECTION('center_axis',(0.,0.,-1.));
#16680=DIRECTION('ref_axis',(-1.,0.,0.));
#16681=DIRECTION('',(-1.,0.,0.));
#16682=DIRECTION('',(0.,1.,0.));
#16683=DIRECTION('',(1.,0.,0.));
#16684=DIRECTION('center_axis',(0.,0.,-1.));
#16685=DIRECTION('ref_axis',(-1.,0.,0.));
#16686=DIRECTION('',(1.,0.,0.));
#16687=DIRECTION('',(0.,-1.,0.));
#16688=DIRECTION('',(-1.,0.,0.));
#16689=DIRECTION('',(0.,1.,0.));
#16690=DIRECTION('',(-1.,0.,0.));
#16691=DIRECTION('',(0.,-1.,0.));
#16692=DIRECTION('',(1.,0.,0.));
#16693=DIRECTION('',(0.,1.,0.));
#16694=DIRECTION('center_axis',(0.,1.,0.));
#16695=DIRECTION('ref_axis',(1.,0.,0.));
#16696=DIRECTION('',(0.,0.,-1.));
#16697=DIRECTION('',(1.,0.,0.));
#16698=DIRECTION('',(0.,0.,-1.));
#16699=DIRECTION('center_axis',(-1.,0.,0.));
#16700=DIRECTION('ref_axis',(0.,1.,0.));
#16701=DIRECTION('',(0.,1.,0.));
#16702=DIRECTION('',(0.,0.,-1.));
#16703=DIRECTION('center_axis',(0.,-1.,0.));
#16704=DIRECTION('ref_axis',(-1.,0.,0.));
#16705=DIRECTION('',(-1.,0.,0.));
#16706=DIRECTION('',(0.,0.,-1.));
#16707=DIRECTION('center_axis',(1.,0.,0.));
#16708=DIRECTION('ref_axis',(0.,-1.,0.));
#16709=DIRECTION('',(0.,-1.,0.));
#16710=DIRECTION('',(0.,0.,-1.));
#16711=DIRECTION('',(0.,1.,0.));
#16712=DIRECTION('center_axis',(0.,-1.,0.));
#16713=DIRECTION('ref_axis',(-1.,0.,0.));
#16714=DIRECTION('',(1.,0.,0.));
#16715=DIRECTION('',(-1.,0.,0.));
#16716=DIRECTION('',(0.,0.,-1.));
#16717=DIRECTION('center_axis',(1.,0.,0.));
#16718=DIRECTION('ref_axis',(0.,-1.,0.));
#16719=DIRECTION('',(0.,-1.,0.));
#16720=DIRECTION('',(0.,0.,-1.));
#16721=DIRECTION('center_axis',(0.,1.,0.));
#16722=DIRECTION('ref_axis',(1.,0.,0.));
#16723=DIRECTION('',(1.,0.,0.));
#16724=DIRECTION('',(0.,0.,-1.));
#16725=DIRECTION('center_axis',(1.,0.,0.));
#16726=DIRECTION('ref_axis',(0.,-1.,0.));
#16727=DIRECTION('',(0.,-1.,0.));
#16728=DIRECTION('',(0.,0.,-1.));
#16729=DIRECTION('center_axis',(0.,-1.,0.));
#16730=DIRECTION('ref_axis',(-1.,0.,0.));
#16731=DIRECTION('',(-1.,0.,0.));
#16732=DIRECTION('',(0.,0.,-1.));
#16733=DIRECTION('center_axis',(1.,0.,0.));
#16734=DIRECTION('ref_axis',(0.,-1.,0.));
#16735=DIRECTION('',(0.,-1.,0.));
#16736=DIRECTION('',(0.,0.,-1.));
#16737=DIRECTION('center_axis',(0.,1.,0.));
#16738=DIRECTION('ref_axis',(1.,0.,0.));
#16739=DIRECTION('',(1.,0.,0.));
#16740=DIRECTION('',(0.,0.,-1.));
#16741=DIRECTION('',(-1.,0.,0.));
#16742=DIRECTION('center_axis',(1.,0.,0.));
#16743=DIRECTION('ref_axis',(0.,-1.,0.));
#16744=DIRECTION('',(0.,1.,0.));
#16745=DIRECTION('',(0.,-1.,0.));
#16746=DIRECTION('center_axis',(0.,0.,-1.));
#16747=DIRECTION('ref_axis',(-1.,0.,0.));
#16748=DIRECTION('center_axis',(0.,0.,1.));
#16749=DIRECTION('ref_axis',(1.,0.,0.));
#16750=DIRECTION('',(-1.,0.,0.));
#16751=DIRECTION('',(0.,1.,0.));
#16752=DIRECTION('center_axis',(0.,0.,1.));
#16753=DIRECTION('ref_axis',(1.,0.,0.));
#16754=DIRECTION('',(0.,1.,0.));
#16755=DIRECTION('',(1.,0.,0.));
#16756=DIRECTION('center_axis',(-0.408248290463877,-0.408248290463849,-0.816496580927726));
#16757=DIRECTION('ref_axis',(-0.577350269189644,-0.577350269189617,0.577350269189617));
#16758=DIRECTION('center_axis',(0.,-1.,0.));
#16759=DIRECTION('ref_axis',(-1.,0.,0.));
#16760=DIRECTION('center_axis',(0.,0.,1.));
#16761=DIRECTION('ref_axis',(0.,-1.,0.));
#16762=DIRECTION('center_axis',(-1.,0.,0.));
#16763=DIRECTION('ref_axis',(0.,0.,1.));
#16764=DIRECTION('center_axis',(-0.408248290463875,-0.816496580927721,-0.408248290463861));
#16765=DIRECTION('ref_axis',(0.577350269189644,-0.577350269189617,0.577350269189617));
#16766=DIRECTION('center_axis',(1.,0.,0.));
#16767=DIRECTION('ref_axis',(0.,-1.,0.));
#16768=DIRECTION('center_axis',(0.,0.,1.));
#16769=DIRECTION('ref_axis',(1.,0.,0.));
#16770=DIRECTION('center_axis',(0.,-1.,0.));
#16771=DIRECTION('ref_axis',(0.,0.,1.));
#16772=DIRECTION('center_axis',(0.408248290463875,0.408248290463847,-0.816496580927728));
#16773=DIRECTION('ref_axis',(-0.577350269189643,-0.577350269189616,-0.577350269189618));
#16774=DIRECTION('center_axis',(0.,0.,-1.));
#16775=DIRECTION('ref_axis',(-1.,0.,0.));
#16776=DIRECTION('center_axis',(0.,-1.,0.));
#16777=DIRECTION('ref_axis',(0.,0.,-1.));
#16778=DIRECTION('center_axis',(-1.,0.,0.));
#16779=DIRECTION('ref_axis',(0.,-1.,0.));
#16780=DIRECTION('center_axis',(-0.408248290463863,0.408248290463863,-0.816496580927726));
#16781=DIRECTION('ref_axis',(-0.57735026918963,0.57735026918963,0.577350269189617));
#16782=DIRECTION('center_axis',(-1.,0.,0.));
#16783=DIRECTION('ref_axis',(0.,1.,0.));
#16784=DIRECTION('center_axis',(0.,0.,1.));
#16785=DIRECTION('ref_axis',(-1.,0.,0.));
#16786=DIRECTION('center_axis',(0.,1.,0.));
#16787=DIRECTION('ref_axis',(0.,0.,1.));
#16788=DIRECTION('center_axis',(-0.408248290463874,-0.816496580927721,0.408248290463863));
#16789=DIRECTION('ref_axis',(0.577350269189641,-0.577350269189614,-0.577350269189622));
#16790=DIRECTION('center_axis',(0.,0.,-1.));
#16791=DIRECTION('ref_axis',(0.,-1.,0.));
#16792=DIRECTION('center_axis',(1.,0.,0.));
#16793=DIRECTION('ref_axis',(0.,0.,-1.));
#16794=DIRECTION('center_axis',(0.,-1.,0.));
#16795=DIRECTION('ref_axis',(1.,0.,0.));
#16796=DIRECTION('center_axis',(1.,0.,0.));
#16797=DIRECTION('ref_axis',(0.,-0.707106781186558,-0.707106781186537));
#16798=DIRECTION('',(-1.,0.,0.));
#16799=DIRECTION('center_axis',(0.408248290463826,-0.816496580927735,0.408248290463882));
#16800=DIRECTION('ref_axis',(0.577350269189598,0.577350269189626,0.577350269189653));
#16801=DIRECTION('center_axis',(0.,1.,0.));
#16802=DIRECTION('ref_axis',(1.,0.,0.));
#16803=DIRECTION('center_axis',(0.,0.,1.));
#16804=DIRECTION('ref_axis',(0.,1.,0.));
#16805=DIRECTION('center_axis',(1.,-3.46944695195364E-14,0.));
#16806=DIRECTION('ref_axis',(0.,0.,1.));
#16807=DIRECTION('center_axis',(0.408248290463862,-0.408248290463862,-0.816496580927727));
#16808=DIRECTION('ref_axis',(-0.577350269189629,0.577350269189629,-0.57735026918962));
#16809=DIRECTION('center_axis',(-1.,0.,0.));
#16810=DIRECTION('ref_axis',(0.,0.,-1.));
#16811=DIRECTION('center_axis',(0.,1.,0.));
#16812=DIRECTION('ref_axis',(-1.,0.,0.));
#16813=DIRECTION('center_axis',(0.,0.,-1.));
#16814=DIRECTION('ref_axis',(0.,1.,0.));
#16815=DIRECTION('center_axis',(0.,-1.,0.));
#16816=DIRECTION('ref_axis',(-0.707106781186558,0.,-0.707106781186537));
#16817=DIRECTION('',(0.,1.,0.));
#16818=DIRECTION('center_axis',(0.,0.,1.));
#16819=DIRECTION('ref_axis',(-0.707106781186547,0.707106781186547,0.));
#16820=DIRECTION('',(0.,0.,-1.));
#16821=DIRECTION('',(0.,0.,1.));
#16822=DIRECTION('center_axis',(-0.816496580927735,0.408248290463867,-0.408248290463842));
#16823=DIRECTION('ref_axis',(0.577350269189639,0.577350269189639,-0.5773502691896));
#16824=DIRECTION('center_axis',(0.,0.,-1.));
#16825=DIRECTION('ref_axis',(1.,0.,0.));
#16826=DIRECTION('center_axis',(0.,1.,0.));
#16827=DIRECTION('ref_axis',(0.,0.,-1.));
#16828=DIRECTION('center_axis',(1.,0.,-3.46944695195361E-14));
#16829=DIRECTION('ref_axis',(0.,1.,0.));
#16830=DIRECTION('center_axis',(0.,-1.,0.));
#16831=DIRECTION('ref_axis',(0.707106781186533,0.,-0.707106781186562));
#16832=DIRECTION('center_axis',(-1.,0.,0.));
#16833=DIRECTION('ref_axis',(0.,0.707106781186558,-0.707106781186537));
#16834=DIRECTION('',(1.,0.,0.));
#16835=DIRECTION('center_axis',(0.,0.,1.));
#16836=DIRECTION('ref_axis',(0.707106781186523,0.707106781186572,0.));
#16837=DIRECTION('',(0.,0.,1.));
#16838=DIRECTION('center_axis',(-1.,0.,0.));
#16839=DIRECTION('ref_axis',(0.,0.70710678118656,0.707106781186535));
#16840=DIRECTION('',(1.,0.,0.));
#16841=DIRECTION('',(-1.,0.,0.));
#16842=DIRECTION('center_axis',(0.,1.,0.));
#16843=DIRECTION('ref_axis',(0.707106781186535,0.,0.70710678118656));
#16844=DIRECTION('',(0.,-1.,0.));
#16845=DIRECTION('center_axis',(0.,0.,1.));
#16846=DIRECTION('ref_axis',(0.707106781186523,-0.707106781186572,0.));
#16847=DIRECTION('',(0.,0.,-1.));
#16848=DIRECTION('center_axis',(0.,-1.,0.));
#16849=DIRECTION('ref_axis',(-0.70710678118656,0.,0.707106781186535));
#16850=DIRECTION('',(0.,1.,0.));
#16851=DIRECTION('',(0.,-1.,0.));
#16852=DIRECTION('center_axis',(0.,0.,1.));
#16853=DIRECTION('ref_axis',(-0.707106781186547,-0.707106781186547,0.));
#16854=DIRECTION('',(0.,0.,-1.));
#16855=DIRECTION('',(0.,0.,1.));
#16856=DIRECTION('center_axis',(1.,0.,0.));
#16857=DIRECTION('ref_axis',(0.,-0.70710678118656,0.707106781186535));
#16858=DIRECTION('',(-1.,0.,0.));
#16859=DIRECTION('',(1.,0.,0.));
#16860=DIRECTION('center_axis',(0.,-1.,0.));
#16861=DIRECTION('ref_axis',(1.,0.,0.));
#16862=DIRECTION('center_axis',(-1.,0.,0.));
#16863=DIRECTION('ref_axis',(0.,-1.,0.));
#16864=DIRECTION('center_axis',(0.,1.,0.));
#16865=DIRECTION('ref_axis',(-1.,0.,0.));
#16866=DIRECTION('center_axis',(0.,0.,1.));
#16867=DIRECTION('ref_axis',(1.,0.,0.));
#16868=DIRECTION('center_axis',(5.74904461011115E-33,2.83903437536353E-32,
1.));
#16869=DIRECTION('ref_axis',(1.,0.,-5.74904461011115E-33));
#16870=DIRECTION('',(0.,-1.,0.));
#16871=DIRECTION('',(1.,0.,0.));
#16872=DIRECTION('',(0.,1.,0.));
#16873=DIRECTION('',(-1.,0.,0.));
#16874=DIRECTION('center_axis',(-1.29752742936536E-32,-2.87452230505557E-33,
1.));
#16875=DIRECTION('ref_axis',(1.,0.,1.29752742936536E-32));
#16876=DIRECTION('',(0.,-1.,0.));
#16877=DIRECTION('',(-1.,0.,0.));
#16878=DIRECTION('',(0.,1.,0.));
#16879=DIRECTION('',(1.,0.,0.));
#16880=DIRECTION('center_axis',(-0.959365501571271,-2.44381171907139E-16,
-0.28216632399155));
#16881=DIRECTION('ref_axis',(-0.28216632399155,0.,0.959365501571271));
#16882=DIRECTION('',(-0.279399378113556,-0.139699689056778,0.949957885586091));
#16883=DIRECTION('',(-0.279399378113556,0.139699689056778,0.949957885586091));
#16884=DIRECTION('center_axis',(0.,0.989359135364853,-0.145493990494831));
#16885=DIRECTION('ref_axis',(0.,0.145493990494831,0.989359135364853));
#16886=DIRECTION('',(0.279399378113556,0.139699689056779,0.949957885586091));
#16887=DIRECTION('center_axis',(0.959365501571271,0.,-0.28216632399155));
#16888=DIRECTION('ref_axis',(-0.28216632399155,0.,-0.959365501571271));
#16889=DIRECTION('',(0.279399378113556,-0.139699689056778,0.949957885586091));
#16890=DIRECTION('center_axis',(0.,-0.989359135364853,-0.145493990494831));
#16891=DIRECTION('ref_axis',(0.,0.145493990494831,-0.989359135364853));
#16892=DIRECTION('center_axis',(0.,-1.,0.));
#16893=DIRECTION('ref_axis',(1.,0.,0.));
#16894=DIRECTION('',(1.,0.,0.));
#16895=DIRECTION('',(0.,0.,1.));
#16896=DIRECTION('',(1.,0.,0.));
#16897=DIRECTION('',(0.,0.,1.));
#16898=DIRECTION('center_axis',(-1.,0.,0.));
#16899=DIRECTION('ref_axis',(0.,-1.,0.));
#16900=DIRECTION('',(0.,-1.,0.));
#16901=DIRECTION('',(0.,-1.,0.));
#16902=DIRECTION('',(0.,0.,1.));
#16903=DIRECTION('center_axis',(0.,1.,0.));
#16904=DIRECTION('ref_axis',(-1.,0.,0.));
#16905=DIRECTION('',(-1.,0.,0.));
#16906=DIRECTION('',(-1.,0.,0.));
#16907=DIRECTION('',(0.,0.,1.));
#16908=DIRECTION('center_axis',(1.,0.,0.));
#16909=DIRECTION('ref_axis',(0.,1.,0.));
#16910=DIRECTION('',(0.,1.,0.));
#16911=DIRECTION('',(0.,1.,0.));
#16912=DIRECTION('center_axis',(0.,0.,1.));
#16913=DIRECTION('ref_axis',(1.,0.,0.));
#16914=DIRECTION('center_axis',(0.,0.,1.));
#16915=DIRECTION('ref_axis',(1.,0.,0.));
#16916=DIRECTION('',(0.,0.,1.));
#16917=DIRECTION('',(1.,0.,0.));
#16918=DIRECTION('',(0.,0.,1.));
#16919=DIRECTION('',(1.,0.,0.));
#16920=DIRECTION('axis',(0.,0.,1.));
#16921=DIRECTION('refdir',(1.,0.,0.));
#16922=DIRECTION('center_axis',(-0.408248290463861,-0.816496580927728,-0.408248290463861));
#16923=DIRECTION('ref_axis',(0.577350269189628,-0.577350269189624,0.577350269189626));
#16924=DIRECTION('center_axis',(1.22464679914735E-16,-7.49879891330929E-33,
1.));
#16925=DIRECTION('ref_axis',(1.,-6.12323399573677E-17,-1.22464679914735E-16));
#16926=DIRECTION('center_axis',(2.25173229467837E-15,-1.,-2.83256473634769E-31));
#16927=DIRECTION('ref_axis',(1.22464679914735E-16,-7.49879891331068E-33,
1.));
#16928=DIRECTION('center_axis',(1.,-6.12323399573677E-17,-1.22464679914735E-16));
#16929=DIRECTION('ref_axis',(-6.12323399573677E-17,-1.,0.));
#16930=DIRECTION('center_axis',(0.408248290463864,-0.816496580927725,-0.408248290463864));
#16931=DIRECTION('ref_axis',(-0.577350269189625,-0.577350269189627,0.577350269189625));
#16932=DIRECTION('center_axis',(1.22464679914735E-16,-7.49879891330929E-33,
1.));
#16933=DIRECTION('ref_axis',(-6.12323399573677E-17,-1.,-1.64214663788065E-47));
#16934=DIRECTION('center_axis',(-1.,6.12323399573677E-17,1.22464679914735E-16));
#16935=DIRECTION('ref_axis',(1.22464679914735E-16,-7.49879891330929E-33,
1.));
#16936=DIRECTION('center_axis',(-6.12323399573677E-17,-1.,0.));
#16937=DIRECTION('ref_axis',(-1.,6.12323399573677E-17,1.22464679914735E-16));
#16938=DIRECTION('center_axis',(1.,-6.12323399573677E-17,-1.22464679914735E-16));
#16939=DIRECTION('ref_axis',(4.32978028117744E-17,-0.707106781186547,0.707106781186547));
#16940=DIRECTION('',(-1.,6.12323399573677E-17,1.22464679914735E-16));
#16941=DIRECTION('',(1.,-6.12323399573677E-17,-1.22464679914735E-16));
#16942=DIRECTION('center_axis',(0.408248290463861,-0.816496580927727,0.408248290463863));
#16943=DIRECTION('ref_axis',(0.577350269189624,0.577350269189627,0.577350269189627));
#16944=DIRECTION('center_axis',(1.22464679914735E-16,-7.49879891330929E-33,
1.));
#16945=DIRECTION('ref_axis',(6.12323399573677E-17,1.,1.64214663788065E-47));
#16946=DIRECTION('center_axis',(1.,-6.12323399573677E-17,-1.22464679914735E-16));
#16947=DIRECTION('ref_axis',(1.22464679914735E-16,-7.49879891330929E-33,
1.));
#16948=DIRECTION('center_axis',(6.12323399573677E-17,1.,0.));
#16949=DIRECTION('ref_axis',(1.,-6.12323399573677E-17,-1.22464679914735E-16));
#16950=DIRECTION('center_axis',(0.408248290463861,-0.408248290463863,0.816496580927727));
#16951=DIRECTION('ref_axis',(0.577350269189624,-0.577350269189629,-0.577350269189625));
#16952=DIRECTION('center_axis',(1.,-6.12323399573677E-17,-1.22464679914735E-16));
#16953=DIRECTION('ref_axis',(-1.22464679914735E-16,7.49879891330929E-33,
-1.));
#16954=DIRECTION('center_axis',(-6.12323399573674E-17,-1.,2.31296463463574E-15));
#16955=DIRECTION('ref_axis',(1.,-6.12323399573677E-17,-1.22464679914735E-16));
#16956=DIRECTION('center_axis',(-1.22464679914735E-16,7.49879891330929E-33,
-1.));
#16957=DIRECTION('ref_axis',(-6.12323399573677E-17,-1.,-1.64214663788065E-47));
#16958=DIRECTION('center_axis',(-0.408248290463863,-0.816496580927726,0.408248290463863));
#16959=DIRECTION('ref_axis',(-0.577350269189626,0.577350269189626,0.577350269189626));
#16960=DIRECTION('center_axis',(-1.,6.12323399573677E-17,1.22464679914735E-16));
#16961=DIRECTION('ref_axis',(6.12323399573677E-17,1.,0.));
#16962=DIRECTION('center_axis',(1.22464679914735E-16,-7.49879891330929E-33,
1.));
#16963=DIRECTION('ref_axis',(-1.,6.12323399573677E-17,1.22464679914735E-16));
#16964=DIRECTION('center_axis',(6.12323399573677E-17,1.,0.));
#16965=DIRECTION('ref_axis',(1.22464679914735E-16,-7.49879891330927E-33,
1.));
#16966=DIRECTION('center_axis',(-0.816496580927725,0.408248290463864,0.408248290463864));
#16967=DIRECTION('ref_axis',(-0.577350269189626,-0.577350269189626,-0.577350269189625));
#16968=DIRECTION('center_axis',(-6.12323399573677E-17,-1.,0.));
#16969=DIRECTION('ref_axis',(-1.22464679914735E-16,7.49879891330927E-33,
-1.));
#16970=DIRECTION('center_axis',(-1.,6.12323399573677E-17,1.22464679914735E-16));
#16971=DIRECTION('ref_axis',(-6.12323399573677E-17,-1.,0.));
#16972=DIRECTION('center_axis',(-1.22464679914735E-16,7.49879891330929E-33,
-1.));
#16973=DIRECTION('ref_axis',(-1.,6.12323399573677E-17,1.22464679914735E-16));
#16974=DIRECTION('center_axis',(-1.,6.12323399573677E-17,1.22464679914735E-16));
#16975=DIRECTION('ref_axis',(-1.29893408435324E-16,-0.707106781186547,-0.707106781186548));
#16976=DIRECTION('',(1.,-6.12323399573677E-17,-1.22464679914735E-16));
#16977=DIRECTION('',(-1.,6.12323399573677E-17,1.22464679914735E-16));
#16978=DIRECTION('center_axis',(1.22464679914735E-16,-7.49879891330929E-33,
1.));
#16979=DIRECTION('ref_axis',(-0.707106781186548,-0.707106781186547,8.65956056235492E-17));
#16980=DIRECTION('',(1.22464679914735E-16,-7.49879891330929E-33,1.));
#16981=DIRECTION('',(1.22464679914735E-16,-7.49879891330929E-33,1.));
#16982=DIRECTION('center_axis',(-0.816496580927726,0.408248290463863,-0.408248290463863));
#16983=DIRECTION('ref_axis',(0.577350269189624,0.577350269189627,-0.577350269189626));
#16984=DIRECTION('center_axis',(6.12323399573677E-17,1.,0.));
#16985=DIRECTION('ref_axis',(-1.22464679914735E-16,7.49879891330927E-33,
-1.));
#16986=DIRECTION('center_axis',(1.,-6.12323399573677E-17,-1.22464679914735E-16));
#16987=DIRECTION('ref_axis',(6.12323399573677E-17,1.,0.));
#16988=DIRECTION('center_axis',(-1.22464679914735E-16,7.49879891330929E-33,
-1.));
#16989=DIRECTION('ref_axis',(1.,-6.12323399573677E-17,-1.22464679914735E-16));
#16990=DIRECTION('center_axis',(-0.816496580927726,-0.408248290463863,0.408248290463863));
#16991=DIRECTION('ref_axis',(-0.577350269189626,0.577350269189626,-0.577350269189626));
#16992=DIRECTION('center_axis',(-1.22464679914735E-16,7.49879891330929E-33,
-1.));
#16993=DIRECTION('ref_axis',(6.12323399573677E-17,1.,1.64214663788065E-47));
#16994=DIRECTION('center_axis',(-1.,6.12323399573677E-17,1.22464679914735E-16));
#16995=DIRECTION('ref_axis',(-1.22464679914735E-16,7.49879891330929E-33,
-1.));
#16996=DIRECTION('center_axis',(6.12323399573677E-17,1.,0.));
#16997=DIRECTION('ref_axis',(-1.,6.12323399573677E-17,1.22464679914735E-16));
#16998=DIRECTION('center_axis',(1.,-6.12323399573677E-17,-1.22464679914735E-16));
#16999=DIRECTION('ref_axis',(-4.32978028117744E-17,0.707106781186547,-0.707106781186547));
#17000=DIRECTION('',(-1.,6.12323399573677E-17,1.22464679914735E-16));
#17001=DIRECTION('',(1.,-6.12323399573677E-17,-1.22464679914735E-16));
#17002=DIRECTION('center_axis',(6.12323399573677E-17,1.,0.));
#17003=DIRECTION('ref_axis',(-0.707106781186548,4.32978028117747E-17,-0.707106781186547));
#17004=DIRECTION('',(-6.12323399573677E-17,-1.,0.));
#17005=DIRECTION('',(6.12323399573677E-17,1.,0.));
#17006=DIRECTION('center_axis',(1.22464679914735E-16,-7.49879891330929E-33,
1.));
#17007=DIRECTION('ref_axis',(-0.707106781186547,0.707106781186547,8.65956056235491E-17));
#17008=DIRECTION('',(-1.22464679914735E-16,7.49879891330929E-33,-1.));
#17009=DIRECTION('',(1.22464679914735E-16,-7.49879891330929E-33,1.));
#17010=DIRECTION('center_axis',(1.22464679914735E-16,-7.49879891330929E-33,
1.));
#17011=DIRECTION('ref_axis',(0.707106781186547,0.707106781186547,-8.65956056235491E-17));
#17012=DIRECTION('',(-1.22464679914735E-16,7.49879891330929E-33,-1.));
#17013=DIRECTION('',(1.22464679914735E-16,-7.49879891330929E-33,1.));
#17014=DIRECTION('center_axis',(-6.12323399573677E-17,-1.,0.));
#17015=DIRECTION('ref_axis',(0.707106781186547,-4.32978028117747E-17,-0.707106781186548));
#17016=DIRECTION('',(6.12323399573677E-17,1.,0.));
#17017=DIRECTION('',(-6.12323399573677E-17,-1.,0.));
#17018=DIRECTION('center_axis',(-6.12323399573677E-17,-1.,0.));
#17019=DIRECTION('ref_axis',(-0.707106781186548,4.32978028117747E-17,0.707106781186547));
#17020=DIRECTION('',(6.12323399573677E-17,1.,0.));
#17021=DIRECTION('',(-6.12323399573677E-17,-1.,0.));
#17022=DIRECTION('center_axis',(-1.,6.12323399573677E-17,1.22464679914735E-16));
#17023=DIRECTION('ref_axis',(1.29893408435324E-16,0.707106781186548,0.707106781186547));
#17024=DIRECTION('',(1.,-6.12323399573677E-17,-1.22464679914735E-16));
#17025=DIRECTION('',(-1.,6.12323399573677E-17,1.22464679914735E-16));
#17026=DIRECTION('center_axis',(1.22464679914735E-16,-7.49879891330929E-33,
1.));
#17027=DIRECTION('ref_axis',(0.707106781186547,-0.707106781186547,-8.65956056235491E-17));
#17028=DIRECTION('',(-1.22464679914735E-16,7.49879891330929E-33,-1.));
#17029=DIRECTION('',(1.22464679914735E-16,-7.49879891330929E-33,1.));
#17030=DIRECTION('center_axis',(6.12323399573677E-17,1.,0.));
#17031=DIRECTION('ref_axis',(0.707106781186548,-4.32978028117747E-17,0.707106781186547));
#17032=DIRECTION('',(-6.12323399573677E-17,-1.,0.));
#17033=DIRECTION('',(6.12323399573677E-17,1.,0.));
#17034=DIRECTION('center_axis',(-1.22464679914735E-16,7.49879891330929E-33,
-1.));
#17035=DIRECTION('ref_axis',(6.12323399573677E-17,1.,1.64214663788065E-47));
#17036=DIRECTION('center_axis',(6.12323399573677E-17,1.,0.));
#17037=DIRECTION('ref_axis',(1.22464679914735E-16,-7.49879891330927E-33,
1.));
#17038=DIRECTION('center_axis',(-1.22464679914735E-16,7.49879891330929E-33,
-1.));
#17039=DIRECTION('ref_axis',(6.12323399573677E-17,1.,1.64214663788065E-47));
#17040=DIRECTION('center_axis',(-6.12323399573677E-17,-1.,0.));
#17041=DIRECTION('ref_axis',(-1.22464679914735E-16,7.49879891330927E-33,
-1.));
#17042=DIRECTION('center_axis',(-1.,6.12323399573677E-17,1.22464679914735E-16));
#17043=DIRECTION('ref_axis',(1.22464679914735E-16,-7.49879891330929E-33,
1.));
#17044=DIRECTION('center_axis',(-0.816496580927725,-0.408248290463864,0.408248290463864));
#17045=DIRECTION('ref_axis',(0.577350269189627,-0.577350269189624,0.577350269189627));
#17046=DIRECTION('center_axis',(1.22464679914735E-16,-7.49879891330929E-33,
1.));
#17047=DIRECTION('ref_axis',(1.,-6.12323399573677E-17,-1.22464679914735E-16));
#17048=DIRECTION('center_axis',(2.25173229467838E-15,-1.,-2.83256473634769E-31));
#17049=DIRECTION('ref_axis',(1.22464679914735E-16,-7.4987989133095E-33,
1.));
#17050=DIRECTION('center_axis',(1.,-6.12323399573677E-17,-1.22464679914735E-16));
#17051=DIRECTION('ref_axis',(-6.12323399573677E-17,-1.,0.));
#17052=DIRECTION('center_axis',(0.408248290463861,-0.816496580927727,-0.408248290463863));
#17053=DIRECTION('ref_axis',(-0.577350269189624,-0.577350269189627,0.577350269189627));
#17054=DIRECTION('center_axis',(1.22464679914735E-16,-7.49879891330929E-33,
1.));
#17055=DIRECTION('ref_axis',(-6.12323399573677E-17,-1.,-1.64214663788065E-47));
#17056=DIRECTION('center_axis',(-1.,6.12323399573677E-17,1.22464679914735E-16));
#17057=DIRECTION('ref_axis',(1.22464679914735E-16,-7.49879891330929E-33,
1.));
#17058=DIRECTION('center_axis',(-6.12323399573677E-17,-1.,0.));
#17059=DIRECTION('ref_axis',(-1.,6.12323399573677E-17,1.22464679914735E-16));
#17060=DIRECTION('center_axis',(1.,-6.12323399573677E-17,-1.22464679914735E-16));
#17061=DIRECTION('ref_axis',(4.32978028117744E-17,-0.707106781186547,0.707106781186547));
#17062=DIRECTION('',(-1.,6.12323399573677E-17,1.22464679914735E-16));
#17063=DIRECTION('',(1.,-6.12323399573677E-17,-1.22464679914735E-16));
#17064=DIRECTION('center_axis',(-0.408248290463863,-0.408248290463863,0.816496580927726));
#17065=DIRECTION('ref_axis',(0.577350269189626,0.577350269189626,0.577350269189626));
#17066=DIRECTION('center_axis',(1.22464679914735E-16,-7.49879891330929E-33,
1.));
#17067=DIRECTION('ref_axis',(6.12323399573677E-17,1.,1.64214663788065E-47));
#17068=DIRECTION('center_axis',(1.,-6.12323399573677E-17,-1.22464679914735E-16));
#17069=DIRECTION('ref_axis',(1.22464679914735E-16,-7.49879891330929E-33,
1.));
#17070=DIRECTION('center_axis',(6.12323399573677E-17,1.,0.));
#17071=DIRECTION('ref_axis',(1.,-6.12323399573677E-17,-1.22464679914735E-16));
#17072=DIRECTION('center_axis',(0.408248290463861,-0.408248290463864,0.816496580927727));
#17073=DIRECTION('ref_axis',(0.577350269189624,-0.577350269189628,-0.577350269189626));
#17074=DIRECTION('center_axis',(1.,-6.12323399573677E-17,-1.22464679914735E-16));
#17075=DIRECTION('ref_axis',(-1.22464679914735E-16,7.49879891330929E-33,
-1.));
#17076=DIRECTION('center_axis',(-6.12323399573674E-17,-1.,2.31296463463574E-15));
#17077=DIRECTION('ref_axis',(1.,-6.12323399573677E-17,-1.22464679914735E-16));
#17078=DIRECTION('center_axis',(-1.22464679914735E-16,7.49879891330929E-33,
-1.));
#17079=DIRECTION('ref_axis',(-6.12323399573677E-17,-1.,-1.64214663788065E-47));
#17080=DIRECTION('center_axis',(-0.408248290463866,-0.816496580927724,0.408248290463863));
#17081=DIRECTION('ref_axis',(-0.577350269189625,0.577350269189627,0.577350269189625));
#17082=DIRECTION('center_axis',(-1.,6.12323399573677E-17,1.22464679914735E-16));
#17083=DIRECTION('ref_axis',(6.12323399573677E-17,1.,0.));
#17084=DIRECTION('center_axis',(1.22464679914735E-16,-7.49879891330929E-33,
1.));
#17085=DIRECTION('ref_axis',(-1.,6.12323399573677E-17,1.22464679914735E-16));
#17086=DIRECTION('center_axis',(6.12323399573677E-17,1.,0.));
#17087=DIRECTION('ref_axis',(1.22464679914735E-16,-7.49879891330927E-33,
1.));
#17088=DIRECTION('center_axis',(-0.816496580927726,0.408248290463863,0.408248290463862));
#17089=DIRECTION('ref_axis',(-0.577350269189625,-0.577350269189627,-0.577350269189626));
#17090=DIRECTION('center_axis',(-6.12323399573677E-17,-1.,0.));
#17091=DIRECTION('ref_axis',(-1.22464679914735E-16,7.49879891330927E-33,
-1.));
#17092=DIRECTION('center_axis',(-1.,6.12323399573677E-17,1.22464679914735E-16));
#17093=DIRECTION('ref_axis',(-6.12323399573677E-17,-1.,0.));
#17094=DIRECTION('center_axis',(-1.22464679914735E-16,7.49879891330929E-33,
-1.));
#17095=DIRECTION('ref_axis',(-1.,6.12323399573677E-17,1.22464679914735E-16));
#17096=DIRECTION('center_axis',(-1.,6.12323399573677E-17,1.22464679914735E-16));
#17097=DIRECTION('ref_axis',(-1.29893408435324E-16,-0.707106781186547,-0.707106781186548));
#17098=DIRECTION('',(1.,-6.12323399573677E-17,-1.22464679914735E-16));
#17099=DIRECTION('',(-1.,6.12323399573677E-17,1.22464679914735E-16));
#17100=DIRECTION('center_axis',(1.22464679914735E-16,-7.49879891330929E-33,
1.));
#17101=DIRECTION('ref_axis',(-0.707106781186548,-0.707106781186547,8.65956056235492E-17));
#17102=DIRECTION('',(-1.22464679914735E-16,7.49879891330929E-33,-1.));
#17103=DIRECTION('',(1.22464679914735E-16,-7.49879891330929E-33,1.));
#17104=DIRECTION('center_axis',(-0.816496580927726,0.408248290463863,-0.408248290463863));
#17105=DIRECTION('ref_axis',(0.577350269189626,0.577350269189626,-0.577350269189626));
#17106=DIRECTION('center_axis',(6.12323399573677E-17,1.,0.));
#17107=DIRECTION('ref_axis',(-1.22464679914735E-16,7.49879891330927E-33,
-1.));
#17108=DIRECTION('center_axis',(1.,-6.12323399573677E-17,-1.22464679914735E-16));
#17109=DIRECTION('ref_axis',(6.12323399573677E-17,1.,0.));
#17110=DIRECTION('center_axis',(-1.22464679914735E-16,7.49879891330929E-33,
-1.));
#17111=DIRECTION('ref_axis',(1.,-6.12323399573677E-17,-1.22464679914735E-16));
#17112=DIRECTION('center_axis',(-0.816496580927726,-0.408248290463863,0.408248290463863));
#17113=DIRECTION('ref_axis',(-0.577350269189624,0.577350269189627,-0.577350269189626));
#17114=DIRECTION('center_axis',(-1.22464679914735E-16,7.49879891330929E-33,
-1.));
#17115=DIRECTION('ref_axis',(6.12323399573677E-17,1.,1.64214663788065E-47));
#17116=DIRECTION('center_axis',(-1.,6.12323399573677E-17,1.22464679914735E-16));
#17117=DIRECTION('ref_axis',(-1.22464679914735E-16,7.49879891330929E-33,
-1.));
#17118=DIRECTION('center_axis',(6.12323399573677E-17,1.,0.));
#17119=DIRECTION('ref_axis',(-1.,6.12323399573677E-17,1.22464679914735E-16));
#17120=DIRECTION('center_axis',(1.,-6.12323399573677E-17,-1.22464679914735E-16));
#17121=DIRECTION('ref_axis',(-4.32978028117744E-17,0.707106781186547,-0.707106781186547));
#17122=DIRECTION('',(-1.,6.12323399573677E-17,1.22464679914735E-16));
#17123=DIRECTION('',(1.,-6.12323399573677E-17,-1.22464679914735E-16));
#17124=DIRECTION('center_axis',(6.12323399573677E-17,1.,0.));
#17125=DIRECTION('ref_axis',(-0.707106781186548,4.32978028117747E-17,-0.707106781186547));
#17126=DIRECTION('',(-6.12323399573677E-17,-1.,0.));
#17127=DIRECTION('',(6.12323399573677E-17,1.,0.));
#17128=DIRECTION('center_axis',(1.22464679914735E-16,-7.49879891330929E-33,
1.));
#17129=DIRECTION('ref_axis',(-0.707106781186547,0.707106781186547,8.65956056235491E-17));
#17130=DIRECTION('',(-1.22464679914735E-16,7.49879891330929E-33,-1.));
#17131=DIRECTION('',(1.22464679914735E-16,-7.49879891330929E-33,1.));
#17132=DIRECTION('center_axis',(1.22464679914735E-16,-7.49879891330929E-33,
1.));
#17133=DIRECTION('ref_axis',(0.707106781186547,0.707106781186548,-8.6595605623549E-17));
#17134=DIRECTION('',(1.22464679914735E-16,-7.49879891330929E-33,1.));
#17135=DIRECTION('',(1.22464679914735E-16,-7.49879891330929E-33,1.));
#17136=DIRECTION('center_axis',(-6.12323399573677E-17,-1.,0.));
#17137=DIRECTION('ref_axis',(0.707106781186547,-4.32978028117747E-17,-0.707106781186548));
#17138=DIRECTION('',(6.12323399573677E-17,1.,0.));
#17139=DIRECTION('',(-6.12323399573677E-17,-1.,0.));
#17140=DIRECTION('center_axis',(-6.12323399573677E-17,-1.,0.));
#17141=DIRECTION('ref_axis',(-0.707106781186548,4.32978028117747E-17,0.707106781186547));
#17142=DIRECTION('',(6.12323399573677E-17,1.,0.));
#17143=DIRECTION('',(-6.12323399573677E-17,-1.,0.));
#17144=DIRECTION('center_axis',(-1.,6.12323399573677E-17,1.22464679914735E-16));
#17145=DIRECTION('ref_axis',(1.29893408435324E-16,0.707106781186548,0.707106781186547));
#17146=DIRECTION('',(1.,-6.12323399573677E-17,-1.22464679914735E-16));
#17147=DIRECTION('',(-1.,6.12323399573677E-17,1.22464679914735E-16));
#17148=DIRECTION('center_axis',(1.22464679914735E-16,-7.49879891330929E-33,
1.));
#17149=DIRECTION('ref_axis',(0.707106781186547,-0.707106781186548,-8.6595605623549E-17));
#17150=DIRECTION('',(-1.22464679914735E-16,7.49879891330929E-33,-1.));
#17151=DIRECTION('',(1.22464679914735E-16,-7.49879891330929E-33,1.));
#17152=DIRECTION('center_axis',(6.12323399573677E-17,1.,0.));
#17153=DIRECTION('ref_axis',(0.707106781186548,-4.32978028117747E-17,0.707106781186547));
#17154=DIRECTION('',(-6.12323399573677E-17,-1.,0.));
#17155=DIRECTION('',(6.12323399573677E-17,1.,0.));
#17156=DIRECTION('center_axis',(-1.22464679914735E-16,7.49879891330929E-33,
-1.));
#17157=DIRECTION('ref_axis',(6.12323399573677E-17,1.,1.64214663788065E-47));
#17158=DIRECTION('center_axis',(6.12323399573677E-17,1.,0.));
#17159=DIRECTION('ref_axis',(1.22464679914735E-16,-7.49879891330927E-33,
1.));
#17160=DIRECTION('center_axis',(1.,-6.12323399573677E-17,-1.22464679914735E-16));
#17161=DIRECTION('ref_axis',(-1.22464679914735E-16,7.49879891330929E-33,
-1.));
#17162=DIRECTION('center_axis',(-1.22464679914735E-16,7.49879891330929E-33,
-1.));
#17163=DIRECTION('ref_axis',(6.12323399573677E-17,1.,1.64214663788065E-47));
#17164=DIRECTION('center_axis',(-6.12323399573677E-17,-1.,0.));
#17165=DIRECTION('ref_axis',(-1.22464679914735E-16,7.49879891330927E-33,
-1.));
#17166=DIRECTION('center_axis',(-1.22464679914735E-16,7.49879891330929E-33,
-1.));
#17167=DIRECTION('ref_axis',(6.12323399573677E-17,1.,1.64214663788065E-47));
#17168=DIRECTION('',(1.,-6.12323399573677E-17,-1.22464679914735E-16));
#17169=DIRECTION('',(-6.12323399573677E-17,-1.,0.));
#17170=DIRECTION('',(-1.,6.12323399573677E-17,1.22464679914735E-16));
#17171=DIRECTION('',(6.12323399573677E-17,1.,0.));
#17172=DIRECTION('center_axis',(-1.22464679914735E-16,7.49879891330929E-33,
-1.));
#17173=DIRECTION('ref_axis',(6.12323399573677E-17,1.,1.64214663788065E-47));
#17174=DIRECTION('',(-1.,6.12323399573677E-17,1.22464679914735E-16));
#17175=DIRECTION('',(-6.12323399573677E-17,-1.,0.));
#17176=DIRECTION('',(1.,-6.12323399573677E-17,-1.22464679914735E-16));
#17177=DIRECTION('',(6.12323399573677E-17,1.,0.));
#17178=DIRECTION('center_axis',(1.,-6.12323399573677E-17,-1.22464679914735E-16));
#17179=DIRECTION('ref_axis',(-1.22464679914735E-16,7.49879891330929E-33,
-1.));
#17180=DIRECTION('',(1.22464679914735E-16,-7.49879891330929E-33,1.));
#17181=DIRECTION('',(1.22464679914735E-16,-7.49879891330929E-33,1.));
#17182=DIRECTION('center_axis',(6.12323399573677E-17,1.,0.));
#17183=DIRECTION('ref_axis',(1.22464679914735E-16,-7.49879891330927E-33,
1.));
#17184=DIRECTION('',(1.22464679914735E-16,-7.49879891330929E-33,1.));
#17185=DIRECTION('center_axis',(-1.,6.12323399573677E-17,1.22464679914735E-16));
#17186=DIRECTION('ref_axis',(1.22464679914735E-16,-7.49879891330929E-33,
1.));
#17187=DIRECTION('',(1.22464679914735E-16,-7.49879891330929E-33,1.));
#17188=DIRECTION('center_axis',(-6.12323399573677E-17,-1.,0.));
#17189=DIRECTION('ref_axis',(-1.22464679914735E-16,7.49879891330927E-33,
-1.));
#17190=DIRECTION('axis',(0.,0.,1.));
#17191=DIRECTION('refdir',(1.,0.,0.));
#17192=DIRECTION('axis',(0.,0.,1.));
#17193=DIRECTION('refdir',(1.,0.,0.));
#17194=DIRECTION('',(0.,0.,1.));
#17195=DIRECTION('',(1.,0.,0.));
#17196=DIRECTION('',(0.,0.,1.));
#17197=DIRECTION('',(-2.22044604925031E-16,1.,0.));
#17198=DIRECTION('',(0.,0.,1.));
#17199=DIRECTION('',(-1.,1.22464679914735E-16,0.));
#17200=DIRECTION('',(0.,0.,1.));
#17201=DIRECTION('',(1.,0.,0.));
#17202=DIRECTION('',(0.,0.,1.));
#17203=DIRECTION('',(1.,0.,0.));
#17204=DIRECTION('',(0.,0.,1.));
#17205=DIRECTION('',(-1.,1.22464679914735E-16,0.));
#17206=DIRECTION('',(1.22464679914735E-16,0.,-1.));
#17207=DIRECTION('',(2.22044604925031E-16,-1.,2.71926214689378E-32));
#17208=DIRECTION('',(1.22464679914735E-16,0.,-1.));
#17209=DIRECTION('',(2.22044604925031E-16,1.,2.71926214689378E-32));
#17210=DIRECTION('',(0.,0.,1.));
#17211=DIRECTION('',(-1.,1.22464679914735E-16,0.));
#17212=DIRECTION('',(0.,0.,1.));
#17213=DIRECTION('',(-1.,1.22464679914735E-16,0.));
#17214=DIRECTION('',(0.,0.,1.));
#17215=DIRECTION('',(1.,0.,0.));
#17216=DIRECTION('',(0.,0.,1.));
#17217=DIRECTION('',(1.,0.,0.));
#17218=DIRECTION('',(0.,0.,1.));
#17219=DIRECTION('',(-1.,1.22464679914735E-16,0.));
#17220=DIRECTION('',(0.,0.,1.));
#17221=DIRECTION('',(-1.,1.22464679914735E-16,0.));
#17222=DIRECTION('',(0.,0.,1.));
#17223=DIRECTION('',(-2.22044604925031E-16,-1.,0.));
#17224=DIRECTION('',(1.22464679914735E-16,0.,-1.));
#17225=DIRECTION('',(1.,1.22464679914735E-16,1.22464679914735E-16));
#17226=DIRECTION('',(1.22464679914735E-16,0.,-1.));
#17227=DIRECTION('',(1.,1.22464679914735E-16,1.22464679914735E-16));
#17228=DIRECTION('',(1.22464679914735E-16,0.,-1.));
#17229=DIRECTION('',(1.,1.22464679914735E-16,1.22464679914735E-16));
#17230=DIRECTION('',(1.22464679914735E-16,0.,-1.));
#17231=DIRECTION('',(1.,1.22464679914735E-16,1.22464679914735E-16));
#17232=DIRECTION('',(1.22464679914735E-16,0.,-1.));
#17233=DIRECTION('',(1.,1.22464679914735E-16,1.22464679914735E-16));
#17234=DIRECTION('',(0.,0.,1.));
#17235=DIRECTION('',(1.,0.,0.));
#17236=DIRECTION('',(0.,0.,1.));
#17237=DIRECTION('',(1.,0.,0.));
#17238=DIRECTION('',(0.,0.,1.));
#17239=DIRECTION('',(1.,0.,0.));
#17240=DIRECTION('',(0.,0.,1.));
#17241=DIRECTION('',(1.,0.,0.));
#17242=DIRECTION('center_axis',(0.,0.,1.));
#17243=DIRECTION('ref_axis',(1.,0.,0.));
#17244=CARTESIAN_POINT('',(0.,0.,0.));
#17245=CARTESIAN_POINT('',(0.,0.,0.));
#17246=CARTESIAN_POINT('Origin',(1.8378875,22.389359,-200.));
#17247=CARTESIAN_POINT('',(1.3378875,22.389359,0.));
#17248=CARTESIAN_POINT('Origin',(1.8378875,22.389359,0.));
#17249=CARTESIAN_POINT('',(1.3378875,22.389359,1.57));
#17250=CARTESIAN_POINT('',(1.3378875,22.389359,-200.));
#17251=CARTESIAN_POINT('Origin',(1.8378875,22.389359,1.57));
#17252=CARTESIAN_POINT('Origin',(7.177,0.7605,-200.));
#17253=CARTESIAN_POINT('',(7.002,0.7605,0.));
#17254=CARTESIAN_POINT('Origin',(7.177,0.7605,0.));
#17255=CARTESIAN_POINT('',(7.002,0.7605,1.57));
#17256=CARTESIAN_POINT('',(7.002,0.7605,-200.));
#17257=CARTESIAN_POINT('Origin',(7.177,0.7605,1.57));
#17258=CARTESIAN_POINT('Origin',(1.577,0.7605,-200.));
#17259=CARTESIAN_POINT('',(1.402,0.7605,0.));
#17260=CARTESIAN_POINT('Origin',(1.577,0.7605,0.));
#17261=CARTESIAN_POINT('',(1.402,0.7605,1.57));
#17262=CARTESIAN_POINT('',(1.402,0.7605,-200.));
#17263=CARTESIAN_POINT('Origin',(1.577,0.7605,1.57));
#17264=CARTESIAN_POINT('Origin',(6.7643969,16.113631,-200.));
#17265=CARTESIAN_POINT('',(6.6643969,16.113631,0.));
#17266=CARTESIAN_POINT('Origin',(6.7643969,16.113631,0.));
#17267=CARTESIAN_POINT('',(6.6643969,16.113631,1.57));
#17268=CARTESIAN_POINT('',(6.6643969,16.113631,-200.));
#17269=CARTESIAN_POINT('Origin',(6.7643969,16.113631,1.57));
#17270=CARTESIAN_POINT('Origin',(6.9178875,22.389359,-200.));
#17271=CARTESIAN_POINT('',(6.4178875,22.389359,0.));
#17272=CARTESIAN_POINT('Origin',(6.9178875,22.389359,0.));
#17273=CARTESIAN_POINT('',(6.4178875,22.389359,1.57));
#17274=CARTESIAN_POINT('',(6.4178875,22.389359,-200.));
#17275=CARTESIAN_POINT('Origin',(6.9178875,22.389359,1.57));
#17276=CARTESIAN_POINT('Origin',(6.6465469,15.137925,-200.));
#17277=CARTESIAN_POINT('',(6.5465469,15.137925,0.));
#17278=CARTESIAN_POINT('Origin',(6.6465469,15.137925,0.));
#17279=CARTESIAN_POINT('',(6.5465469,15.137925,1.57));
#17280=CARTESIAN_POINT('',(6.5465469,15.137925,-200.));
#17281=CARTESIAN_POINT('Origin',(6.6465469,15.137925,1.57));
#17282=CARTESIAN_POINT('Origin',(0.98653438,14.3159,-200.));
#17283=CARTESIAN_POINT('',(0.88653438,14.3159,0.));
#17284=CARTESIAN_POINT('Origin',(0.98653438,14.3159,0.));
#17285=CARTESIAN_POINT('',(0.88653438,14.3159,1.57));
#17286=CARTESIAN_POINT('',(0.88653438,14.3159,-200.));
#17287=CARTESIAN_POINT('Origin',(0.98653438,14.3159,1.57));
#17288=CARTESIAN_POINT('Origin',(6.7122031,16.882275,-200.));
#17289=CARTESIAN_POINT('',(6.6122031,16.882275,0.));
#17290=CARTESIAN_POINT('Origin',(6.7122031,16.882275,0.));
#17291=CARTESIAN_POINT('',(6.6122031,16.882275,1.57));
#17292=CARTESIAN_POINT('',(6.6122031,16.882275,-200.));
#17293=CARTESIAN_POINT('Origin',(6.7122031,16.882275,1.57));
#17294=CARTESIAN_POINT('Origin',(4.377,10.8015,-200.));
#17295=CARTESIAN_POINT('',(2.827,10.8015,0.));
#17296=CARTESIAN_POINT('Origin',(4.377,10.8015,0.));
#17297=CARTESIAN_POINT('',(2.827,10.8015,1.57));
#17298=CARTESIAN_POINT('',(2.827,10.8015,-200.));
#17299=CARTESIAN_POINT('Origin',(4.377,10.8015,1.57));
#17300=CARTESIAN_POINT('Origin',(4.40875,16.03375,-200.));
#17301=CARTESIAN_POINT('',(4.30875,16.03375,0.));
#17302=CARTESIAN_POINT('Origin',(4.40875,16.03375,0.));
#17303=CARTESIAN_POINT('',(4.30875,16.03375,1.57));
#17304=CARTESIAN_POINT('',(4.30875,16.03375,-200.));
#17305=CARTESIAN_POINT('Origin',(4.40875,16.03375,1.57));
#17306=CARTESIAN_POINT('Origin',(0.53604375,15.950428,-200.));
#17307=CARTESIAN_POINT('',(0.43604375,15.950428,0.));
#17308=CARTESIAN_POINT('Origin',(0.53604375,15.950428,0.));
#17309=CARTESIAN_POINT('',(0.43604375,15.950428,1.57));
#17310=CARTESIAN_POINT('',(0.43604375,15.950428,-200.));
#17311=CARTESIAN_POINT('Origin',(0.53604375,15.950428,1.57));
#17312=CARTESIAN_POINT('Origin',(3.933,1.778,-200.));
#17313=CARTESIAN_POINT('',(3.833,1.778,0.));
#17314=CARTESIAN_POINT('Origin',(3.933,1.778,0.));
#17315=CARTESIAN_POINT('',(3.833,1.778,1.57));
#17316=CARTESIAN_POINT('',(3.833,1.778,-200.));
#17317=CARTESIAN_POINT('Origin',(3.933,1.778,1.57));
#17318=CARTESIAN_POINT('Origin',(4.3778875,23.999359,-200.));
#17319=CARTESIAN_POINT('',(4.87788708911883,24.,0.));
#17320=CARTESIAN_POINT('',(4.87788708911883,24.,1.57));
#17321=CARTESIAN_POINT('',(4.87788708911883,24.,-200.));
#17322=CARTESIAN_POINT('',(3.87788791088117,24.,0.));
#17323=CARTESIAN_POINT('Origin',(4.3778875,23.999359,0.));
#17324=CARTESIAN_POINT('',(3.87788791088117,24.,1.57));
#17325=CARTESIAN_POINT('',(3.87788791088117,24.,-200.));
#17326=CARTESIAN_POINT('Origin',(4.3778875,23.999359,1.57));
#17327=CARTESIAN_POINT('Origin',(4.4610094,7.3730156,-200.));
#17328=CARTESIAN_POINT('',(4.3610094,7.3730156,0.));
#17329=CARTESIAN_POINT('Origin',(4.4610094,7.3730156,0.));
#17330=CARTESIAN_POINT('',(4.3610094,7.3730156,1.57));
#17331=CARTESIAN_POINT('',(4.3610094,7.3730156,-200.));
#17332=CARTESIAN_POINT('Origin',(4.4610094,7.3730156,1.57));
#17333=CARTESIAN_POINT('Origin',(0.5978,21.017841,-200.));
#17334=CARTESIAN_POINT('',(0.4978,21.017841,0.));
#17335=CARTESIAN_POINT('Origin',(0.5978,21.017841,0.));
#17336=CARTESIAN_POINT('',(0.4978,21.017841,1.57));
#17337=CARTESIAN_POINT('',(0.4978,21.017841,-200.));
#17338=CARTESIAN_POINT('Origin',(0.5978,21.017841,1.57));
#17339=CARTESIAN_POINT('Origin',(5.203,2.032,-200.));
#17340=CARTESIAN_POINT('',(5.103,2.032,0.));
#17341=CARTESIAN_POINT('Origin',(5.203,2.032,0.));
#17342=CARTESIAN_POINT('',(5.103,2.032,1.57));
#17343=CARTESIAN_POINT('',(5.103,2.032,-200.));
#17344=CARTESIAN_POINT('Origin',(5.203,2.032,1.57));
#17345=CARTESIAN_POINT('Origin',(1.8378875,23.999359,-200.));
#17346=CARTESIAN_POINT('',(2.33788708911883,24.,0.));
#17347=CARTESIAN_POINT('',(2.33788708911883,24.,1.57));
#17348=CARTESIAN_POINT('',(2.33788708911883,24.,-200.));
#17349=CARTESIAN_POINT('',(1.33788791088117,24.,0.));
#17350=CARTESIAN_POINT('Origin',(1.8378875,23.999359,0.));
#17351=CARTESIAN_POINT('',(1.33788791088117,24.,1.57));
#17352=CARTESIAN_POINT('',(1.33788791088117,24.,-200.));
#17353=CARTESIAN_POINT('Origin',(1.8378875,23.999359,1.57));
#17354=CARTESIAN_POINT('Origin',(2.032,16.5735,-200.));
#17355=CARTESIAN_POINT('',(1.932,16.5735,0.));
#17356=CARTESIAN_POINT('Origin',(2.032,16.5735,0.));
#17357=CARTESIAN_POINT('',(1.932,16.5735,1.57));
#17358=CARTESIAN_POINT('',(1.932,16.5735,-200.));
#17359=CARTESIAN_POINT('Origin',(2.032,16.5735,1.57));
#17360=CARTESIAN_POINT('Origin',(6.9178875,23.999359,-200.));
#17361=CARTESIAN_POINT('',(7.41788708911883,24.,0.));
#17362=CARTESIAN_POINT('',(7.41788708911883,24.,1.57));
#17363=CARTESIAN_POINT('',(7.41788708911883,24.,-200.));
#17364=CARTESIAN_POINT('',(6.41788791088117,24.,0.));
#17365=CARTESIAN_POINT('Origin',(6.9178875,23.999359,0.));
#17366=CARTESIAN_POINT('',(6.41788791088117,24.,1.57));
#17367=CARTESIAN_POINT('',(6.41788791088117,24.,-200.));
#17368=CARTESIAN_POINT('Origin',(6.9178875,23.999359,1.57));
#17369=CARTESIAN_POINT('Origin',(2.032,15.748,-200.));
#17370=CARTESIAN_POINT('',(1.932,15.748,0.));
#17371=CARTESIAN_POINT('Origin',(2.032,15.748,0.));
#17372=CARTESIAN_POINT('',(1.932,15.748,1.57));
#17373=CARTESIAN_POINT('',(1.932,15.748,-200.));
#17374=CARTESIAN_POINT('Origin',(2.032,15.748,1.57));
#17375=CARTESIAN_POINT('Origin',(4.3778875,22.389359,-200.));
#17376=CARTESIAN_POINT('',(3.8778875,22.389359,0.));
#17377=CARTESIAN_POINT('Origin',(4.3778875,22.389359,0.));
#17378=CARTESIAN_POINT('',(3.8778875,22.389359,1.57));
#17379=CARTESIAN_POINT('',(3.8778875,22.389359,-200.));
#17380=CARTESIAN_POINT('Origin',(4.3778875,22.389359,1.57));
#17381=CARTESIAN_POINT('Origin',(3.5271562,17.712097,-200.));
#17382=CARTESIAN_POINT('',(3.4271562,17.712097,0.));
#17383=CARTESIAN_POINT('Origin',(3.5271562,17.712097,0.));
#17384=CARTESIAN_POINT('',(3.4271562,17.712097,1.57));
#17385=CARTESIAN_POINT('',(3.4271562,17.712097,-200.));
#17386=CARTESIAN_POINT('Origin',(3.5271562,17.712097,1.57));
#17387=CARTESIAN_POINT('Origin',(0.508,19.177,-200.));
#17388=CARTESIAN_POINT('',(0.408,19.177,0.));
#17389=CARTESIAN_POINT('Origin',(0.508,19.177,0.));
#17390=CARTESIAN_POINT('',(0.408,19.177,1.57));
#17391=CARTESIAN_POINT('',(0.408,19.177,-200.));
#17392=CARTESIAN_POINT('Origin',(0.508,19.177,1.57));
#17393=CARTESIAN_POINT('Origin',(3.877,4.826,-200.));
#17394=CARTESIAN_POINT('',(3.777,4.826,0.));
#17395=CARTESIAN_POINT('Origin',(3.877,4.826,0.));
#17396=CARTESIAN_POINT('',(3.777,4.826,1.57));
#17397=CARTESIAN_POINT('',(3.777,4.826,-200.));
#17398=CARTESIAN_POINT('Origin',(3.877,4.826,1.57));
#17399=CARTESIAN_POINT('Origin',(8.05400001875643,24.,0.));
#17400=CARTESIAN_POINT('',(8.05400001875643,24.,1.57));
#17401=CARTESIAN_POINT('',(8.05400001875643,24.,1.57));
#17402=CARTESIAN_POINT('',(8.05400001875643,24.,0.));
#17403=CARTESIAN_POINT('',(8.05400001875643,24.,0.));
#17404=CARTESIAN_POINT('',(8.05400001875643,24.,0.));
#17405=CARTESIAN_POINT('Origin',(8.05400001875643,24.,0.));
#17406=CARTESIAN_POINT('',(0.700000018756428,24.,0.));
#17407=CARTESIAN_POINT('',(8.05400001875643,24.,0.));
#17408=CARTESIAN_POINT('',(0.700000018756428,24.,1.57));
#17409=CARTESIAN_POINT('',(0.700000018756428,24.,0.));
#17410=CARTESIAN_POINT('',(8.05400001875643,24.,1.57));
#17411=CARTESIAN_POINT('Origin',(8.05400001875643,24.,0.));
#17412=CARTESIAN_POINT('',(8.05400001875643,24.,1.57));
#17413=CARTESIAN_POINT('',(8.05400001875643,24.,0.));
#17414=CARTESIAN_POINT('Origin',(8.05400001875643,24.,0.));
#17415=CARTESIAN_POINT('',(8.05400001875643,24.,0.));
#17416=CARTESIAN_POINT('',(8.05400001875643,24.,1.57));
#17417=CARTESIAN_POINT('Origin',(4.377,12.,1.57));
#17418=CARTESIAN_POINT('',(8.32667268468867E-16,23.2999999675129,1.57));
#17419=CARTESIAN_POINT('Origin',(0.7,23.3,1.57));
#17420=CARTESIAN_POINT('',(8.32667268468867E-16,0.699999967512857,1.57));
#17421=CARTESIAN_POINT('',(8.32667268468867E-16,23.2999999675129,1.57));
#17422=CARTESIAN_POINT('',(0.700000013730717,0.,1.57));
#17423=CARTESIAN_POINT('Origin',(0.7,0.7,1.57));
#17424=CARTESIAN_POINT('',(8.05400001373072,0.,1.57));
#17425=CARTESIAN_POINT('',(0.700000013730717,1.38777878078145E-16,1.57));
#17426=CARTESIAN_POINT('',(8.754,0.69999999497429,1.57));
#17427=CARTESIAN_POINT('Origin',(8.054,0.7,1.57));
#17428=CARTESIAN_POINT('',(8.754,23.3,1.57));
#17429=CARTESIAN_POINT('',(8.754,0.69999999497429,1.57));
#17430=CARTESIAN_POINT('Origin',(8.054,23.3,1.57));
#17431=CARTESIAN_POINT('Origin',(4.377,12.,0.));
#17432=CARTESIAN_POINT('',(8.754,23.3,0.));
#17433=CARTESIAN_POINT('Origin',(8.054,23.3,0.));
#17434=CARTESIAN_POINT('',(8.754,0.69999999497429,0.));
#17435=CARTESIAN_POINT('',(8.754,0.69999999497429,0.));
#17436=CARTESIAN_POINT('',(8.05400001373072,1.38777878078145E-16,0.));
#17437=CARTESIAN_POINT('Origin',(8.054,0.7,0.));
#17438=CARTESIAN_POINT('',(0.700000013730717,1.38777878078145E-16,0.));
#17439=CARTESIAN_POINT('',(0.700000013730717,1.38777878078145E-16,0.));
#17440=CARTESIAN_POINT('',(8.32667268468867E-16,0.699999967512857,0.));
#17441=CARTESIAN_POINT('Origin',(0.7,0.7,0.));
#17442=CARTESIAN_POINT('',(8.32667268468867E-16,23.2999999675129,0.));
#17443=CARTESIAN_POINT('',(8.32667268468867E-16,23.2999999675129,0.));
#17444=CARTESIAN_POINT('Origin',(0.7,23.3,0.));
#17445=CARTESIAN_POINT('Origin',(0.7,23.3,0.));
#17446=CARTESIAN_POINT('',(8.32667268468867E-16,23.2999999675129,0.));
#17447=CARTESIAN_POINT('Origin',(8.054,23.3,0.));
#17448=CARTESIAN_POINT('',(8.754,23.3,0.));
#17449=CARTESIAN_POINT('Origin',(8.754,0.69999999497429,0.));
#17450=CARTESIAN_POINT('',(8.754,0.69999999497429,0.));
#17451=CARTESIAN_POINT('Origin',(8.054,0.7,0.));
#17452=CARTESIAN_POINT('',(8.05400001373072,1.38777878078145E-16,0.));
#17453=CARTESIAN_POINT('Origin',(0.700000013730717,1.38777878078145E-16,
0.));
#17454=CARTESIAN_POINT('',(0.700000013730717,1.38777878078145E-16,0.));
#17455=CARTESIAN_POINT('Origin',(0.7,0.7,0.));
#17456=CARTESIAN_POINT('',(8.32667268468867E-16,0.699999967512857,0.));
#17457=CARTESIAN_POINT('Origin',(8.32667268468867E-16,23.2999999675129,
0.));
#17458=CARTESIAN_POINT('',(0.,0.,0.));
#17459=CARTESIAN_POINT('',(0.,0.,0.));
#17460=CARTESIAN_POINT('',(0.,0.,0.));
#17461=CARTESIAN_POINT('',(0.,0.,0.));
#17462=CARTESIAN_POINT('Origin',(1.29208842067718,0.45,-1.));
#17463=CARTESIAN_POINT('',(-1.29208842067718,0.45,1.));
#17464=CARTESIAN_POINT('',(-1.29208842067718,0.45,-1.));
#17465=CARTESIAN_POINT('',(-1.29208842067718,0.45,1.));
#17466=CARTESIAN_POINT('',(1.29208842067718,0.45,-1.));
#17467=CARTESIAN_POINT('',(-1.03379643419278E-16,0.45,-1.));
#17468=CARTESIAN_POINT('',(1.29208842067718,0.45,1.));
#17469=CARTESIAN_POINT('',(1.29208842067718,0.45,1.));
#17470=CARTESIAN_POINT('',(-1.03379643419278E-16,0.45,1.));
#17471=CARTESIAN_POINT('Origin',(0.,0.,1.));
#17472=CARTESIAN_POINT('',(-1.2,1.2,1.));
#17473=CARTESIAN_POINT('',(-1.29208842067718,0.45,1.));
#17474=CARTESIAN_POINT('',(1.2,1.2,1.));
#17475=CARTESIAN_POINT('',(1.29208842067718,0.45,1.));
#17476=CARTESIAN_POINT('',(-1.2,1.2,1.));
#17477=CARTESIAN_POINT('Origin',(0.,0.,-1.));
#17478=CARTESIAN_POINT('',(-1.2,1.2,-1.));
#17479=CARTESIAN_POINT('',(-1.29208842067718,0.45,-1.));
#17480=CARTESIAN_POINT('',(1.2,1.2,-1.));
#17481=CARTESIAN_POINT('',(-1.2,1.2,-1.));
#17482=CARTESIAN_POINT('',(1.29208842067718,0.45,-1.));
#17483=CARTESIAN_POINT('Origin',(-1.29208842067718,0.45,1.));
#17484=CARTESIAN_POINT('',(-1.2,1.2,1.));
#17485=CARTESIAN_POINT('Origin',(-1.2,1.2,1.));
#17486=CARTESIAN_POINT('',(1.2,1.2,1.));
#17487=CARTESIAN_POINT('Origin',(1.29208842067718,0.45,1.));
#17488=CARTESIAN_POINT('Origin',(-2.05625,1.17478445071621,-0.5));
#17489=CARTESIAN_POINT('',(-2.,0.399999999999999,-0.75));
#17490=CARTESIAN_POINT('',(-2.,0.399999999999999,-0.25));
#17491=CARTESIAN_POINT('Origin',(-2.05625,0.399999999999999,-0.5));
#17492=CARTESIAN_POINT('',(-2.,0.0499999999999995,-0.75));
#17493=CARTESIAN_POINT('',(-2.,1.17478445071621,-0.75));
#17494=CARTESIAN_POINT('',(-2.,0.0499999999999996,-0.25));
#17495=CARTESIAN_POINT('Origin',(-2.05625,0.0499999999999996,-0.5));
#17496=CARTESIAN_POINT('',(-2.,1.17478445071621,-0.25));
#17497=CARTESIAN_POINT('Origin',(-2.05625,1.17478445071621,0.5));
#17498=CARTESIAN_POINT('',(-2.,0.399999999999999,0.25));
#17499=CARTESIAN_POINT('',(-2.,0.399999999999999,0.75));
#17500=CARTESIAN_POINT('Origin',(-2.05625,0.399999999999999,0.5));
#17501=CARTESIAN_POINT('',(-2.,0.0499999999999995,0.25));
#17502=CARTESIAN_POINT('',(-2.,1.17478445071621,0.25));
#17503=CARTESIAN_POINT('',(-2.,0.0499999999999996,0.75));
#17504=CARTESIAN_POINT('Origin',(-2.05625,0.0499999999999995,0.5));
#17505=CARTESIAN_POINT('',(-2.,1.17478445071621,0.75));
#17506=CARTESIAN_POINT('Origin',(-2.,-4.33680868994202E-16,1.));
#17507=CARTESIAN_POINT('',(-2.,0.399999999999999,1.));
#17508=CARTESIAN_POINT('',(-2.,0.0499999999999996,1.));
#17509=CARTESIAN_POINT('',(-2.,0.399999999999999,1.));
#17510=CARTESIAN_POINT('',(-2.,0.0499999999999996,1.));
#17511=CARTESIAN_POINT('',(-2.,0.0499999999999996,1.));
#17512=CARTESIAN_POINT('',(-2.,0.45,1.));
#17513=CARTESIAN_POINT('',(-2.,-4.33680868994202E-16,1.));
#17514=CARTESIAN_POINT('',(-2.,0.45,-1.));
#17515=CARTESIAN_POINT('',(-2.,0.45,1.));
#17516=CARTESIAN_POINT('',(-2.,0.0499999999999996,-1.));
#17517=CARTESIAN_POINT('',(-2.,-4.33680868994202E-16,-1.));
#17518=CARTESIAN_POINT('',(-2.,0.0499999999999996,1.));
#17519=CARTESIAN_POINT('Origin',(-2.,0.0499999999999996,1.));
#17520=CARTESIAN_POINT('',(2.,0.0500000000000001,-1.));
#17521=CARTESIAN_POINT('',(-2.,0.0499999999999996,-1.));
#17522=CARTESIAN_POINT('',(2.,0.0500000000000001,-0.25));
#17523=CARTESIAN_POINT('',(2.,0.0500000000000001,1.));
#17524=CARTESIAN_POINT('',(2.,0.0500000000000001,0.25));
#17525=CARTESIAN_POINT('Origin',(2.05625,0.0500000000000001,-9.43998574342752E-18));
#17526=CARTESIAN_POINT('',(2.,0.0500000000000001,1.));
#17527=CARTESIAN_POINT('',(2.,0.0500000000000001,1.));
#17528=CARTESIAN_POINT('',(-2.,0.0499999999999996,1.));
#17529=CARTESIAN_POINT('Origin',(2.,5.61778506647395E-17,1.));
#17530=CARTESIAN_POINT('',(2.,0.4,0.25));
#17531=CARTESIAN_POINT('',(2.,0.4,-0.25));
#17532=CARTESIAN_POINT('',(2.,0.4,1.));
#17533=CARTESIAN_POINT('',(2.,1.17478445071621,-0.25));
#17534=CARTESIAN_POINT('',(2.,0.45,-1.));
#17535=CARTESIAN_POINT('',(2.,5.61778506647395E-17,-1.));
#17536=CARTESIAN_POINT('',(2.,0.45,1.));
#17537=CARTESIAN_POINT('',(2.,0.45,1.));
#17538=CARTESIAN_POINT('',(2.,5.61778506647395E-17,1.));
#17539=CARTESIAN_POINT('',(2.,1.17478445071621,0.25));
#17540=CARTESIAN_POINT('Origin',(0.,0.,-1.));
#17541=CARTESIAN_POINT('',(-2.,0.45,-1.));
#17542=CARTESIAN_POINT('Origin',(0.,0.,1.));
#17543=CARTESIAN_POINT('',(-2.,0.45,1.));
#17544=CARTESIAN_POINT('Origin',(1.29208842067718,0.45,-1.));
#17545=CARTESIAN_POINT('Origin',(1.29208842067718,0.4,-1.));
#17546=CARTESIAN_POINT('Origin',(2.05625,0.4,-9.43998574342752E-18));
#17547=CARTESIAN_POINT('Origin',(2.05625,1.17478445071621,-9.43998574342752E-18));
#17548=CARTESIAN_POINT('Origin',(1.29208842067718,0.4,-1.));
#17549=CARTESIAN_POINT('Origin',(1.29208842067718,0.4,-1.));
#17550=CARTESIAN_POINT('Origin',(-2.,0.898528137423857,0.8));
#17551=CARTESIAN_POINT('',(-2.,0.0499999999999996,0.75));
#17552=CARTESIAN_POINT('',(-2.,0.0499999999999996,0.8));
#17553=CARTESIAN_POINT('',(-2.,0.0499999999999996,0.8));
#17554=CARTESIAN_POINT('',(-2.,0.399999999999999,0.75));
#17555=CARTESIAN_POINT('',(-2.,-0.538516480713449,0.75));
#17556=CARTESIAN_POINT('',(-2.,0.399999999999999,0.698431348329844));
#17557=CARTESIAN_POINT('',(-2.,0.399999999999999,0.75));
#17558=CARTESIAN_POINT('',(-2.,0.,0.698431348329844));
#17559=CARTESIAN_POINT('',(-2.,-0.538516480713449,0.698431348329844));
#17560=CARTESIAN_POINT('',(-2.,0.,0.8));
#17561=CARTESIAN_POINT('',(-2.,0.,0.8));
#17562=CARTESIAN_POINT('',(-2.,0.898528137423857,0.8));
#17563=CARTESIAN_POINT('Origin',(-2.,0.898528137423857,0.8));
#17564=CARTESIAN_POINT('',(-1.4,0.0499999999999997,0.8));
#17565=CARTESIAN_POINT('',(-2.,0.0499999999999996,0.8));
#17566=CARTESIAN_POINT('',(-1.4,0.,0.8));
#17567=CARTESIAN_POINT('',(-2.,0.,0.8));
#17568=CARTESIAN_POINT('',(-1.4,0.898528137423857,0.8));
#17569=CARTESIAN_POINT('Origin',(-1.4,0.898528137423857,0.8));
#17570=CARTESIAN_POINT('',(-1.4,0.0499999999999996,0.2));
#17571=CARTESIAN_POINT('',(-1.4,0.0499999999999997,0.8));
#17572=CARTESIAN_POINT('',(-1.4,0.,0.2));
#17573=CARTESIAN_POINT('',(-1.4,0.,0.8));
#17574=CARTESIAN_POINT('',(-1.4,0.898528137423857,0.2));
#17575=CARTESIAN_POINT('Origin',(-2.,0.898528137423857,0.2));
#17576=CARTESIAN_POINT('',(-2.,0.0499999999999996,0.2));
#17577=CARTESIAN_POINT('',(-2.,0.0499999999999996,0.2));
#17578=CARTESIAN_POINT('',(-2.,0.,0.2));
#17579=CARTESIAN_POINT('',(-2.,0.,0.2));
#17580=CARTESIAN_POINT('',(-2.,0.898528137423857,0.2));
#17581=CARTESIAN_POINT('Origin',(-2.,0.898528137423857,0.250000000000001));
#17582=CARTESIAN_POINT('',(-2.,0.0499999999999994,0.250000000000001));
#17583=CARTESIAN_POINT('',(-2.,0.0499999999999996,0.250000000000001));
#17584=CARTESIAN_POINT('',(-2.,-2.16840434497101E-16,0.301568651670156));
#17585=CARTESIAN_POINT('',(-2.,0.,0.250000000000001));
#17586=CARTESIAN_POINT('',(-2.,0.399999999999999,0.301568651670156));
#17587=CARTESIAN_POINT('',(-2.,-0.538516480713449,0.301568651670156));
#17588=CARTESIAN_POINT('',(-2.,0.399999999999999,0.250000000000001));
#17589=CARTESIAN_POINT('',(-2.,0.399999999999999,0.301568651670156));
#17590=CARTESIAN_POINT('',(-2.,-0.538516480713449,0.250000000000001));
#17591=CARTESIAN_POINT('Origin',(-2.05625,0.,0.5));
#17592=CARTESIAN_POINT('Origin',(-2.05625,0.,0.5));
#17593=CARTESIAN_POINT('Origin',(-2.,0.0499999999999996,1.));
#17594=CARTESIAN_POINT('Origin',(-2.05625,0.0499999999999996,0.5));
#17595=CARTESIAN_POINT('Origin',(-2.05625,0.399999999999999,0.5));
#17596=CARTESIAN_POINT('Origin',(-2.05625,0.399999999999999,0.5));
#17597=CARTESIAN_POINT('Origin',(-2.05625,0.399999999999999,0.5));
#17598=CARTESIAN_POINT('Origin',(-2.05625,-0.538516480713449,0.5));
#17599=CARTESIAN_POINT('Origin',(-2.05625,-0.538516480713449,0.5));
#17600=CARTESIAN_POINT('Origin',(-2.,0.898528137423857,-0.8));
#17601=CARTESIAN_POINT('',(-2.,0.0499999999999996,-0.75));
#17602=CARTESIAN_POINT('',(-2.,0.0499999999999996,-0.8));
#17603=CARTESIAN_POINT('',(-2.,0.0499999999999996,-0.8));
#17604=CARTESIAN_POINT('',(-2.,0.,-0.8));
#17605=CARTESIAN_POINT('',(-2.,0.898528137423857,-0.8));
#17606=CARTESIAN_POINT('',(-2.,0.,-0.698431348329844));
#17607=CARTESIAN_POINT('',(-2.,0.,-0.8));
#17608=CARTESIAN_POINT('',(-2.,0.399999999999999,-0.698431348329844));
#17609=CARTESIAN_POINT('',(-2.,-0.538516480713449,-0.698431348329844));
#17610=CARTESIAN_POINT('',(-2.,0.399999999999999,-0.75));
#17611=CARTESIAN_POINT('',(-2.,0.399999999999999,-0.75));
#17612=CARTESIAN_POINT('',(-2.,-0.538516480713449,-0.75));
#17613=CARTESIAN_POINT('Origin',(-2.,0.898528137423857,-0.8));
#17614=CARTESIAN_POINT('',(-1.4,0.0499999999999997,-0.8));
#17615=CARTESIAN_POINT('',(-2.,0.0499999999999996,-0.8));
#17616=CARTESIAN_POINT('',(-1.4,0.,-0.8));
#17617=CARTESIAN_POINT('',(-1.4,0.898528137423857,-0.8));
#17618=CARTESIAN_POINT('',(-2.,0.,-0.8));
#17619=CARTESIAN_POINT('Origin',(-1.4,0.898528137423857,-0.8));
#17620=CARTESIAN_POINT('',(-1.4,0.0499999999999996,-0.2));
#17621=CARTESIAN_POINT('',(-1.4,0.0499999999999997,-0.8));
#17622=CARTESIAN_POINT('',(-1.4,0.,-0.2));
#17623=CARTESIAN_POINT('',(-1.4,0.898528137423857,-0.2));
#17624=CARTESIAN_POINT('',(-1.4,0.,-0.8));
#17625=CARTESIAN_POINT('Origin',(-2.,0.898528137423857,-0.2));
#17626=CARTESIAN_POINT('',(-2.,0.0499999999999996,-0.2));
#17627=CARTESIAN_POINT('',(-2.,0.0499999999999996,-0.2));
#17628=CARTESIAN_POINT('',(-2.,0.,-0.2));
#17629=CARTESIAN_POINT('',(-2.,0.898528137423857,-0.2));
#17630=CARTESIAN_POINT('',(-2.,0.,-0.2));
#17631=CARTESIAN_POINT('Origin',(-2.,0.898528137423857,-0.250000000000001));
#17632=CARTESIAN_POINT('',(-2.,0.0499999999999994,-0.250000000000001));
#17633=CARTESIAN_POINT('',(-2.,0.0499999999999996,-0.250000000000001));
#17634=CARTESIAN_POINT('',(-2.,0.399999999999999,-0.250000000000001));
#17635=CARTESIAN_POINT('',(-2.,-0.538516480713449,-0.250000000000001));
#17636=CARTESIAN_POINT('',(-2.,0.399999999999999,-0.301568651670156));
#17637=CARTESIAN_POINT('',(-2.,0.399999999999999,-0.301568651670156));
#17638=CARTESIAN_POINT('',(-2.,-2.16840434497101E-16,-0.301568651670156));
#17639=CARTESIAN_POINT('',(-2.,-0.538516480713449,-0.301568651670156));
#17640=CARTESIAN_POINT('',(-2.,0.,-0.250000000000001));
#17641=CARTESIAN_POINT('Origin',(-2.05625,0.,-0.5));
#17642=CARTESIAN_POINT('Origin',(-2.05625,0.,-0.5));
#17643=CARTESIAN_POINT('Origin',(-2.,0.0499999999999996,-1.));
#17644=CARTESIAN_POINT('Origin',(-2.05625,0.0499999999999996,-0.5));
#17645=CARTESIAN_POINT('Origin',(-2.05625,0.399999999999999,-0.5));
#17646=CARTESIAN_POINT('Origin',(-2.05625,0.399999999999999,-0.5));
#17647=CARTESIAN_POINT('Origin',(-2.05625,0.399999999999999,-0.5));
#17648=CARTESIAN_POINT('Origin',(-2.05625,-0.538516480713449,-0.5));
#17649=CARTESIAN_POINT('Origin',(-2.05625,-0.538516480713449,-0.5));
#17650=CARTESIAN_POINT('Origin',(2.,0.898528137423857,0.3));
#17651=CARTESIAN_POINT('',(2.,0.0499999999999996,0.25));
#17652=CARTESIAN_POINT('',(2.,0.0499999999999996,0.3));
#17653=CARTESIAN_POINT('',(2.,0.0499999999999996,0.3));
#17654=CARTESIAN_POINT('',(2.,0.,0.3));
#17655=CARTESIAN_POINT('',(2.,0.898528137423857,0.3));
#17656=CARTESIAN_POINT('',(2.,0.,0.198431348329844));
#17657=CARTESIAN_POINT('',(2.,0.,0.3));
#17658=CARTESIAN_POINT('',(2.,0.399999999999999,0.198431348329844));
#17659=CARTESIAN_POINT('',(2.,-0.538516480713449,0.198431348329844));
#17660=CARTESIAN_POINT('',(2.,0.399999999999999,0.25));
#17661=CARTESIAN_POINT('',(2.,0.399999999999999,0.25));
#17662=CARTESIAN_POINT('',(2.,-0.538516480713449,0.25));
#17663=CARTESIAN_POINT('Origin',(2.,0.898528137423857,0.3));
#17664=CARTESIAN_POINT('',(1.4,0.0499999999999997,0.3));
#17665=CARTESIAN_POINT('',(2.,0.0499999999999996,0.3));
#17666=CARTESIAN_POINT('',(1.4,0.,0.3));
#17667=CARTESIAN_POINT('',(1.4,0.898528137423857,0.3));
#17668=CARTESIAN_POINT('',(2.,0.,0.3));
#17669=CARTESIAN_POINT('Origin',(1.4,0.898528137423857,0.3));
#17670=CARTESIAN_POINT('',(1.4,0.0499999999999996,-0.3));
#17671=CARTESIAN_POINT('',(1.4,0.0499999999999997,0.3));
#17672=CARTESIAN_POINT('',(1.4,0.,-0.3));
#17673=CARTESIAN_POINT('',(1.4,0.898528137423857,-0.3));
#17674=CARTESIAN_POINT('',(1.4,0.,0.3));
#17675=CARTESIAN_POINT('Origin',(2.,0.898528137423857,-0.3));
#17676=CARTESIAN_POINT('',(2.,0.0499999999999996,-0.3));
#17677=CARTESIAN_POINT('',(2.,0.0499999999999996,-0.3));
#17678=CARTESIAN_POINT('',(2.,0.,-0.3));
#17679=CARTESIAN_POINT('',(2.,0.898528137423857,-0.3));
#17680=CARTESIAN_POINT('',(2.,0.,-0.3));
#17681=CARTESIAN_POINT('Origin',(2.,0.898528137423857,-0.249999999999999));
#17682=CARTESIAN_POINT('',(2.,0.0499999999999994,-0.249999999999999));
#17683=CARTESIAN_POINT('',(2.,0.0499999999999996,-0.249999999999999));
#17684=CARTESIAN_POINT('',(2.,0.399999999999999,-0.249999999999999));
#17685=CARTESIAN_POINT('',(2.,-0.538516480713449,-0.249999999999999));
#17686=CARTESIAN_POINT('',(2.,0.399999999999999,-0.198431348329844));
#17687=CARTESIAN_POINT('',(2.,0.399999999999999,-0.198431348329844));
#17688=CARTESIAN_POINT('',(2.,-2.16840434497101E-16,-0.198431348329844));
#17689=CARTESIAN_POINT('',(2.,-0.538516480713449,-0.198431348329844));
#17690=CARTESIAN_POINT('',(2.,0.,-0.249999999999999));
#17691=CARTESIAN_POINT('Origin',(2.05625,0.,2.16840434497101E-16));
#17692=CARTESIAN_POINT('Origin',(2.05625,0.,2.16840434497101E-16));
#17693=CARTESIAN_POINT('Origin',(2.,0.0499999999999996,0.5));
#17694=CARTESIAN_POINT('Origin',(2.05625,0.0499999999999996,2.16840434497101E-16));
#17695=CARTESIAN_POINT('Origin',(2.05625,0.399999999999999,2.16840434497101E-16));
#17696=CARTESIAN_POINT('Origin',(2.05625,0.399999999999999,2.16840434497101E-16));
#17697=CARTESIAN_POINT('Origin',(2.05625,0.399999999999999,2.16840434497101E-16));
#17698=CARTESIAN_POINT('Origin',(2.05625,-0.538516480713449,2.16840434497101E-16));
#17699=CARTESIAN_POINT('Origin',(2.05625,-0.538516480713449,2.16840434497101E-16));
#17700=CARTESIAN_POINT('',(0.,0.00571079782322181,0.000289202176778636));
#17701=CARTESIAN_POINT('',(0.,0.,0.));
#17702=CARTESIAN_POINT('',(0.,0.,0.));
#17703=CARTESIAN_POINT('',(0.,0.,0.));
#17704=CARTESIAN_POINT('Origin',(-1.24,0.74,0.8));
#17705=CARTESIAN_POINT('',(-1.315,0.74,0.8));
#17706=CARTESIAN_POINT('Origin',(-1.24,0.74,0.8));
#17707=CARTESIAN_POINT('',(-1.315,0.74,0.72));
#17708=CARTESIAN_POINT('',(-1.315,0.74,0.8));
#17709=CARTESIAN_POINT('Origin',(-1.24,0.74,0.72));
#17710=CARTESIAN_POINT('Origin',(-1.24,0.74,0.72));
#17711=CARTESIAN_POINT('Origin',(1.51,0.525,0.76));
#17712=CARTESIAN_POINT('',(1.47,0.97,0.8));
#17713=CARTESIAN_POINT('',(1.47,-0.97,0.8));
#17714=CARTESIAN_POINT('',(1.47,0.525,0.8));
#17715=CARTESIAN_POINT('',(1.55,-1.05,0.72));
#17716=CARTESIAN_POINT('',(1.47,-0.97,0.8));
#17717=CARTESIAN_POINT('',(1.55,1.05,0.72));
#17718=CARTESIAN_POINT('',(1.55,0.525,0.72));
#17719=CARTESIAN_POINT('',(1.55,1.05,0.72));
#17720=CARTESIAN_POINT('Origin',(0.775,-1.01,0.76));
#17721=CARTESIAN_POINT('',(-1.55,-1.05,0.72));
#17722=CARTESIAN_POINT('',(0.775,-1.05,0.72));
#17723=CARTESIAN_POINT('',(-1.47,-0.97,0.8));
#17724=CARTESIAN_POINT('',(0.775,-0.97,0.8));
#17725=CARTESIAN_POINT('',(-1.55,-1.05,0.72));
#17726=CARTESIAN_POINT('Origin',(-0.775,1.01,0.76));
#17727=CARTESIAN_POINT('',(-1.47,0.97,0.8));
#17728=CARTESIAN_POINT('',(-0.775,0.97,0.8));
#17729=CARTESIAN_POINT('',(-1.55,1.05,0.72));
#17730=CARTESIAN_POINT('',(-0.775,1.05,0.72));
#17731=CARTESIAN_POINT('',(-1.55,1.05,0.72));
#17732=CARTESIAN_POINT('Origin',(-1.51,-0.525,0.76));
#17733=CARTESIAN_POINT('',(-1.47,-0.525,0.8));
#17734=CARTESIAN_POINT('',(-1.55,-0.525,0.72));
#17735=CARTESIAN_POINT('Origin',(-1.55,1.05,0.8));
#17736=CARTESIAN_POINT('',(1.55,1.05,0.05));
#17737=CARTESIAN_POINT('',(1.55,1.05,0.8));
#17738=CARTESIAN_POINT('',(-1.55,1.05,0.05));
#17739=CARTESIAN_POINT('',(1.55,1.05,0.05));
#17740=CARTESIAN_POINT('',(-1.55,1.05,0.8));
#17741=CARTESIAN_POINT('Origin',(1.55,1.05,0.8));
#17742=CARTESIAN_POINT('',(1.55,-1.05,0.05));
#17743=CARTESIAN_POINT('',(1.55,-1.05,0.8));
#17744=CARTESIAN_POINT('',(1.55,-1.05,0.05));
#17745=CARTESIAN_POINT('Origin',(0.,0.,0.8));
#17746=CARTESIAN_POINT('Origin',(-1.55,-1.05,0.8));
#17747=CARTESIAN_POINT('',(-1.55,-1.05,0.05));
#17748=CARTESIAN_POINT('',(-1.55,1.05,0.05));
#17749=CARTESIAN_POINT('',(-1.55,-1.05,0.8));
#17750=CARTESIAN_POINT('Origin',(1.55,-1.05,0.8));
#17751=CARTESIAN_POINT('',(-1.55,-1.05,0.05));
#17752=CARTESIAN_POINT('Origin',(0.,0.,0.05));
#17753=CARTESIAN_POINT('Origin',(1.551,0.9,0.));
#17754=CARTESIAN_POINT('',(1.551,0.9,0.));
#17755=CARTESIAN_POINT('',(1.55,0.9,0.));
#17756=CARTESIAN_POINT('',(1.551,0.9,0.));
#17757=CARTESIAN_POINT('',(1.55,0.9,0.15));
#17758=CARTESIAN_POINT('',(1.55,0.9,0.));
#17759=CARTESIAN_POINT('',(1.551,0.9,0.15));
#17760=CARTESIAN_POINT('',(1.551,0.9,0.15));
#17761=CARTESIAN_POINT('',(1.551,0.9,0.));
#17762=CARTESIAN_POINT('Origin',(1.551,0.6,0.));
#17763=CARTESIAN_POINT('',(1.551,0.6,0.));
#17764=CARTESIAN_POINT('',(1.551,0.6,0.));
#17765=CARTESIAN_POINT('',(1.551,0.6,0.15));
#17766=CARTESIAN_POINT('',(1.551,0.6,0.15));
#17767=CARTESIAN_POINT('',(1.551,0.6,0.));
#17768=CARTESIAN_POINT('Origin',(1.55,0.6,0.));
#17769=CARTESIAN_POINT('',(1.55,0.6,0.));
#17770=CARTESIAN_POINT('',(1.051,0.6,0.));
#17771=CARTESIAN_POINT('',(1.55,0.6,0.15));
#17772=CARTESIAN_POINT('',(1.051,0.6,0.15));
#17773=CARTESIAN_POINT('',(1.55,0.6,0.));
#17774=CARTESIAN_POINT('Origin',(1.55,0.9,0.));
#17775=CARTESIAN_POINT('',(1.55,0.9,0.));
#17776=CARTESIAN_POINT('',(1.55,0.9,0.15));
#17777=CARTESIAN_POINT('Origin',(1.5505,0.75,0.15));
#17778=CARTESIAN_POINT('Origin',(1.5505,0.75,0.));
#17779=CARTESIAN_POINT('Origin',(1.55,0.6,0.));
#17780=CARTESIAN_POINT('',(1.55,0.9,0.));
#17781=CARTESIAN_POINT('',(1.55,0.6,0.));
#17782=CARTESIAN_POINT('',(1.55,0.9,0.));
#17783=CARTESIAN_POINT('',(1.55,0.9,0.05));
#17784=CARTESIAN_POINT('',(1.55,0.9,0.));
#17785=CARTESIAN_POINT('',(1.55,0.6,0.05));
#17786=CARTESIAN_POINT('',(1.55,0.9,0.05));
#17787=CARTESIAN_POINT('',(1.55,0.6,0.));
#17788=CARTESIAN_POINT('Origin',(1.19999999968857,0.6,0.));
#17789=CARTESIAN_POINT('',(1.19999999968857,0.6,0.));
#17790=CARTESIAN_POINT('',(1.051,0.6,0.));
#17791=CARTESIAN_POINT('',(1.19999999968857,0.6,0.05));
#17792=CARTESIAN_POINT('',(1.051,0.6,0.05));
#17793=CARTESIAN_POINT('',(1.19999999968857,0.6,0.));
#17794=CARTESIAN_POINT('Origin',(1.2,0.75,0.));
#17795=CARTESIAN_POINT('',(1.051,0.732708383534205,0.));
#17796=CARTESIAN_POINT('Origin',(1.2,0.75,0.));
#17797=CARTESIAN_POINT('',(1.051,0.732708383534205,0.05));
#17798=CARTESIAN_POINT('Origin',(1.2,0.75,0.05));
#17799=CARTESIAN_POINT('',(1.051,0.732708383534205,0.));
#17800=CARTESIAN_POINT('Origin',(1.051,0.767291616465795,0.));
#17801=CARTESIAN_POINT('',(1.051,0.767291616465795,0.));
#17802=CARTESIAN_POINT('',(1.051,0.9,0.));
#17803=CARTESIAN_POINT('',(1.051,0.767291616465795,0.05));
#17804=CARTESIAN_POINT('',(1.051,0.9,0.05));
#17805=CARTESIAN_POINT('',(1.051,0.767291616465795,0.));
#17806=CARTESIAN_POINT('Origin',(1.2,0.75,0.));
#17807=CARTESIAN_POINT('',(1.2,0.9,0.));
#17808=CARTESIAN_POINT('Origin',(1.2,0.75,0.));
#17809=CARTESIAN_POINT('',(1.2,0.9,0.05));
#17810=CARTESIAN_POINT('Origin',(1.2,0.75,0.05));
#17811=CARTESIAN_POINT('',(1.2,0.9,0.));
#17812=CARTESIAN_POINT('Origin',(1.55,0.9,0.));
#17813=CARTESIAN_POINT('',(1.551,0.9,0.));
#17814=CARTESIAN_POINT('',(1.551,0.9,0.05));
#17815=CARTESIAN_POINT('Origin',(1.3005,0.75,0.05));
#17816=CARTESIAN_POINT('Origin',(1.3005,0.75,0.));
#17817=CARTESIAN_POINT('Origin',(-1.55,0.6,0.));
#17818=CARTESIAN_POINT('',(-1.55,0.9,0.));
#17819=CARTESIAN_POINT('',(-1.55,0.6,0.));
#17820=CARTESIAN_POINT('',(-1.55,0.9,0.));
#17821=CARTESIAN_POINT('',(-1.55,0.6,0.05));
#17822=CARTESIAN_POINT('',(-1.55,0.6,0.));
#17823=CARTESIAN_POINT('',(-1.55,0.9,0.05));
#17824=CARTESIAN_POINT('',(-1.55,0.9,0.05));
#17825=CARTESIAN_POINT('',(-1.55,0.9,0.));
#17826=CARTESIAN_POINT('Origin',(-1.19999999968857,0.6,0.));
#17827=CARTESIAN_POINT('',(-1.19999999968857,0.6,0.));
#17828=CARTESIAN_POINT('',(-1.051,0.6,0.));
#17829=CARTESIAN_POINT('',(-1.19999999968857,0.6,0.05));
#17830=CARTESIAN_POINT('',(-1.19999999968857,0.6,0.));
#17831=CARTESIAN_POINT('',(-1.051,0.6,0.05));
#17832=CARTESIAN_POINT('Origin',(-1.2,0.75,0.));
#17833=CARTESIAN_POINT('',(-1.051,0.732708383534205,0.));
#17834=CARTESIAN_POINT('Origin',(-1.2,0.75,0.));
#17835=CARTESIAN_POINT('',(-1.051,0.732708383534205,0.05));
#17836=CARTESIAN_POINT('',(-1.051,0.732708383534205,0.));
#17837=CARTESIAN_POINT('Origin',(-1.2,0.75,0.05));
#17838=CARTESIAN_POINT('Origin',(-1.051,0.767291616465795,0.));
#17839=CARTESIAN_POINT('',(-1.051,0.767291616465795,0.));
#17840=CARTESIAN_POINT('',(-1.051,0.9,0.));
#17841=CARTESIAN_POINT('',(-1.051,0.767291616465795,0.05));
#17842=CARTESIAN_POINT('',(-1.051,0.767291616465795,0.));
#17843=CARTESIAN_POINT('',(-1.051,0.9,0.05));
#17844=CARTESIAN_POINT('Origin',(-1.2,0.75,0.));
#17845=CARTESIAN_POINT('',(-1.2,0.9,0.));
#17846=CARTESIAN_POINT('Origin',(-1.2,0.75,0.));
#17847=CARTESIAN_POINT('',(-1.2,0.9,0.05));
#17848=CARTESIAN_POINT('',(-1.2,0.9,0.));
#17849=CARTESIAN_POINT('Origin',(-1.2,0.75,0.05));
#17850=CARTESIAN_POINT('Origin',(-1.55,0.9,0.));
#17851=CARTESIAN_POINT('',(-1.551,0.9,0.));
#17852=CARTESIAN_POINT('',(-1.551,0.9,0.05));
#17853=CARTESIAN_POINT('Origin',(-1.3005,0.75,0.05));
#17854=CARTESIAN_POINT('Origin',(-1.3005,0.75,0.));
#17855=CARTESIAN_POINT('Origin',(1.55,0.1,0.));
#17856=CARTESIAN_POINT('',(1.55,0.4,0.));
#17857=CARTESIAN_POINT('',(1.55,0.1,0.));
#17858=CARTESIAN_POINT('',(1.55,0.4,0.));
#17859=CARTESIAN_POINT('',(1.55,0.4,0.05));
#17860=CARTESIAN_POINT('',(1.55,0.4,0.));
#17861=CARTESIAN_POINT('',(1.55,0.1,0.05));
#17862=CARTESIAN_POINT('',(1.55,0.4,0.05));
#17863=CARTESIAN_POINT('',(1.55,0.1,0.));
#17864=CARTESIAN_POINT('Origin',(1.19999999968857,0.1,0.));
#17865=CARTESIAN_POINT('',(1.19999999968857,0.1,0.));
#17866=CARTESIAN_POINT('',(1.051,0.1,0.));
#17867=CARTESIAN_POINT('',(1.19999999968857,0.1,0.05));
#17868=CARTESIAN_POINT('',(1.051,0.1,0.05));
#17869=CARTESIAN_POINT('',(1.19999999968857,0.1,0.));
#17870=CARTESIAN_POINT('Origin',(1.2,0.25,0.));
#17871=CARTESIAN_POINT('',(1.051,0.232708383534205,0.));
#17872=CARTESIAN_POINT('Origin',(1.2,0.25,0.));
#17873=CARTESIAN_POINT('',(1.051,0.232708383534205,0.05));
#17874=CARTESIAN_POINT('Origin',(1.2,0.25,0.05));
#17875=CARTESIAN_POINT('',(1.051,0.232708383534205,0.));
#17876=CARTESIAN_POINT('Origin',(1.051,0.267291616465795,0.));
#17877=CARTESIAN_POINT('',(1.051,0.267291616465795,0.));
#17878=CARTESIAN_POINT('',(1.051,0.4,0.));
#17879=CARTESIAN_POINT('',(1.051,0.267291616465795,0.05));
#17880=CARTESIAN_POINT('',(1.051,0.4,0.05));
#17881=CARTESIAN_POINT('',(1.051,0.267291616465795,0.));
#17882=CARTESIAN_POINT('Origin',(1.2,0.25,0.));
#17883=CARTESIAN_POINT('',(1.2,0.4,0.));
#17884=CARTESIAN_POINT('Origin',(1.2,0.25,0.));
#17885=CARTESIAN_POINT('',(1.2,0.4,0.05));
#17886=CARTESIAN_POINT('Origin',(1.2,0.25,0.05));
#17887=CARTESIAN_POINT('',(1.2,0.4,0.));
#17888=CARTESIAN_POINT('Origin',(1.55,0.4,0.));
#17889=CARTESIAN_POINT('',(1.551,0.4,0.));
#17890=CARTESIAN_POINT('',(1.551,0.4,0.05));
#17891=CARTESIAN_POINT('Origin',(1.3005,0.25,0.05));
#17892=CARTESIAN_POINT('Origin',(1.3005,0.25,0.));
#17893=CARTESIAN_POINT('Origin',(1.55,-0.4,0.));
#17894=CARTESIAN_POINT('',(1.55,-0.1,0.));
#17895=CARTESIAN_POINT('',(1.55,-0.4,0.));
#17896=CARTESIAN_POINT('',(1.55,-0.1,0.));
#17897=CARTESIAN_POINT('',(1.55,-0.1,0.05));
#17898=CARTESIAN_POINT('',(1.55,-0.1,0.));
#17899=CARTESIAN_POINT('',(1.55,-0.4,0.05));
#17900=CARTESIAN_POINT('',(1.55,-0.1,0.05));
#17901=CARTESIAN_POINT('',(1.55,-0.4,0.));
#17902=CARTESIAN_POINT('Origin',(1.19999999968857,-0.4,0.));
#17903=CARTESIAN_POINT('',(1.19999999968857,-0.4,0.));
#17904=CARTESIAN_POINT('',(1.051,-0.4,0.));
#17905=CARTESIAN_POINT('',(1.19999999968857,-0.4,0.05));
#17906=CARTESIAN_POINT('',(1.051,-0.4,0.05));
#17907=CARTESIAN_POINT('',(1.19999999968857,-0.4,0.));
#17908=CARTESIAN_POINT('Origin',(1.2,-0.25,0.));
#17909=CARTESIAN_POINT('',(1.051,-0.267291616465795,0.));
#17910=CARTESIAN_POINT('Origin',(1.2,-0.25,0.));
#17911=CARTESIAN_POINT('',(1.051,-0.267291616465795,0.05));
#17912=CARTESIAN_POINT('Origin',(1.2,-0.25,0.05));
#17913=CARTESIAN_POINT('',(1.051,-0.267291616465795,0.));
#17914=CARTESIAN_POINT('Origin',(1.051,-0.232708383534205,0.));
#17915=CARTESIAN_POINT('',(1.051,-0.232708383534205,0.));
#17916=CARTESIAN_POINT('',(1.051,-0.1,0.));
#17917=CARTESIAN_POINT('',(1.051,-0.232708383534205,0.05));
#17918=CARTESIAN_POINT('',(1.051,-0.1,0.05));
#17919=CARTESIAN_POINT('',(1.051,-0.232708383534205,0.));
#17920=CARTESIAN_POINT('Origin',(1.2,-0.25,0.));
#17921=CARTESIAN_POINT('',(1.2,-0.0999999999999998,0.));
#17922=CARTESIAN_POINT('Origin',(1.2,-0.25,0.));
#17923=CARTESIAN_POINT('',(1.2,-0.0999999999999998,0.05));
#17924=CARTESIAN_POINT('Origin',(1.2,-0.25,0.05));
#17925=CARTESIAN_POINT('',(1.2,-0.0999999999999998,0.));
#17926=CARTESIAN_POINT('Origin',(1.55,-0.1,0.));
#17927=CARTESIAN_POINT('',(1.551,-0.1,0.));
#17928=CARTESIAN_POINT('',(1.551,-0.1,0.05));
#17929=CARTESIAN_POINT('Origin',(1.3005,-0.25,0.05));
#17930=CARTESIAN_POINT('Origin',(1.3005,-0.25,0.));
#17931=CARTESIAN_POINT('Origin',(1.55,-0.9,0.));
#17932=CARTESIAN_POINT('',(1.55,-0.6,0.));
#17933=CARTESIAN_POINT('',(1.55,-0.9,0.));
#17934=CARTESIAN_POINT('',(1.55,-0.6,0.));
#17935=CARTESIAN_POINT('',(1.55,-0.6,0.05));
#17936=CARTESIAN_POINT('',(1.55,-0.6,0.));
#17937=CARTESIAN_POINT('',(1.55,-0.9,0.05));
#17938=CARTESIAN_POINT('',(1.55,-0.6,0.05));
#17939=CARTESIAN_POINT('',(1.55,-0.9,0.));
#17940=CARTESIAN_POINT('Origin',(1.19999999968857,-0.9,0.));
#17941=CARTESIAN_POINT('',(1.19999999968857,-0.9,0.));
#17942=CARTESIAN_POINT('',(1.051,-0.9,0.));
#17943=CARTESIAN_POINT('',(1.19999999968857,-0.9,0.05));
#17944=CARTESIAN_POINT('',(1.051,-0.9,0.05));
#17945=CARTESIAN_POINT('',(1.19999999968857,-0.9,0.));
#17946=CARTESIAN_POINT('Origin',(1.2,-0.75,0.));
#17947=CARTESIAN_POINT('',(1.051,-0.767291616465795,0.));
#17948=CARTESIAN_POINT('Origin',(1.2,-0.75,0.));
#17949=CARTESIAN_POINT('',(1.051,-0.767291616465795,0.05));
#17950=CARTESIAN_POINT('Origin',(1.2,-0.75,0.05));
#17951=CARTESIAN_POINT('',(1.051,-0.767291616465795,0.));
#17952=CARTESIAN_POINT('Origin',(1.051,-0.732708383534206,0.));
#17953=CARTESIAN_POINT('',(1.051,-0.732708383534206,0.));
#17954=CARTESIAN_POINT('',(1.051,-0.6,0.));
#17955=CARTESIAN_POINT('',(1.051,-0.732708383534206,0.05));
#17956=CARTESIAN_POINT('',(1.051,-0.6,0.05));
#17957=CARTESIAN_POINT('',(1.051,-0.732708383534206,0.));
#17958=CARTESIAN_POINT('Origin',(1.2,-0.75,0.));
#17959=CARTESIAN_POINT('',(1.2,-0.6,0.));
#17960=CARTESIAN_POINT('Origin',(1.2,-0.75,0.));
#17961=CARTESIAN_POINT('',(1.2,-0.6,0.05));
#17962=CARTESIAN_POINT('Origin',(1.2,-0.75,0.05));
#17963=CARTESIAN_POINT('',(1.2,-0.6,0.));
#17964=CARTESIAN_POINT('Origin',(1.55,-0.6,0.));
#17965=CARTESIAN_POINT('',(1.551,-0.6,0.));
#17966=CARTESIAN_POINT('',(1.551,-0.6,0.05));
#17967=CARTESIAN_POINT('Origin',(1.3005,-0.75,0.05));
#17968=CARTESIAN_POINT('Origin',(1.3005,-0.75,0.));
#17969=CARTESIAN_POINT('Origin',(-1.55,0.1,0.));
#17970=CARTESIAN_POINT('',(-1.55,0.4,0.));
#17971=CARTESIAN_POINT('',(-1.55,0.1,0.));
#17972=CARTESIAN_POINT('',(-1.55,0.4,0.));
#17973=CARTESIAN_POINT('',(-1.55,0.1,0.05));
#17974=CARTESIAN_POINT('',(-1.55,0.1,0.));
#17975=CARTESIAN_POINT('',(-1.55,0.4,0.05));
#17976=CARTESIAN_POINT('',(-1.55,0.4,0.05));
#17977=CARTESIAN_POINT('',(-1.55,0.4,0.));
#17978=CARTESIAN_POINT('Origin',(-1.19999999968857,0.1,0.));
#17979=CARTESIAN_POINT('',(-1.19999999968857,0.1,0.));
#17980=CARTESIAN_POINT('',(-1.051,0.1,0.));
#17981=CARTESIAN_POINT('',(-1.19999999968857,0.1,0.05));
#17982=CARTESIAN_POINT('',(-1.19999999968857,0.1,0.));
#17983=CARTESIAN_POINT('',(-1.051,0.1,0.05));
#17984=CARTESIAN_POINT('Origin',(-1.2,0.25,0.));
#17985=CARTESIAN_POINT('',(-1.051,0.232708383534205,0.));
#17986=CARTESIAN_POINT('Origin',(-1.2,0.25,0.));
#17987=CARTESIAN_POINT('',(-1.051,0.232708383534205,0.05));
#17988=CARTESIAN_POINT('',(-1.051,0.232708383534205,0.));
#17989=CARTESIAN_POINT('Origin',(-1.2,0.25,0.05));
#17990=CARTESIAN_POINT('Origin',(-1.051,0.267291616465795,0.));
#17991=CARTESIAN_POINT('',(-1.051,0.267291616465795,0.));
#17992=CARTESIAN_POINT('',(-1.051,0.4,0.));
#17993=CARTESIAN_POINT('',(-1.051,0.267291616465795,0.05));
#17994=CARTESIAN_POINT('',(-1.051,0.267291616465795,0.));
#17995=CARTESIAN_POINT('',(-1.051,0.4,0.05));
#17996=CARTESIAN_POINT('Origin',(-1.2,0.25,0.));
#17997=CARTESIAN_POINT('',(-1.2,0.4,0.));
#17998=CARTESIAN_POINT('Origin',(-1.2,0.25,0.));
#17999=CARTESIAN_POINT('',(-1.2,0.4,0.05));
#18000=CARTESIAN_POINT('',(-1.2,0.4,0.));
#18001=CARTESIAN_POINT('Origin',(-1.2,0.25,0.05));
#18002=CARTESIAN_POINT('Origin',(-1.55,0.4,0.));
#18003=CARTESIAN_POINT('',(-1.551,0.4,0.));
#18004=CARTESIAN_POINT('',(-1.551,0.4,0.05));
#18005=CARTESIAN_POINT('Origin',(-1.3005,0.25,0.05));
#18006=CARTESIAN_POINT('Origin',(-1.3005,0.25,0.));
#18007=CARTESIAN_POINT('Origin',(-1.55,-0.4,0.));
#18008=CARTESIAN_POINT('',(-1.55,-0.1,0.));
#18009=CARTESIAN_POINT('',(-1.55,-0.4,0.));
#18010=CARTESIAN_POINT('',(-1.55,-0.1,0.));
#18011=CARTESIAN_POINT('',(-1.55,-0.4,0.05));
#18012=CARTESIAN_POINT('',(-1.55,-0.4,0.));
#18013=CARTESIAN_POINT('',(-1.55,-0.1,0.05));
#18014=CARTESIAN_POINT('',(-1.55,-0.1,0.05));
#18015=CARTESIAN_POINT('',(-1.55,-0.1,0.));
#18016=CARTESIAN_POINT('Origin',(-1.19999999968857,-0.4,0.));
#18017=CARTESIAN_POINT('',(-1.19999999968857,-0.4,0.));
#18018=CARTESIAN_POINT('',(-1.051,-0.4,0.));
#18019=CARTESIAN_POINT('',(-1.19999999968857,-0.4,0.05));
#18020=CARTESIAN_POINT('',(-1.19999999968857,-0.4,0.));
#18021=CARTESIAN_POINT('',(-1.051,-0.4,0.05));
#18022=CARTESIAN_POINT('Origin',(-1.2,-0.25,0.));
#18023=CARTESIAN_POINT('',(-1.051,-0.267291616465795,0.));
#18024=CARTESIAN_POINT('Origin',(-1.2,-0.25,0.));
#18025=CARTESIAN_POINT('',(-1.051,-0.267291616465795,0.05));
#18026=CARTESIAN_POINT('',(-1.051,-0.267291616465795,0.));
#18027=CARTESIAN_POINT('Origin',(-1.2,-0.25,0.05));
#18028=CARTESIAN_POINT('Origin',(-1.051,-0.232708383534205,0.));
#18029=CARTESIAN_POINT('',(-1.051,-0.232708383534205,0.));
#18030=CARTESIAN_POINT('',(-1.051,-0.1,0.));
#18031=CARTESIAN_POINT('',(-1.051,-0.232708383534205,0.05));
#18032=CARTESIAN_POINT('',(-1.051,-0.232708383534205,0.));
#18033=CARTESIAN_POINT('',(-1.051,-0.1,0.05));
#18034=CARTESIAN_POINT('Origin',(-1.2,-0.25,0.));
#18035=CARTESIAN_POINT('',(-1.2,-0.0999999999999998,0.));
#18036=CARTESIAN_POINT('Origin',(-1.2,-0.25,0.));
#18037=CARTESIAN_POINT('',(-1.2,-0.0999999999999998,0.05));
#18038=CARTESIAN_POINT('',(-1.2,-0.0999999999999998,0.));
#18039=CARTESIAN_POINT('Origin',(-1.2,-0.25,0.05));
#18040=CARTESIAN_POINT('Origin',(-1.55,-0.1,0.));
#18041=CARTESIAN_POINT('',(-1.551,-0.1,0.));
#18042=CARTESIAN_POINT('',(-1.551,-0.1,0.05));
#18043=CARTESIAN_POINT('Origin',(-1.3005,-0.25,0.05));
#18044=CARTESIAN_POINT('Origin',(-1.3005,-0.25,0.));
#18045=CARTESIAN_POINT('Origin',(-1.55,-0.9,0.));
#18046=CARTESIAN_POINT('',(-1.55,-0.6,0.));
#18047=CARTESIAN_POINT('',(-1.55,-0.9,0.));
#18048=CARTESIAN_POINT('',(-1.55,-0.6,0.));
#18049=CARTESIAN_POINT('',(-1.55,-0.9,0.05));
#18050=CARTESIAN_POINT('',(-1.55,-0.9,0.));
#18051=CARTESIAN_POINT('',(-1.55,-0.6,0.05));
#18052=CARTESIAN_POINT('',(-1.55,-0.6,0.05));
#18053=CARTESIAN_POINT('',(-1.55,-0.6,0.));
#18054=CARTESIAN_POINT('Origin',(-1.19999999968857,-0.9,0.));
#18055=CARTESIAN_POINT('',(-1.19999999968857,-0.9,0.));
#18056=CARTESIAN_POINT('',(-1.051,-0.9,0.));
#18057=CARTESIAN_POINT('',(-1.19999999968857,-0.9,0.05));
#18058=CARTESIAN_POINT('',(-1.19999999968857,-0.9,0.));
#18059=CARTESIAN_POINT('',(-1.051,-0.9,0.05));
#18060=CARTESIAN_POINT('Origin',(-1.2,-0.75,0.));
#18061=CARTESIAN_POINT('',(-1.051,-0.767291616465795,0.));
#18062=CARTESIAN_POINT('Origin',(-1.2,-0.75,0.));
#18063=CARTESIAN_POINT('',(-1.051,-0.767291616465795,0.05));
#18064=CARTESIAN_POINT('',(-1.051,-0.767291616465795,0.));
#18065=CARTESIAN_POINT('Origin',(-1.2,-0.75,0.05));
#18066=CARTESIAN_POINT('Origin',(-1.051,-0.732708383534206,0.));
#18067=CARTESIAN_POINT('',(-1.051,-0.732708383534206,0.));
#18068=CARTESIAN_POINT('',(-1.051,-0.6,0.));
#18069=CARTESIAN_POINT('',(-1.051,-0.732708383534206,0.05));
#18070=CARTESIAN_POINT('',(-1.051,-0.732708383534206,0.));
#18071=CARTESIAN_POINT('',(-1.051,-0.6,0.05));
#18072=CARTESIAN_POINT('Origin',(-1.2,-0.75,0.));
#18073=CARTESIAN_POINT('',(-1.2,-0.6,0.));
#18074=CARTESIAN_POINT('Origin',(-1.2,-0.75,0.));
#18075=CARTESIAN_POINT('',(-1.2,-0.6,0.05));
#18076=CARTESIAN_POINT('',(-1.2,-0.6,0.));
#18077=CARTESIAN_POINT('Origin',(-1.2,-0.75,0.05));
#18078=CARTESIAN_POINT('Origin',(-1.55,-0.6,0.));
#18079=CARTESIAN_POINT('',(-1.551,-0.6,0.));
#18080=CARTESIAN_POINT('',(-1.551,-0.6,0.05));
#18081=CARTESIAN_POINT('Origin',(-1.3005,-0.75,0.05));
#18082=CARTESIAN_POINT('Origin',(-1.3005,-0.75,0.));
#18083=CARTESIAN_POINT('Origin',(-1.551,0.9,0.));
#18084=CARTESIAN_POINT('',(-1.551,0.9,0.));
#18085=CARTESIAN_POINT('',(-1.55,0.9,0.));
#18086=CARTESIAN_POINT('',(-1.551,0.9,0.));
#18087=CARTESIAN_POINT('',(-1.551,0.9,0.15));
#18088=CARTESIAN_POINT('',(-1.551,0.9,0.));
#18089=CARTESIAN_POINT('',(-1.55,0.9,0.15));
#18090=CARTESIAN_POINT('',(-1.551,0.9,0.15));
#18091=CARTESIAN_POINT('',(-1.55,0.9,0.));
#18092=CARTESIAN_POINT('Origin',(-1.551,0.6,0.));
#18093=CARTESIAN_POINT('',(-1.551,0.6,0.));
#18094=CARTESIAN_POINT('',(-1.551,0.6,0.));
#18095=CARTESIAN_POINT('',(-1.551,0.6,0.15));
#18096=CARTESIAN_POINT('',(-1.551,0.6,0.));
#18097=CARTESIAN_POINT('',(-1.551,0.6,0.15));
#18098=CARTESIAN_POINT('Origin',(-1.55,0.6,0.));
#18099=CARTESIAN_POINT('',(-1.55,0.6,0.));
#18100=CARTESIAN_POINT('',(-1.051,0.6,0.));
#18101=CARTESIAN_POINT('',(-1.55,0.6,0.15));
#18102=CARTESIAN_POINT('',(-1.55,0.6,0.));
#18103=CARTESIAN_POINT('',(-1.051,0.6,0.15));
#18104=CARTESIAN_POINT('Origin',(-1.55,0.9,0.));
#18105=CARTESIAN_POINT('',(-1.55,0.9,0.));
#18106=CARTESIAN_POINT('',(-1.55,0.9,0.15));
#18107=CARTESIAN_POINT('Origin',(-1.5505,0.75,0.15));
#18108=CARTESIAN_POINT('Origin',(-1.5505,0.75,0.));
#18109=CARTESIAN_POINT('Origin',(1.551,0.4,0.));
#18110=CARTESIAN_POINT('',(1.551,0.4,0.));
#18111=CARTESIAN_POINT('',(1.55,0.4,0.));
#18112=CARTESIAN_POINT('',(1.551,0.4,0.));
#18113=CARTESIAN_POINT('',(1.55,0.4,0.15));
#18114=CARTESIAN_POINT('',(1.55,0.4,0.));
#18115=CARTESIAN_POINT('',(1.551,0.4,0.15));
#18116=CARTESIAN_POINT('',(1.551,0.4,0.15));
#18117=CARTESIAN_POINT('',(1.551,0.4,0.));
#18118=CARTESIAN_POINT('Origin',(1.551,0.1,0.));
#18119=CARTESIAN_POINT('',(1.551,0.1,0.));
#18120=CARTESIAN_POINT('',(1.551,0.1,0.));
#18121=CARTESIAN_POINT('',(1.551,0.1,0.15));
#18122=CARTESIAN_POINT('',(1.551,0.1,0.15));
#18123=CARTESIAN_POINT('',(1.551,0.1,0.));
#18124=CARTESIAN_POINT('Origin',(1.55,0.1,0.));
#18125=CARTESIAN_POINT('',(1.55,0.1,0.));
#18126=CARTESIAN_POINT('',(1.051,0.1,0.));
#18127=CARTESIAN_POINT('',(1.55,0.1,0.15));
#18128=CARTESIAN_POINT('',(1.051,0.1,0.15));
#18129=CARTESIAN_POINT('',(1.55,0.1,0.));
#18130=CARTESIAN_POINT('Origin',(1.55,0.4,0.));
#18131=CARTESIAN_POINT('',(1.55,0.4,0.));
#18132=CARTESIAN_POINT('',(1.55,0.4,0.15));
#18133=CARTESIAN_POINT('Origin',(1.5505,0.25,0.15));
#18134=CARTESIAN_POINT('Origin',(1.5505,0.25,0.));
#18135=CARTESIAN_POINT('Origin',(1.551,-0.1,0.));
#18136=CARTESIAN_POINT('',(1.551,-0.1,0.));
#18137=CARTESIAN_POINT('',(1.55,-0.1,0.));
#18138=CARTESIAN_POINT('',(1.551,-0.1,0.));
#18139=CARTESIAN_POINT('',(1.55,-0.1,0.15));
#18140=CARTESIAN_POINT('',(1.55,-0.1,0.));
#18141=CARTESIAN_POINT('',(1.551,-0.1,0.15));
#18142=CARTESIAN_POINT('',(1.551,-0.1,0.15));
#18143=CARTESIAN_POINT('',(1.551,-0.1,0.));
#18144=CARTESIAN_POINT('Origin',(1.551,-0.4,0.));
#18145=CARTESIAN_POINT('',(1.551,-0.4,0.));
#18146=CARTESIAN_POINT('',(1.551,-0.4,0.));
#18147=CARTESIAN_POINT('',(1.551,-0.4,0.15));
#18148=CARTESIAN_POINT('',(1.551,-0.4,0.15));
#18149=CARTESIAN_POINT('',(1.551,-0.4,0.));
#18150=CARTESIAN_POINT('Origin',(1.55,-0.4,0.));
#18151=CARTESIAN_POINT('',(1.55,-0.4,0.));
#18152=CARTESIAN_POINT('',(1.051,-0.4,0.));
#18153=CARTESIAN_POINT('',(1.55,-0.4,0.15));
#18154=CARTESIAN_POINT('',(1.051,-0.4,0.15));
#18155=CARTESIAN_POINT('',(1.55,-0.4,0.));
#18156=CARTESIAN_POINT('Origin',(1.55,-0.1,0.));
#18157=CARTESIAN_POINT('',(1.55,-0.1,0.));
#18158=CARTESIAN_POINT('',(1.55,-0.1,0.15));
#18159=CARTESIAN_POINT('Origin',(1.5505,-0.25,0.15));
#18160=CARTESIAN_POINT('Origin',(1.5505,-0.25,0.));
#18161=CARTESIAN_POINT('Origin',(1.551,-0.6,0.));
#18162=CARTESIAN_POINT('',(1.551,-0.6,0.));
#18163=CARTESIAN_POINT('',(1.55,-0.6,0.));
#18164=CARTESIAN_POINT('',(1.551,-0.6,0.));
#18165=CARTESIAN_POINT('',(1.55,-0.6,0.15));
#18166=CARTESIAN_POINT('',(1.55,-0.6,0.));
#18167=CARTESIAN_POINT('',(1.551,-0.6,0.15));
#18168=CARTESIAN_POINT('',(1.551,-0.6,0.15));
#18169=CARTESIAN_POINT('',(1.551,-0.6,0.));
#18170=CARTESIAN_POINT('Origin',(1.551,-0.9,0.));
#18171=CARTESIAN_POINT('',(1.551,-0.9,0.));
#18172=CARTESIAN_POINT('',(1.551,-0.9,0.));
#18173=CARTESIAN_POINT('',(1.551,-0.9,0.15));
#18174=CARTESIAN_POINT('',(1.551,-0.9,0.15));
#18175=CARTESIAN_POINT('',(1.551,-0.9,0.));
#18176=CARTESIAN_POINT('Origin',(1.55,-0.9,0.));
#18177=CARTESIAN_POINT('',(1.55,-0.9,0.));
#18178=CARTESIAN_POINT('',(1.051,-0.9,0.));
#18179=CARTESIAN_POINT('',(1.55,-0.9,0.15));
#18180=CARTESIAN_POINT('',(1.051,-0.9,0.15));
#18181=CARTESIAN_POINT('',(1.55,-0.9,0.));
#18182=CARTESIAN_POINT('Origin',(1.55,-0.6,0.));
#18183=CARTESIAN_POINT('',(1.55,-0.6,0.));
#18184=CARTESIAN_POINT('',(1.55,-0.6,0.15));
#18185=CARTESIAN_POINT('Origin',(1.5505,-0.75,0.15));
#18186=CARTESIAN_POINT('Origin',(1.5505,-0.75,0.));
#18187=CARTESIAN_POINT('Origin',(-1.551,0.4,0.));
#18188=CARTESIAN_POINT('',(-1.551,0.4,0.));
#18189=CARTESIAN_POINT('',(-1.55,0.4,0.));
#18190=CARTESIAN_POINT('',(-1.551,0.4,0.));
#18191=CARTESIAN_POINT('',(-1.551,0.4,0.15));
#18192=CARTESIAN_POINT('',(-1.551,0.4,0.));
#18193=CARTESIAN_POINT('',(-1.55,0.4,0.15));
#18194=CARTESIAN_POINT('',(-1.551,0.4,0.15));
#18195=CARTESIAN_POINT('',(-1.55,0.4,0.));
#18196=CARTESIAN_POINT('Origin',(-1.551,0.1,0.));
#18197=CARTESIAN_POINT('',(-1.551,0.1,0.));
#18198=CARTESIAN_POINT('',(-1.551,0.1,0.));
#18199=CARTESIAN_POINT('',(-1.551,0.1,0.15));
#18200=CARTESIAN_POINT('',(-1.551,0.1,0.));
#18201=CARTESIAN_POINT('',(-1.551,0.1,0.15));
#18202=CARTESIAN_POINT('Origin',(-1.55,0.1,0.));
#18203=CARTESIAN_POINT('',(-1.55,0.1,0.));
#18204=CARTESIAN_POINT('',(-1.051,0.1,0.));
#18205=CARTESIAN_POINT('',(-1.55,0.1,0.15));
#18206=CARTESIAN_POINT('',(-1.55,0.1,0.));
#18207=CARTESIAN_POINT('',(-1.051,0.1,0.15));
#18208=CARTESIAN_POINT('Origin',(-1.55,0.4,0.));
#18209=CARTESIAN_POINT('',(-1.55,0.4,0.));
#18210=CARTESIAN_POINT('',(-1.55,0.4,0.15));
#18211=CARTESIAN_POINT('Origin',(-1.5505,0.25,0.15));
#18212=CARTESIAN_POINT('Origin',(-1.5505,0.25,0.));
#18213=CARTESIAN_POINT('Origin',(-1.551,-0.1,0.));
#18214=CARTESIAN_POINT('',(-1.551,-0.1,0.));
#18215=CARTESIAN_POINT('',(-1.55,-0.1,0.));
#18216=CARTESIAN_POINT('',(-1.551,-0.1,0.));
#18217=CARTESIAN_POINT('',(-1.551,-0.1,0.15));
#18218=CARTESIAN_POINT('',(-1.551,-0.1,0.));
#18219=CARTESIAN_POINT('',(-1.55,-0.1,0.15));
#18220=CARTESIAN_POINT('',(-1.551,-0.1,0.15));
#18221=CARTESIAN_POINT('',(-1.55,-0.1,0.));
#18222=CARTESIAN_POINT('Origin',(-1.551,-0.4,0.));
#18223=CARTESIAN_POINT('',(-1.551,-0.4,0.));
#18224=CARTESIAN_POINT('',(-1.551,-0.4,0.));
#18225=CARTESIAN_POINT('',(-1.551,-0.4,0.15));
#18226=CARTESIAN_POINT('',(-1.551,-0.4,0.));
#18227=CARTESIAN_POINT('',(-1.551,-0.4,0.15));
#18228=CARTESIAN_POINT('Origin',(-1.55,-0.4,0.));
#18229=CARTESIAN_POINT('',(-1.55,-0.4,0.));
#18230=CARTESIAN_POINT('',(-1.051,-0.4,0.));
#18231=CARTESIAN_POINT('',(-1.55,-0.4,0.15));
#18232=CARTESIAN_POINT('',(-1.55,-0.4,0.));
#18233=CARTESIAN_POINT('',(-1.051,-0.4,0.15));
#18234=CARTESIAN_POINT('Origin',(-1.55,-0.1,0.));
#18235=CARTESIAN_POINT('',(-1.55,-0.1,0.));
#18236=CARTESIAN_POINT('',(-1.55,-0.1,0.15));
#18237=CARTESIAN_POINT('Origin',(-1.5505,-0.25,0.15));
#18238=CARTESIAN_POINT('Origin',(-1.5505,-0.25,0.));
#18239=CARTESIAN_POINT('Origin',(-1.551,-0.6,0.));
#18240=CARTESIAN_POINT('',(-1.551,-0.6,0.));
#18241=CARTESIAN_POINT('',(-1.55,-0.6,0.));
#18242=CARTESIAN_POINT('',(-1.551,-0.6,0.));
#18243=CARTESIAN_POINT('',(-1.551,-0.6,0.15));
#18244=CARTESIAN_POINT('',(-1.551,-0.6,0.));
#18245=CARTESIAN_POINT('',(-1.55,-0.6,0.15));
#18246=CARTESIAN_POINT('',(-1.551,-0.6,0.15));
#18247=CARTESIAN_POINT('',(-1.55,-0.6,0.));
#18248=CARTESIAN_POINT('Origin',(-1.551,-0.9,0.));
#18249=CARTESIAN_POINT('',(-1.551,-0.9,0.));
#18250=CARTESIAN_POINT('',(-1.551,-0.9,0.));
#18251=CARTESIAN_POINT('',(-1.551,-0.9,0.15));
#18252=CARTESIAN_POINT('',(-1.551,-0.9,0.));
#18253=CARTESIAN_POINT('',(-1.551,-0.9,0.15));
#18254=CARTESIAN_POINT('Origin',(-1.55,-0.9,0.));
#18255=CARTESIAN_POINT('',(-1.55,-0.9,0.));
#18256=CARTESIAN_POINT('',(-1.051,-0.9,0.));
#18257=CARTESIAN_POINT('',(-1.55,-0.9,0.15));
#18258=CARTESIAN_POINT('',(-1.55,-0.9,0.));
#18259=CARTESIAN_POINT('',(-1.051,-0.9,0.15));
#18260=CARTESIAN_POINT('Origin',(-1.55,-0.6,0.));
#18261=CARTESIAN_POINT('',(-1.55,-0.6,0.));
#18262=CARTESIAN_POINT('',(-1.55,-0.6,0.15));
#18263=CARTESIAN_POINT('Origin',(-1.5505,-0.75,0.15));
#18264=CARTESIAN_POINT('Origin',(-1.5505,-0.75,0.));
#18265=CARTESIAN_POINT('Origin',(-0.85,-0.8,0.));
#18266=CARTESIAN_POINT('',(-0.85,-0.8,0.));
#18267=CARTESIAN_POINT('',(0.85,-0.8,0.));
#18268=CARTESIAN_POINT('',(-0.85,-0.8,0.));
#18269=CARTESIAN_POINT('',(0.85,-0.8,0.05));
#18270=CARTESIAN_POINT('',(0.85,-0.8,0.));
#18271=CARTESIAN_POINT('',(-0.85,-0.8,0.05));
#18272=CARTESIAN_POINT('',(-0.85,-0.8,0.05));
#18273=CARTESIAN_POINT('',(-0.85,-0.8,0.));
#18274=CARTESIAN_POINT('Origin',(-0.85,0.8,0.));
#18275=CARTESIAN_POINT('',(-0.85,0.8,0.));
#18276=CARTESIAN_POINT('',(-0.85,0.8,0.));
#18277=CARTESIAN_POINT('',(-0.85,0.8,0.05));
#18278=CARTESIAN_POINT('',(-0.85,0.8,0.05));
#18279=CARTESIAN_POINT('',(-0.85,0.8,0.));
#18280=CARTESIAN_POINT('Origin',(0.85,0.8,0.));
#18281=CARTESIAN_POINT('',(0.85,0.8,0.));
#18282=CARTESIAN_POINT('',(0.85,0.8,0.));
#18283=CARTESIAN_POINT('',(0.85,0.8,0.05));
#18284=CARTESIAN_POINT('',(0.85,0.8,0.05));
#18285=CARTESIAN_POINT('',(0.85,0.8,0.));
#18286=CARTESIAN_POINT('Origin',(0.85,-0.8,0.));
#18287=CARTESIAN_POINT('',(0.85,-0.8,0.));
#18288=CARTESIAN_POINT('',(0.85,-0.8,0.05));
#18289=CARTESIAN_POINT('Origin',(0.,0.,0.05));
#18290=CARTESIAN_POINT('Origin',(0.,0.,0.));
#18291=CARTESIAN_POINT('',(0.,0.,0.));
#18292=CARTESIAN_POINT('',(0.,0.,0.));
#18293=CARTESIAN_POINT('',(0.,0.,0.));
#18294=CARTESIAN_POINT('Origin',(-0.505,-0.255,0.53));
#18295=CARTESIAN_POINT('',(-0.525,-0.255,0.53));
#18296=CARTESIAN_POINT('',(-0.505,-0.255,0.55));
#18297=CARTESIAN_POINT('Origin',(-0.505,-0.255,0.53));
#18298=CARTESIAN_POINT('',(-0.505,-0.275,0.53));
#18299=CARTESIAN_POINT('Origin',(-0.505,-0.255,0.53));
#18300=CARTESIAN_POINT('Origin',(-0.505,-0.255,0.53));
#18301=CARTESIAN_POINT('Origin',(-0.295,-0.255,0.53));
#18302=CARTESIAN_POINT('',(-0.295,-0.275,0.53));
#18303=CARTESIAN_POINT('',(-0.295,-0.255,0.55));
#18304=CARTESIAN_POINT('Origin',(-0.295,-0.255,0.53));
#18305=CARTESIAN_POINT('',(-0.275,-0.255,0.53));
#18306=CARTESIAN_POINT('Origin',(-0.295,-0.255,0.53));
#18307=CARTESIAN_POINT('Origin',(-0.295,-0.255,0.53));
#18308=CARTESIAN_POINT('Origin',(-0.505,-0.255,0.02));
#18309=CARTESIAN_POINT('',(-0.525,-0.255,0.02));
#18310=CARTESIAN_POINT('',(-0.505,-0.275,0.02));
#18311=CARTESIAN_POINT('Origin',(-0.505,-0.255,0.02));
#18312=CARTESIAN_POINT('',(-0.505,-0.255,0.));
#18313=CARTESIAN_POINT('Origin',(-0.505,-0.255,0.02));
#18314=CARTESIAN_POINT('Origin',(-0.505,-0.255,0.02));
#18315=CARTESIAN_POINT('Origin',(-0.505,0.255,0.53));
#18316=CARTESIAN_POINT('',(-0.505,0.275,0.53));
#18317=CARTESIAN_POINT('',(-0.505,0.255,0.55));
#18318=CARTESIAN_POINT('Origin',(-0.505,0.255,0.53));
#18319=CARTESIAN_POINT('',(-0.525,0.255,0.53));
#18320=CARTESIAN_POINT('Origin',(-0.505,0.255,0.53));
#18321=CARTESIAN_POINT('Origin',(-0.505,0.255,0.53));
#18322=CARTESIAN_POINT('Origin',(-0.295,-0.255,0.02));
#18323=CARTESIAN_POINT('',(-0.295,-0.275,0.02));
#18324=CARTESIAN_POINT('',(-0.275,-0.255,0.02));
#18325=CARTESIAN_POINT('Origin',(-0.295,-0.255,0.02));
#18326=CARTESIAN_POINT('',(-0.295,-0.255,0.));
#18327=CARTESIAN_POINT('Origin',(-0.295,-0.255,0.02));
#18328=CARTESIAN_POINT('Origin',(-0.295,-0.255,0.02));
#18329=CARTESIAN_POINT('Origin',(-0.4625,-0.255,0.02));
#18330=CARTESIAN_POINT('',(-0.4625,-0.275,0.02));
#18331=CARTESIAN_POINT('',(-0.4625,-0.255,0.));
#18332=CARTESIAN_POINT('Origin',(-0.295,0.255,0.53));
#18333=CARTESIAN_POINT('',(-0.275,0.255,0.53));
#18334=CARTESIAN_POINT('',(-0.295,0.255,0.55));
#18335=CARTESIAN_POINT('Origin',(-0.295,0.255,0.53));
#18336=CARTESIAN_POINT('',(-0.295,0.275,0.53));
#18337=CARTESIAN_POINT('Origin',(-0.295,0.255,0.53));
#18338=CARTESIAN_POINT('Origin',(-0.295,0.255,0.53));
#18339=CARTESIAN_POINT('Origin',(-0.505,0.255,0.02));
#18340=CARTESIAN_POINT('',(-0.505,0.255,0.));
#18341=CARTESIAN_POINT('',(-0.505,0.275,0.02));
#18342=CARTESIAN_POINT('Origin',(-0.505,0.255,0.02));
#18343=CARTESIAN_POINT('',(-0.525,0.255,0.02));
#18344=CARTESIAN_POINT('Origin',(-0.505,0.255,0.02));
#18345=CARTESIAN_POINT('Origin',(-0.505,0.255,0.02));
#18346=CARTESIAN_POINT('Origin',(-0.505,0.1375,0.02));
#18347=CARTESIAN_POINT('',(-0.525,0.1375,0.02));
#18348=CARTESIAN_POINT('',(-0.505,0.1375,0.));
#18349=CARTESIAN_POINT('Origin',(-0.505,0.255,0.));
#18350=CARTESIAN_POINT('',(-0.505,0.275,0.));
#18351=CARTESIAN_POINT('',(-0.525,0.255,0.));
#18352=CARTESIAN_POINT('Origin',(-0.295,0.255,0.02));
#18353=CARTESIAN_POINT('',(-0.275,0.255,0.02));
#18354=CARTESIAN_POINT('',(-0.295,0.275,0.02));
#18355=CARTESIAN_POINT('Origin',(-0.295,0.255,0.02));
#18356=CARTESIAN_POINT('',(-0.295,0.255,0.));
#18357=CARTESIAN_POINT('Origin',(-0.295,0.255,0.02));
#18358=CARTESIAN_POINT('Origin',(-0.295,0.255,0.02));
#18359=CARTESIAN_POINT('Origin',(-0.295,-0.1375,0.02));
#18360=CARTESIAN_POINT('',(-0.295,-0.1375,0.));
#18361=CARTESIAN_POINT('',(-0.275,-0.1375,0.02));
#18362=CARTESIAN_POINT('Origin',(-0.3375,0.255,0.02));
#18363=CARTESIAN_POINT('',(-0.3375,0.275,0.02));
#18364=CARTESIAN_POINT('',(-0.3375,0.255,0.));
#18365=CARTESIAN_POINT('Origin',(-0.295,0.255,0.));
#18366=CARTESIAN_POINT('',(-0.275,0.255,0.));
#18367=CARTESIAN_POINT('',(-0.295,0.275,0.));
#18368=CARTESIAN_POINT('Origin',(-0.3375,0.255,0.53));
#18369=CARTESIAN_POINT('',(-0.3375,0.255,0.55));
#18370=CARTESIAN_POINT('',(-0.3375,0.275,0.53));
#18371=CARTESIAN_POINT('Origin',(-0.295,-0.1375,0.53));
#18372=CARTESIAN_POINT('',(-0.295,-0.1375,0.55));
#18373=CARTESIAN_POINT('',(-0.275,-0.1375,0.53));
#18374=CARTESIAN_POINT('Origin',(-0.295,-0.255,0.));
#18375=CARTESIAN_POINT('',(-0.295,-0.275,0.));
#18376=CARTESIAN_POINT('',(-0.275,-0.255,0.));
#18377=CARTESIAN_POINT('Origin',(-0.505,0.1375,0.53));
#18378=CARTESIAN_POINT('',(-0.505,0.1375,0.55));
#18379=CARTESIAN_POINT('',(-0.525,0.1375,0.53));
#18380=CARTESIAN_POINT('Origin',(-0.505,-0.255,0.));
#18381=CARTESIAN_POINT('',(-0.525,-0.255,0.));
#18382=CARTESIAN_POINT('',(-0.505,-0.275,0.));
#18383=CARTESIAN_POINT('Origin',(-0.4625,-0.255,0.53));
#18384=CARTESIAN_POINT('',(-0.4625,-0.255,0.55));
#18385=CARTESIAN_POINT('',(-0.4625,-0.275,0.53));
#18386=CARTESIAN_POINT('Origin',(-0.525,-0.275,0.));
#18387=CARTESIAN_POINT('Origin',(-0.4,0.,0.));
#18388=CARTESIAN_POINT('Origin',(-0.525,0.275,0.));
#18389=CARTESIAN_POINT('Origin',(-0.275,0.275,0.));
#18390=CARTESIAN_POINT('Origin',(-0.275,-0.275,0.));
#18391=CARTESIAN_POINT('Origin',(-0.4,0.,0.55));
#18392=CARTESIAN_POINT('Origin',(0.295,-0.255,0.53));
#18393=CARTESIAN_POINT('',(0.275,-0.255,0.53));
#18394=CARTESIAN_POINT('',(0.295,-0.255,0.55));
#18395=CARTESIAN_POINT('Origin',(0.295,-0.255,0.53));
#18396=CARTESIAN_POINT('',(0.295,-0.275,0.53));
#18397=CARTESIAN_POINT('Origin',(0.295,-0.255,0.53));
#18398=CARTESIAN_POINT('Origin',(0.295,-0.255,0.53));
#18399=CARTESIAN_POINT('Origin',(0.505,-0.255,0.53));
#18400=CARTESIAN_POINT('',(0.505,-0.275,0.53));
#18401=CARTESIAN_POINT('',(0.505,-0.255,0.55));
#18402=CARTESIAN_POINT('Origin',(0.505,-0.255,0.53));
#18403=CARTESIAN_POINT('',(0.525,-0.255,0.53));
#18404=CARTESIAN_POINT('Origin',(0.505,-0.255,0.53));
#18405=CARTESIAN_POINT('Origin',(0.505,-0.255,0.53));
#18406=CARTESIAN_POINT('Origin',(0.295,-0.255,0.02));
#18407=CARTESIAN_POINT('',(0.275,-0.255,0.02));
#18408=CARTESIAN_POINT('',(0.295,-0.275,0.02));
#18409=CARTESIAN_POINT('Origin',(0.295,-0.255,0.02));
#18410=CARTESIAN_POINT('',(0.295,-0.255,0.));
#18411=CARTESIAN_POINT('Origin',(0.295,-0.255,0.02));
#18412=CARTESIAN_POINT('Origin',(0.295,-0.255,0.02));
#18413=CARTESIAN_POINT('Origin',(0.295,0.255,0.53));
#18414=CARTESIAN_POINT('',(0.295,0.275,0.53));
#18415=CARTESIAN_POINT('',(0.295,0.255,0.55));
#18416=CARTESIAN_POINT('Origin',(0.295,0.255,0.53));
#18417=CARTESIAN_POINT('',(0.275,0.255,0.53));
#18418=CARTESIAN_POINT('Origin',(0.295,0.255,0.53));
#18419=CARTESIAN_POINT('Origin',(0.295,0.255,0.53));
#18420=CARTESIAN_POINT('Origin',(0.505,-0.255,0.02));
#18421=CARTESIAN_POINT('',(0.505,-0.275,0.02));
#18422=CARTESIAN_POINT('',(0.525,-0.255,0.02));
#18423=CARTESIAN_POINT('Origin',(0.505,-0.255,0.02));
#18424=CARTESIAN_POINT('',(0.505,-0.255,0.));
#18425=CARTESIAN_POINT('Origin',(0.505,-0.255,0.02));
#18426=CARTESIAN_POINT('Origin',(0.505,-0.255,0.02));
#18427=CARTESIAN_POINT('Origin',(0.3375,-0.255,0.02));
#18428=CARTESIAN_POINT('',(0.3375,-0.275,0.02));
#18429=CARTESIAN_POINT('',(0.3375,-0.255,0.));
#18430=CARTESIAN_POINT('Origin',(0.505,0.255,0.53));
#18431=CARTESIAN_POINT('',(0.525,0.255,0.53));
#18432=CARTESIAN_POINT('',(0.505,0.255,0.55));
#18433=CARTESIAN_POINT('Origin',(0.505,0.255,0.53));
#18434=CARTESIAN_POINT('',(0.505,0.275,0.53));
#18435=CARTESIAN_POINT('Origin',(0.505,0.255,0.53));
#18436=CARTESIAN_POINT('Origin',(0.505,0.255,0.53));
#18437=CARTESIAN_POINT('Origin',(0.295,0.255,0.02));
#18438=CARTESIAN_POINT('',(0.295,0.255,0.));
#18439=CARTESIAN_POINT('',(0.295,0.275,0.02));
#18440=CARTESIAN_POINT('Origin',(0.295,0.255,0.02));
#18441=CARTESIAN_POINT('',(0.275,0.255,0.02));
#18442=CARTESIAN_POINT('Origin',(0.295,0.255,0.02));
#18443=CARTESIAN_POINT('Origin',(0.295,0.255,0.02));
#18444=CARTESIAN_POINT('Origin',(0.295,0.1375,0.02));
#18445=CARTESIAN_POINT('',(0.275,0.1375,0.02));
#18446=CARTESIAN_POINT('',(0.295,0.1375,0.));
#18447=CARTESIAN_POINT('Origin',(0.295,0.255,0.));
#18448=CARTESIAN_POINT('',(0.295,0.275,0.));
#18449=CARTESIAN_POINT('',(0.275,0.255,0.));
#18450=CARTESIAN_POINT('Origin',(0.505,0.255,0.02));
#18451=CARTESIAN_POINT('',(0.525,0.255,0.02));
#18452=CARTESIAN_POINT('',(0.505,0.275,0.02));
#18453=CARTESIAN_POINT('Origin',(0.505,0.255,0.02));
#18454=CARTESIAN_POINT('',(0.505,0.255,0.));
#18455=CARTESIAN_POINT('Origin',(0.505,0.255,0.02));
#18456=CARTESIAN_POINT('Origin',(0.505,0.255,0.02));
#18457=CARTESIAN_POINT('Origin',(0.505,-0.1375,0.02));
#18458=CARTESIAN_POINT('',(0.525,-0.1375,0.02));
#18459=CARTESIAN_POINT('',(0.505,-0.1375,0.));
#18460=CARTESIAN_POINT('Origin',(0.4625,0.255,0.02));
#18461=CARTESIAN_POINT('',(0.4625,0.275,0.02));
#18462=CARTESIAN_POINT('',(0.4625,0.255,0.));
#18463=CARTESIAN_POINT('Origin',(0.505,0.255,0.));
#18464=CARTESIAN_POINT('',(0.525,0.255,0.));
#18465=CARTESIAN_POINT('',(0.505,0.275,0.));
#18466=CARTESIAN_POINT('Origin',(0.4625,0.255,0.53));
#18467=CARTESIAN_POINT('',(0.4625,0.255,0.55));
#18468=CARTESIAN_POINT('',(0.4625,0.275,0.53));
#18469=CARTESIAN_POINT('Origin',(0.505,-0.1375,0.53));
#18470=CARTESIAN_POINT('',(0.505,-0.1375,0.55));
#18471=CARTESIAN_POINT('',(0.525,-0.1375,0.53));
#18472=CARTESIAN_POINT('Origin',(0.505,-0.255,0.));
#18473=CARTESIAN_POINT('',(0.505,-0.275,0.));
#18474=CARTESIAN_POINT('',(0.525,-0.255,0.));
#18475=CARTESIAN_POINT('Origin',(0.295,0.1375,0.53));
#18476=CARTESIAN_POINT('',(0.295,0.1375,0.55));
#18477=CARTESIAN_POINT('',(0.275,0.1375,0.53));
#18478=CARTESIAN_POINT('Origin',(0.295,-0.255,0.));
#18479=CARTESIAN_POINT('',(0.275,-0.255,0.));
#18480=CARTESIAN_POINT('',(0.295,-0.275,0.));
#18481=CARTESIAN_POINT('Origin',(0.3375,-0.255,0.53));
#18482=CARTESIAN_POINT('',(0.3375,-0.255,0.55));
#18483=CARTESIAN_POINT('',(0.3375,-0.275,0.53));
#18484=CARTESIAN_POINT('Origin',(0.275,-0.275,0.));
#18485=CARTESIAN_POINT('Origin',(0.4,0.,0.));
#18486=CARTESIAN_POINT('Origin',(0.275,0.275,0.));
#18487=CARTESIAN_POINT('Origin',(0.525,0.275,0.));
#18488=CARTESIAN_POINT('Origin',(0.525,-0.275,0.));
#18489=CARTESIAN_POINT('Origin',(0.4,0.,0.55));
#18490=CARTESIAN_POINT('Origin',(0.275,-0.275,0.));
#18491=CARTESIAN_POINT('',(0.275,0.275,0.));
#18492=CARTESIAN_POINT('',(0.275,-0.275,0.));
#18493=CARTESIAN_POINT('',(0.275,0.275,0.));
#18494=CARTESIAN_POINT('',(0.275,0.275,0.55));
#18495=CARTESIAN_POINT('',(0.275,0.275,0.));
#18496=CARTESIAN_POINT('',(0.275,-0.275,0.55));
#18497=CARTESIAN_POINT('',(0.275,0.275,0.55));
#18498=CARTESIAN_POINT('',(0.275,-0.275,0.));
#18499=CARTESIAN_POINT('Origin',(-0.275,-0.275,0.));
#18500=CARTESIAN_POINT('',(-0.275,-0.275,0.));
#18501=CARTESIAN_POINT('',(-0.525,-0.275,0.));
#18502=CARTESIAN_POINT('',(-0.275,-0.275,0.55));
#18503=CARTESIAN_POINT('',(-0.525,-0.275,0.55));
#18504=CARTESIAN_POINT('',(-0.275,-0.275,0.));
#18505=CARTESIAN_POINT('Origin',(-0.275,0.275,0.));
#18506=CARTESIAN_POINT('',(-0.275,0.275,0.));
#18507=CARTESIAN_POINT('',(-0.275,0.275,0.));
#18508=CARTESIAN_POINT('',(-0.275,0.275,0.55));
#18509=CARTESIAN_POINT('',(-0.275,0.275,0.55));
#18510=CARTESIAN_POINT('',(-0.275,0.275,0.));
#18511=CARTESIAN_POINT('Origin',(0.275,0.275,0.));
#18512=CARTESIAN_POINT('',(0.525,0.275,0.));
#18513=CARTESIAN_POINT('',(0.525,0.275,0.55));
#18514=CARTESIAN_POINT('Origin',(0.,0.,0.55));
#18515=CARTESIAN_POINT('Origin',(0.,0.,0.));
#18516=CARTESIAN_POINT('',(0.,0.,0.));
#18517=CARTESIAN_POINT('',(0.,0.,0.));
#18518=CARTESIAN_POINT('',(0.,0.,0.));
#18519=CARTESIAN_POINT('',(0.,0.,0.));
#18520=CARTESIAN_POINT('Origin',(-2.70000000000002,0.904999999999994,3.39499999999997));
#18521=CARTESIAN_POINT('',(-2.50000000000002,0.904999999999994,3.39499999999997));
#18522=CARTESIAN_POINT('',(-2.50000000000002,1.55499999999999,3.39499999999997));
#18523=CARTESIAN_POINT('',(-2.50000000000002,0.904999999999994,3.39499999999997));
#18524=CARTESIAN_POINT('',(-2.70000000000002,0.904999999999994,3.39499999999997));
#18525=CARTESIAN_POINT('',(-2.70000000000002,0.904999999999994,3.39499999999997));
#18526=CARTESIAN_POINT('',(-2.70000000000002,1.55499999999999,3.39499999999997));
#18527=CARTESIAN_POINT('',(-2.70000000000002,0.904999999999994,3.39499999999997));
#18528=CARTESIAN_POINT('',(-2.70000000000002,1.55499999999999,3.39499999999997));
#18529=CARTESIAN_POINT('Origin',(-2.70000000000002,1.55499999999999,3.39499999999997));
#18530=CARTESIAN_POINT('',(-2.50000000000002,1.55499999999999,3.79499999999998));
#18531=CARTESIAN_POINT('',(-2.50000000000002,1.55499999999999,3.39499999999997));
#18532=CARTESIAN_POINT('',(-2.70000000000002,1.55499999999999,3.79499999999997));
#18533=CARTESIAN_POINT('',(-2.70000000000002,1.55499999999999,3.39499999999997));
#18534=CARTESIAN_POINT('',(-2.70000000000002,1.55499999999999,3.79499999999997));
#18535=CARTESIAN_POINT('Origin',(-2.70000000000002,1.55499999999999,3.79499999999997));
#18536=CARTESIAN_POINT('',(-2.50000000000002,1.455,3.89499999999997));
#18537=CARTESIAN_POINT('',(-2.50000000000002,1.55499999999999,3.79499999999998));
#18538=CARTESIAN_POINT('',(-2.70000000000002,1.455,3.89499999999997));
#18539=CARTESIAN_POINT('',(-2.70000000000002,1.55499999999999,3.79499999999997));
#18540=CARTESIAN_POINT('',(-2.70000000000002,1.455,3.89499999999997));
#18541=CARTESIAN_POINT('Origin',(-2.70000000000002,1.455,3.89499999999997));
#18542=CARTESIAN_POINT('',(-2.50000000000002,1.30499999999999,3.89499999999997));
#18543=CARTESIAN_POINT('',(-2.50000000000002,1.455,3.89499999999997));
#18544=CARTESIAN_POINT('',(-2.70000000000002,1.30499999999999,3.89499999999997));
#18545=CARTESIAN_POINT('',(-2.70000000000002,1.455,3.89499999999997));
#18546=CARTESIAN_POINT('',(-2.70000000000002,1.30499999999999,3.89499999999997));
#18547=CARTESIAN_POINT('Origin',(-2.70000000000002,1.30499999999999,3.89499999999997));
#18548=CARTESIAN_POINT('',(-2.50000000000002,1.30499999999999,3.84499999999997));
#18549=CARTESIAN_POINT('',(-2.50000000000002,1.30499999999999,3.89499999999997));
#18550=CARTESIAN_POINT('',(-2.70000000000002,1.30499999999999,3.84499999999997));
#18551=CARTESIAN_POINT('',(-2.70000000000002,1.30499999999999,3.89499999999997));
#18552=CARTESIAN_POINT('',(-2.70000000000002,1.30499999999999,3.84499999999997));
#18553=CARTESIAN_POINT('Origin',(-2.70000000000002,1.25499999999999,3.84499999999997));
#18554=CARTESIAN_POINT('',(-2.50000000000002,1.25499999999999,3.79499999999997));
#18555=CARTESIAN_POINT('Origin',(-2.50000000000002,1.25499999999999,3.84499999999997));
#18556=CARTESIAN_POINT('',(-2.70000000000002,1.25499999999999,3.79499999999997));
#18557=CARTESIAN_POINT('Origin',(-2.70000000000002,1.25499999999999,3.84499999999997));
#18558=CARTESIAN_POINT('',(-2.70000000000002,1.25499999999999,3.79499999999997));
#18559=CARTESIAN_POINT('Origin',(-2.70000000000002,1.25499999999999,3.79499999999997));
#18560=CARTESIAN_POINT('',(-2.50000000000002,1.14160254037844,3.79499999999997));
#18561=CARTESIAN_POINT('',(-2.50000000000002,1.25499999999999,3.79499999999997));
#18562=CARTESIAN_POINT('',(-2.70000000000002,1.14160254037844,3.79499999999997));
#18563=CARTESIAN_POINT('',(-2.70000000000002,1.25499999999999,3.79499999999997));
#18564=CARTESIAN_POINT('',(-2.70000000000002,1.14160254037844,3.79499999999997));
#18565=CARTESIAN_POINT('Origin',(-2.70000000000002,1.14160254037844,3.84499999999997));
#18566=CARTESIAN_POINT('',(-2.50000000000002,1.09830127018921,3.81999999999997));
#18567=CARTESIAN_POINT('Origin',(-2.50000000000002,1.14160254037844,3.84499999999997));
#18568=CARTESIAN_POINT('',(-2.70000000000002,1.09830127018921,3.81999999999997));
#18569=CARTESIAN_POINT('Origin',(-2.70000000000002,1.14160254037844,3.84499999999997));
#18570=CARTESIAN_POINT('',(-2.70000000000002,1.09830127018921,3.81999999999997));
#18571=CARTESIAN_POINT('Origin',(-2.70000000000002,1.05499999999999,3.79499999999997));
#18572=CARTESIAN_POINT('',(-2.50000000000002,1.05499999999999,3.84499999999997));
#18573=CARTESIAN_POINT('Origin',(-2.50000000000002,1.05499999999999,3.79499999999997));
#18574=CARTESIAN_POINT('',(-2.70000000000002,1.05499999999999,3.84499999999997));
#18575=CARTESIAN_POINT('Origin',(-2.70000000000002,1.05499999999999,3.79499999999997));
#18576=CARTESIAN_POINT('',(-2.70000000000002,1.05499999999999,3.84499999999997));
#18577=CARTESIAN_POINT('Origin',(-2.70000000000002,1.05499999999999,3.84499999999997));
#18578=CARTESIAN_POINT('',(-2.50000000000002,0.954999999999991,3.84499999999997));
#18579=CARTESIAN_POINT('',(-2.50000000000002,1.05499999999999,3.84499999999997));
#18580=CARTESIAN_POINT('',(-2.70000000000002,0.954999999999991,3.84499999999997));
#18581=CARTESIAN_POINT('',(-2.70000000000002,1.05499999999999,3.84499999999997));
#18582=CARTESIAN_POINT('',(-2.70000000000002,0.954999999999991,3.84499999999997));
#18583=CARTESIAN_POINT('Origin',(-2.70000000000002,0.954999999999991,3.79499999999997));
#18584=CARTESIAN_POINT('',(-2.50000000000002,0.911698729810769,3.81999999999997));
#18585=CARTESIAN_POINT('Origin',(-2.50000000000002,0.954999999999991,3.79499999999997));
#18586=CARTESIAN_POINT('',(-2.70000000000002,0.911698729810769,3.81999999999997));
#18587=CARTESIAN_POINT('Origin',(-2.70000000000002,0.954999999999991,3.79499999999997));
#18588=CARTESIAN_POINT('',(-2.70000000000002,0.911698729810769,3.81999999999997));
#18589=CARTESIAN_POINT('Origin',(-2.70000000000002,0.868397459621548,3.84499999999997));
#18590=CARTESIAN_POINT('',(-2.50000000000002,0.868397459621548,3.79499999999997));
#18591=CARTESIAN_POINT('Origin',(-2.50000000000002,0.868397459621548,3.84499999999997));
#18592=CARTESIAN_POINT('',(-2.70000000000002,0.868397459621548,3.79499999999997));
#18593=CARTESIAN_POINT('Origin',(-2.70000000000002,0.868397459621548,3.84499999999997));
#18594=CARTESIAN_POINT('',(-2.70000000000002,0.868397459621548,3.79499999999997));
#18595=CARTESIAN_POINT('Origin',(-2.70000000000002,0.754999999999992,3.79499999999997));
#18596=CARTESIAN_POINT('',(-2.50000000000002,0.754999999999992,3.79499999999997));
#18597=CARTESIAN_POINT('',(-2.50000000000002,0.754999999999992,3.79499999999997));
#18598=CARTESIAN_POINT('',(-2.70000000000002,0.754999999999992,3.79499999999997));
#18599=CARTESIAN_POINT('',(-2.70000000000002,0.754999999999992,3.79499999999997));
#18600=CARTESIAN_POINT('',(-2.70000000000002,0.754999999999992,3.79499999999997));
#18601=CARTESIAN_POINT('Origin',(-2.70000000000002,0.754999999999992,3.84499999999997));
#18602=CARTESIAN_POINT('',(-2.50000000000002,0.704999999999992,3.84499999999997));
#18603=CARTESIAN_POINT('Origin',(-2.50000000000002,0.754999999999992,3.84499999999997));
#18604=CARTESIAN_POINT('',(-2.70000000000002,0.704999999999992,3.84499999999997));
#18605=CARTESIAN_POINT('Origin',(-2.70000000000002,0.754999999999992,3.84499999999997));
#18606=CARTESIAN_POINT('',(-2.70000000000002,0.704999999999992,3.84499999999997));
#18607=CARTESIAN_POINT('Origin',(-2.70000000000002,0.704999999999992,3.89499999999997));
#18608=CARTESIAN_POINT('',(-2.50000000000002,0.704999999999992,3.89499999999997));
#18609=CARTESIAN_POINT('',(-2.50000000000002,0.704999999999992,3.89499999999997));
#18610=CARTESIAN_POINT('',(-2.70000000000002,0.704999999999992,3.89499999999997));
#18611=CARTESIAN_POINT('',(-2.70000000000002,0.704999999999992,3.89499999999997));
#18612=CARTESIAN_POINT('',(-2.70000000000002,0.704999999999992,3.89499999999997));
#18613=CARTESIAN_POINT('Origin',(-2.70000000000002,0.704999999999992,3.89499999999997));
#18614=CARTESIAN_POINT('',(-2.50000000000002,0.469999999999999,3.89499999999997));
#18615=CARTESIAN_POINT('',(-2.50000000000002,0.704999999999992,3.89499999999997));
#18616=CARTESIAN_POINT('',(-2.70000000000002,0.469999999999999,3.89499999999997));
#18617=CARTESIAN_POINT('',(-2.70000000000002,0.704999999999992,3.89499999999997));
#18618=CARTESIAN_POINT('',(-2.70000000000002,0.469999999999999,3.89499999999997));
#18619=CARTESIAN_POINT('Origin',(-2.70000000000002,0.469999999999999,3.89499999999997));
#18620=CARTESIAN_POINT('',(-2.50000000000002,0.334289321881336,3.75928932188131));
#18621=CARTESIAN_POINT('',(-2.50000000000002,0.469999999999999,3.89499999999997));
#18622=CARTESIAN_POINT('',(-2.70000000000002,0.334289321881336,3.75928932188131));
#18623=CARTESIAN_POINT('',(-2.70000000000002,0.469999999999999,3.89499999999997));
#18624=CARTESIAN_POINT('',(-2.70000000000002,0.334289321881336,3.75928932188131));
#18625=CARTESIAN_POINT('Origin',(-2.70000000000002,0.404999999999992,3.68857864376265));
#18626=CARTESIAN_POINT('',(-2.50000000000002,0.304999999999991,3.68857864376265));
#18627=CARTESIAN_POINT('Origin',(-2.50000000000002,0.404999999999992,3.68857864376265));
#18628=CARTESIAN_POINT('',(-2.70000000000002,0.304999999999991,3.68857864376265));
#18629=CARTESIAN_POINT('Origin',(-2.70000000000002,0.404999999999992,3.68857864376265));
#18630=CARTESIAN_POINT('',(-2.70000000000002,0.304999999999991,3.68857864376265));
#18631=CARTESIAN_POINT('Origin',(-2.70000000000002,0.304999999999992,3.68857864376265));
#18632=CARTESIAN_POINT('',(-2.50000000000001,0.304999999999992,2.60142135623728));
#18633=CARTESIAN_POINT('',(-2.50000000000002,0.304999999999992,3.68857864376265));
#18634=CARTESIAN_POINT('',(-2.70000000000001,0.304999999999992,2.60142135623728));
#18635=CARTESIAN_POINT('',(-2.70000000000002,0.304999999999992,3.68857864376265));
#18636=CARTESIAN_POINT('',(-2.70000000000001,0.304999999999992,2.60142135623728));
#18637=CARTESIAN_POINT('Origin',(-2.70000000000001,0.404999999999992,2.60142135623728));
#18638=CARTESIAN_POINT('',(-2.50000000000001,0.334289321881337,2.53071067811863));
#18639=CARTESIAN_POINT('Origin',(-2.50000000000001,0.404999999999992,2.60142135623728));
#18640=CARTESIAN_POINT('',(-2.70000000000001,0.334289321881337,2.53071067811863));
#18641=CARTESIAN_POINT('Origin',(-2.70000000000001,0.404999999999992,2.60142135623728));
#18642=CARTESIAN_POINT('',(-2.70000000000001,0.334289321881337,2.53071067811863));
#18643=CARTESIAN_POINT('Origin',(-2.70000000000001,0.334289321881337,2.53071067811863));
#18644=CARTESIAN_POINT('',(-2.50000000000001,0.469999999999999,2.39499999999997));
#18645=CARTESIAN_POINT('',(-2.50000000000001,0.334289321881337,2.53071067811863));
#18646=CARTESIAN_POINT('',(-2.70000000000001,0.469999999999999,2.39499999999996));
#18647=CARTESIAN_POINT('',(-2.70000000000001,0.334289321881337,2.53071067811863));
#18648=CARTESIAN_POINT('',(-2.70000000000001,0.469999999999999,2.39499999999996));
#18649=CARTESIAN_POINT('Origin',(-2.70000000000001,0.469999999999999,2.39499999999996));
#18650=CARTESIAN_POINT('',(-2.50000000000001,0.904999999999997,2.39499999999997));
#18651=CARTESIAN_POINT('',(-2.50000000000001,0.469999999999999,2.39499999999997));
#18652=CARTESIAN_POINT('',(-2.70000000000001,0.904999999999997,2.39499999999997));
#18653=CARTESIAN_POINT('',(-2.70000000000001,0.469999999999999,2.39499999999996));
#18654=CARTESIAN_POINT('',(-2.70000000000001,0.904999999999997,2.39499999999997));
#18655=CARTESIAN_POINT('Origin',(-2.70000000000001,0.904999999999997,2.39499999999997));
#18656=CARTESIAN_POINT('',(-2.50000000000001,0.904999999999997,2.39499999999997));
#18657=CARTESIAN_POINT('',(-2.70000000000001,0.904999999999997,2.39499999999997));
#18658=CARTESIAN_POINT('Origin',(-2.70000000000002,1.25499999999999,3.84499999999997));
#18659=CARTESIAN_POINT('Origin',(-2.50000000000002,1.25499999999999,3.84499999999997));
#18660=CARTESIAN_POINT('Origin',(-1.4,2.435,0.894999999999987));
#18661=CARTESIAN_POINT('',(-1.60000000000001,2.435,0.194999999999988));
#18662=CARTESIAN_POINT('',(-1.59999999999999,2.435,2.64499999999999));
#18663=CARTESIAN_POINT('',(-1.6,2.435,0.894999999999989));
#18664=CARTESIAN_POINT('',(-1.39999999999999,2.435,2.64499999999999));
#18665=CARTESIAN_POINT('',(-1.39999999999999,2.435,2.64499999999999));
#18666=CARTESIAN_POINT('',(-1.40000000000001,2.435,0.194999999999986));
#18667=CARTESIAN_POINT('',(-1.40000000000001,2.435,0.194999999999986));
#18668=CARTESIAN_POINT('',(-1.40000000000001,2.435,0.194999999999986));
#18669=CARTESIAN_POINT('Origin',(-1.39999999999999,2.435,2.64499999999999));
#18670=CARTESIAN_POINT('',(-1.59999999999999,2.085,2.64499999999999));
#18671=CARTESIAN_POINT('',(-1.59999999999999,2.435,2.64499999999999));
#18672=CARTESIAN_POINT('',(-1.39999999999999,2.085,2.64499999999999));
#18673=CARTESIAN_POINT('',(-1.39999999999999,2.085,2.64499999999999));
#18674=CARTESIAN_POINT('',(-1.39999999999999,2.435,2.64499999999999));
#18675=CARTESIAN_POINT('Origin',(-1.39999999999999,2.085,2.64499999999999));
#18676=CARTESIAN_POINT('',(-1.6,1.955,0.894999999999987));
#18677=CARTESIAN_POINT('',(-1.59999999999999,2.085,2.64499999999999));
#18678=CARTESIAN_POINT('',(-1.4,1.955,0.894999999999986));
#18679=CARTESIAN_POINT('',(-1.4,1.955,0.894999999999986));
#18680=CARTESIAN_POINT('',(-1.39999999999999,2.085,2.64499999999999));
#18681=CARTESIAN_POINT('Origin',(-1.4,1.955,0.894999999999986));
#18682=CARTESIAN_POINT('',(-1.60000000000001,1.955,0.194999999999988));
#18683=CARTESIAN_POINT('',(-1.6,1.955,0.894999999999987));
#18684=CARTESIAN_POINT('',(-1.40000000000001,1.955,0.194999999999987));
#18685=CARTESIAN_POINT('',(-1.40000000000001,1.955,0.194999999999987));
#18686=CARTESIAN_POINT('',(-1.4,1.955,0.894999999999986));
#18687=CARTESIAN_POINT('Origin',(-1.40000000000001,0.845000000000015,0.194999999999989));
#18688=CARTESIAN_POINT('',(-1.60000000000001,0.845000000000015,0.194999999999991));
#18689=CARTESIAN_POINT('',(-1.60000000000001,0.845000000000015,0.194999999999991));
#18690=CARTESIAN_POINT('',(-1.40000000000001,0.845000000000015,0.194999999999989));
#18691=CARTESIAN_POINT('',(-1.40000000000001,0.845000000000015,0.194999999999989));
#18692=CARTESIAN_POINT('',(-1.40000000000001,0.845000000000015,0.194999999999989));
#18693=CARTESIAN_POINT('Origin',(-1.40000000000001,0.845000000000014,0.0949999999999894));
#18694=CARTESIAN_POINT('',(-1.60000000000001,0.774289321881359,0.165710678118645));
#18695=CARTESIAN_POINT('Origin',(-1.60000000000001,0.845000000000014,0.0949999999999908));
#18696=CARTESIAN_POINT('',(-1.40000000000001,0.774289321881359,0.165710678118644));
#18697=CARTESIAN_POINT('',(-1.40000000000001,0.774289321881359,0.165710678118644));
#18698=CARTESIAN_POINT('Origin',(-1.40000000000001,0.845000000000014,0.0949999999999894));
#18699=CARTESIAN_POINT('Origin',(-1.40000000000001,0.324289321881352,-0.284289321881362));
#18700=CARTESIAN_POINT('',(-1.60000000000001,0.324289321881352,-0.28428932188136));
#18701=CARTESIAN_POINT('',(-1.60000000000001,0.324289321881352,-0.28428932188136));
#18702=CARTESIAN_POINT('',(-1.40000000000001,0.324289321881352,-0.284289321881362));
#18703=CARTESIAN_POINT('',(-1.40000000000001,0.324289321881352,-0.284289321881362));
#18704=CARTESIAN_POINT('',(-1.40000000000001,0.324289321881352,-0.284289321881362));
#18705=CARTESIAN_POINT('Origin',(-1.40000000000001,0.395000000000006,-0.355000000000017));
#18706=CARTESIAN_POINT('',(-1.60000000000001,0.295000000000006,-0.355000000000015));
#18707=CARTESIAN_POINT('Origin',(-1.60000000000001,0.395000000000006,-0.355000000000015));
#18708=CARTESIAN_POINT('',(-1.40000000000001,0.295000000000006,-0.355000000000017));
#18709=CARTESIAN_POINT('',(-1.40000000000001,0.295000000000006,-0.355000000000017));
#18710=CARTESIAN_POINT('Origin',(-1.40000000000001,0.395000000000006,-0.355000000000017));
#18711=CARTESIAN_POINT('Origin',(-1.40000000000001,0.295000000000006,-0.355000000000017));
#18712=CARTESIAN_POINT('',(-1.60000000000001,0.295000000000006,-0.955000000000019));
#18713=CARTESIAN_POINT('',(-1.60000000000001,0.295000000000006,-0.355000000000015));
#18714=CARTESIAN_POINT('',(-1.40000000000001,0.295000000000006,-0.95500000000002));
#18715=CARTESIAN_POINT('',(-1.40000000000001,0.295000000000006,-0.95500000000002));
#18716=CARTESIAN_POINT('',(-1.40000000000001,0.295000000000006,-0.355000000000017));
#18717=CARTESIAN_POINT('Origin',(-1.40000000000001,0.395000000000007,-0.95500000000002));
#18718=CARTESIAN_POINT('',(-1.60000000000001,0.495000000000008,-0.955000000000019));
#18719=CARTESIAN_POINT('Origin',(-1.60000000000001,0.395000000000007,-0.955000000000019));
#18720=CARTESIAN_POINT('',(-1.40000000000001,0.495000000000008,-0.95500000000002));
#18721=CARTESIAN_POINT('',(-1.40000000000001,0.495000000000008,-0.95500000000002));
#18722=CARTESIAN_POINT('Origin',(-1.40000000000001,0.395000000000007,-0.95500000000002));
#18723=CARTESIAN_POINT('Origin',(-1.40000000000001,0.495000000000008,-0.95500000000002));
#18724=CARTESIAN_POINT('',(-1.60000000000001,0.495000000000008,-0.575952050175088));
#18725=CARTESIAN_POINT('',(-1.60000000000001,0.495000000000008,-0.955000000000019));
#18726=CARTESIAN_POINT('',(-1.40000000000001,0.495000000000008,-0.575952050175089));
#18727=CARTESIAN_POINT('',(-1.40000000000001,0.495000000000008,-0.575952050175089));
#18728=CARTESIAN_POINT('',(-1.40000000000001,0.495000000000008,-0.95500000000002));
#18729=CARTESIAN_POINT('Origin',(-1.40000000000001,0.495000000000008,-0.575952050175089));
#18730=CARTESIAN_POINT('',(-1.60000000000001,0.886662728293735,-0.184289321881361));
#18731=CARTESIAN_POINT('',(-1.60000000000001,0.495000000000008,-0.575952050175088));
#18732=CARTESIAN_POINT('',(-1.40000000000001,0.886662728293735,-0.184289321881362));
#18733=CARTESIAN_POINT('',(-1.40000000000001,0.886662728293735,-0.184289321881362));
#18734=CARTESIAN_POINT('',(-1.40000000000001,0.495000000000008,-0.575952050175089));
#18735=CARTESIAN_POINT('Origin',(-1.40000000000001,0.95737340641239,-0.255000000000016));
#18736=CARTESIAN_POINT('',(-1.60000000000001,0.95737340641239,-0.155000000000015));
#18737=CARTESIAN_POINT('Origin',(-1.60000000000001,0.95737340641239,-0.255000000000015));
#18738=CARTESIAN_POINT('',(-1.40000000000001,0.95737340641239,-0.155000000000016));
#18739=CARTESIAN_POINT('',(-1.40000000000001,0.95737340641239,-0.155000000000016));
#18740=CARTESIAN_POINT('Origin',(-1.40000000000001,0.95737340641239,-0.255000000000016));
#18741=CARTESIAN_POINT('Origin',(-1.40000000000001,0.95737340641239,-0.155000000000016));
#18742=CARTESIAN_POINT('',(-1.60000000000001,2.655,-0.155000000000015));
#18743=CARTESIAN_POINT('',(-1.60000000000001,0.95737340641239,-0.155000000000015));
#18744=CARTESIAN_POINT('',(-1.40000000000001,2.655,-0.155000000000016));
#18745=CARTESIAN_POINT('',(-1.40000000000001,2.655,-0.155000000000016));
#18746=CARTESIAN_POINT('',(-1.40000000000001,0.95737340641239,-0.155000000000016));
#18747=CARTESIAN_POINT('Origin',(-1.40000000000001,2.655,-0.0550000000000163));
#18748=CARTESIAN_POINT('',(-1.60000000000001,2.755,-0.0550000000000142));
#18749=CARTESIAN_POINT('Origin',(-1.60000000000001,2.655,-0.0550000000000149));
#18750=CARTESIAN_POINT('',(-1.40000000000001,2.755,-0.0550000000000156));
#18751=CARTESIAN_POINT('',(-1.40000000000001,2.755,-0.0550000000000156));
#18752=CARTESIAN_POINT('Origin',(-1.40000000000001,2.655,-0.0550000000000163));
#18753=CARTESIAN_POINT('Origin',(-1.40000000000001,2.755,-0.0550000000000156));
#18754=CARTESIAN_POINT('',(-1.60000000000001,2.755,0.094999999999988));
#18755=CARTESIAN_POINT('',(-1.60000000000001,2.755,-0.0550000000000142));
#18756=CARTESIAN_POINT('',(-1.40000000000001,2.755,0.0949999999999866));
#18757=CARTESIAN_POINT('',(-1.40000000000001,2.755,0.0949999999999866));
#18758=CARTESIAN_POINT('',(-1.40000000000001,2.755,-0.0550000000000156));
#18759=CARTESIAN_POINT('Origin',(-1.40000000000001,2.655,0.0949999999999873));
#18760=CARTESIAN_POINT('',(-1.60000000000001,2.655,0.194999999999989));
#18761=CARTESIAN_POINT('Origin',(-1.60000000000001,2.655,0.0949999999999887));
#18762=CARTESIAN_POINT('',(-1.40000000000001,2.655,0.194999999999987));
#18763=CARTESIAN_POINT('',(-1.40000000000001,2.655,0.194999999999987));
#18764=CARTESIAN_POINT('Origin',(-1.40000000000001,2.655,0.0949999999999873));
#18765=CARTESIAN_POINT('Origin',(-1.40000000000001,2.655,0.194999999999987));
#18766=CARTESIAN_POINT('',(-1.60000000000001,2.655,0.194999999999989));
#18767=CARTESIAN_POINT('',(-1.40000000000001,2.655,0.194999999999987));
#18768=CARTESIAN_POINT('Origin',(-1.40000000000001,0.845000000000014,0.0949999999999894));
#18769=CARTESIAN_POINT('Origin',(-1.60000000000001,0.845000000000014,0.0949999999999908));
#18770=CARTESIAN_POINT('Origin',(-0.400000000000001,2.435,0.894999999999987));
#18771=CARTESIAN_POINT('',(-0.600000000000006,2.435,0.194999999999988));
#18772=CARTESIAN_POINT('',(-0.599999999999989,2.435,2.64499999999999));
#18773=CARTESIAN_POINT('',(-0.600000000000001,2.435,0.894999999999989));
#18774=CARTESIAN_POINT('',(-0.399999999999989,2.435,2.64499999999999));
#18775=CARTESIAN_POINT('',(-0.399999999999989,2.435,2.64499999999999));
#18776=CARTESIAN_POINT('',(-0.400000000000006,2.435,0.194999999999986));
#18777=CARTESIAN_POINT('',(-0.400000000000006,2.435,0.194999999999986));
#18778=CARTESIAN_POINT('',(-0.400000000000006,2.435,0.194999999999986));
#18779=CARTESIAN_POINT('Origin',(-0.399999999999989,2.435,2.64499999999999));
#18780=CARTESIAN_POINT('',(-0.599999999999989,2.085,2.64499999999999));
#18781=CARTESIAN_POINT('',(-0.599999999999989,2.435,2.64499999999999));
#18782=CARTESIAN_POINT('',(-0.399999999999989,2.085,2.64499999999999));
#18783=CARTESIAN_POINT('',(-0.399999999999989,2.085,2.64499999999999));
#18784=CARTESIAN_POINT('',(-0.399999999999989,2.435,2.64499999999999));
#18785=CARTESIAN_POINT('Origin',(-0.399999999999989,2.085,2.64499999999999));
#18786=CARTESIAN_POINT('',(-0.600000000000001,1.955,0.894999999999987));
#18787=CARTESIAN_POINT('',(-0.599999999999989,2.085,2.64499999999999));
#18788=CARTESIAN_POINT('',(-0.400000000000001,1.955,0.894999999999986));
#18789=CARTESIAN_POINT('',(-0.400000000000001,1.955,0.894999999999986));
#18790=CARTESIAN_POINT('',(-0.399999999999989,2.085,2.64499999999999));
#18791=CARTESIAN_POINT('Origin',(-0.400000000000001,1.955,0.894999999999986));
#18792=CARTESIAN_POINT('',(-0.600000000000006,1.955,0.194999999999988));
#18793=CARTESIAN_POINT('',(-0.600000000000001,1.955,0.894999999999987));
#18794=CARTESIAN_POINT('',(-0.400000000000006,1.955,0.194999999999987));
#18795=CARTESIAN_POINT('',(-0.400000000000006,1.955,0.194999999999987));
#18796=CARTESIAN_POINT('',(-0.400000000000001,1.955,0.894999999999986));
#18797=CARTESIAN_POINT('Origin',(-0.400000000000006,0.845000000000015,0.194999999999989));
#18798=CARTESIAN_POINT('',(-0.600000000000006,0.845000000000015,0.194999999999991));
#18799=CARTESIAN_POINT('',(-0.600000000000006,0.845000000000015,0.194999999999991));
#18800=CARTESIAN_POINT('',(-0.400000000000006,0.845000000000015,0.194999999999989));
#18801=CARTESIAN_POINT('',(-0.400000000000006,0.845000000000015,0.194999999999989));
#18802=CARTESIAN_POINT('',(-0.400000000000006,0.845000000000015,0.194999999999989));
#18803=CARTESIAN_POINT('Origin',(-0.400000000000007,0.845000000000014,0.0949999999999894));
#18804=CARTESIAN_POINT('',(-0.600000000000006,0.774289321881359,0.165710678118645));
#18805=CARTESIAN_POINT('Origin',(-0.600000000000006,0.845000000000014,0.0949999999999908));
#18806=CARTESIAN_POINT('',(-0.400000000000006,0.774289321881359,0.165710678118644));
#18807=CARTESIAN_POINT('',(-0.400000000000006,0.774289321881359,0.165710678118644));
#18808=CARTESIAN_POINT('Origin',(-0.400000000000007,0.845000000000014,0.0949999999999894));
#18809=CARTESIAN_POINT('Origin',(-0.40000000000001,0.324289321881352,-0.284289321881362));
#18810=CARTESIAN_POINT('',(-0.60000000000001,0.324289321881352,-0.28428932188136));
#18811=CARTESIAN_POINT('',(-0.60000000000001,0.324289321881352,-0.28428932188136));
#18812=CARTESIAN_POINT('',(-0.40000000000001,0.324289321881352,-0.284289321881362));
#18813=CARTESIAN_POINT('',(-0.40000000000001,0.324289321881352,-0.284289321881362));
#18814=CARTESIAN_POINT('',(-0.40000000000001,0.324289321881352,-0.284289321881362));
#18815=CARTESIAN_POINT('Origin',(-0.40000000000001,0.395000000000006,-0.355000000000017));
#18816=CARTESIAN_POINT('',(-0.60000000000001,0.295000000000006,-0.355000000000015));
#18817=CARTESIAN_POINT('Origin',(-0.60000000000001,0.395000000000006,-0.355000000000015));
#18818=CARTESIAN_POINT('',(-0.40000000000001,0.295000000000006,-0.355000000000017));
#18819=CARTESIAN_POINT('',(-0.40000000000001,0.295000000000006,-0.355000000000017));
#18820=CARTESIAN_POINT('Origin',(-0.40000000000001,0.395000000000006,-0.355000000000017));
#18821=CARTESIAN_POINT('Origin',(-0.40000000000001,0.295000000000006,-0.355000000000017));
#18822=CARTESIAN_POINT('',(-0.600000000000014,0.295000000000006,-0.955000000000019));
#18823=CARTESIAN_POINT('',(-0.60000000000001,0.295000000000006,-0.355000000000015));
#18824=CARTESIAN_POINT('',(-0.400000000000014,0.295000000000006,-0.95500000000002));
#18825=CARTESIAN_POINT('',(-0.400000000000014,0.295000000000006,-0.95500000000002));
#18826=CARTESIAN_POINT('',(-0.40000000000001,0.295000000000006,-0.355000000000017));
#18827=CARTESIAN_POINT('Origin',(-0.400000000000014,0.395000000000007,-0.95500000000002));
#18828=CARTESIAN_POINT('',(-0.600000000000014,0.495000000000008,-0.955000000000019));
#18829=CARTESIAN_POINT('Origin',(-0.600000000000014,0.395000000000007,-0.955000000000019));
#18830=CARTESIAN_POINT('',(-0.400000000000014,0.495000000000008,-0.95500000000002));
#18831=CARTESIAN_POINT('',(-0.400000000000014,0.495000000000008,-0.95500000000002));
#18832=CARTESIAN_POINT('Origin',(-0.400000000000014,0.395000000000007,-0.95500000000002));
#18833=CARTESIAN_POINT('Origin',(-0.400000000000014,0.495000000000008,-0.95500000000002));
#18834=CARTESIAN_POINT('',(-0.600000000000011,0.495000000000008,-0.575952050175088));
#18835=CARTESIAN_POINT('',(-0.600000000000014,0.495000000000008,-0.955000000000019));
#18836=CARTESIAN_POINT('',(-0.400000000000011,0.495000000000008,-0.575952050175089));
#18837=CARTESIAN_POINT('',(-0.400000000000011,0.495000000000008,-0.575952050175089));
#18838=CARTESIAN_POINT('',(-0.400000000000014,0.495000000000008,-0.95500000000002));
#18839=CARTESIAN_POINT('Origin',(-0.400000000000011,0.495000000000008,-0.575952050175089));
#18840=CARTESIAN_POINT('',(-0.600000000000009,0.886662728293735,-0.184289321881361));
#18841=CARTESIAN_POINT('',(-0.600000000000011,0.495000000000008,-0.575952050175088));
#18842=CARTESIAN_POINT('',(-0.400000000000009,0.886662728293735,-0.184289321881362));
#18843=CARTESIAN_POINT('',(-0.400000000000009,0.886662728293735,-0.184289321881362));
#18844=CARTESIAN_POINT('',(-0.400000000000011,0.495000000000008,-0.575952050175089));
#18845=CARTESIAN_POINT('Origin',(-0.400000000000009,0.95737340641239,-0.255000000000016));
#18846=CARTESIAN_POINT('',(-0.600000000000008,0.95737340641239,-0.155000000000015));
#18847=CARTESIAN_POINT('Origin',(-0.600000000000009,0.95737340641239,-0.255000000000015));
#18848=CARTESIAN_POINT('',(-0.400000000000008,0.95737340641239,-0.155000000000016));
#18849=CARTESIAN_POINT('',(-0.400000000000008,0.95737340641239,-0.155000000000016));
#18850=CARTESIAN_POINT('Origin',(-0.400000000000009,0.95737340641239,-0.255000000000016));
#18851=CARTESIAN_POINT('Origin',(-0.400000000000008,0.95737340641239,-0.155000000000016));
#18852=CARTESIAN_POINT('',(-0.600000000000008,2.655,-0.155000000000015));
#18853=CARTESIAN_POINT('',(-0.600000000000008,0.95737340641239,-0.155000000000015));
#18854=CARTESIAN_POINT('',(-0.400000000000008,2.655,-0.155000000000016));
#18855=CARTESIAN_POINT('',(-0.400000000000008,2.655,-0.155000000000016));
#18856=CARTESIAN_POINT('',(-0.400000000000008,0.95737340641239,-0.155000000000016));
#18857=CARTESIAN_POINT('Origin',(-0.400000000000008,2.655,-0.0550000000000163));
#18858=CARTESIAN_POINT('',(-0.600000000000008,2.755,-0.0550000000000142));
#18859=CARTESIAN_POINT('Origin',(-0.600000000000008,2.655,-0.0550000000000149));
#18860=CARTESIAN_POINT('',(-0.400000000000008,2.755,-0.0550000000000156));
#18861=CARTESIAN_POINT('',(-0.400000000000008,2.755,-0.0550000000000156));
#18862=CARTESIAN_POINT('Origin',(-0.400000000000008,2.655,-0.0550000000000163));
#18863=CARTESIAN_POINT('Origin',(-0.400000000000008,2.755,-0.0550000000000156));
#18864=CARTESIAN_POINT('',(-0.600000000000006,2.755,0.094999999999988));
#18865=CARTESIAN_POINT('',(-0.600000000000008,2.755,-0.0550000000000142));
#18866=CARTESIAN_POINT('',(-0.400000000000007,2.755,0.0949999999999866));
#18867=CARTESIAN_POINT('',(-0.400000000000007,2.755,0.0949999999999866));
#18868=CARTESIAN_POINT('',(-0.400000000000008,2.755,-0.0550000000000156));
#18869=CARTESIAN_POINT('Origin',(-0.400000000000007,2.655,0.0949999999999873));
#18870=CARTESIAN_POINT('',(-0.600000000000006,2.655,0.194999999999989));
#18871=CARTESIAN_POINT('Origin',(-0.600000000000006,2.655,0.0949999999999887));
#18872=CARTESIAN_POINT('',(-0.400000000000006,2.655,0.194999999999987));
#18873=CARTESIAN_POINT('',(-0.400000000000006,2.655,0.194999999999987));
#18874=CARTESIAN_POINT('Origin',(-0.400000000000007,2.655,0.0949999999999873));
#18875=CARTESIAN_POINT('Origin',(-0.400000000000006,2.655,0.194999999999987));
#18876=CARTESIAN_POINT('',(-0.600000000000006,2.655,0.194999999999989));
#18877=CARTESIAN_POINT('',(-0.400000000000006,2.655,0.194999999999987));
#18878=CARTESIAN_POINT('Origin',(-0.400000000000007,0.845000000000014,0.0949999999999894));
#18879=CARTESIAN_POINT('Origin',(-0.600000000000006,0.845000000000014,0.0949999999999908));
#18880=CARTESIAN_POINT('Origin',(1.6,2.435,0.894999999999987));
#18881=CARTESIAN_POINT('',(1.39999999999999,2.435,0.194999999999988));
#18882=CARTESIAN_POINT('',(1.40000000000001,2.435,2.64499999999999));
#18883=CARTESIAN_POINT('',(1.4,2.435,0.894999999999989));
#18884=CARTESIAN_POINT('',(1.60000000000001,2.435,2.64499999999999));
#18885=CARTESIAN_POINT('',(1.60000000000001,2.435,2.64499999999999));
#18886=CARTESIAN_POINT('',(1.59999999999999,2.435,0.194999999999986));
#18887=CARTESIAN_POINT('',(1.59999999999999,2.435,0.194999999999986));
#18888=CARTESIAN_POINT('',(1.59999999999999,2.435,0.194999999999986));
#18889=CARTESIAN_POINT('Origin',(1.60000000000001,2.435,2.64499999999999));
#18890=CARTESIAN_POINT('',(1.40000000000001,2.085,2.64499999999999));
#18891=CARTESIAN_POINT('',(1.40000000000001,2.435,2.64499999999999));
#18892=CARTESIAN_POINT('',(1.60000000000001,2.085,2.64499999999999));
#18893=CARTESIAN_POINT('',(1.60000000000001,2.085,2.64499999999999));
#18894=CARTESIAN_POINT('',(1.60000000000001,2.435,2.64499999999999));
#18895=CARTESIAN_POINT('Origin',(1.60000000000001,2.085,2.64499999999999));
#18896=CARTESIAN_POINT('',(1.4,1.955,0.894999999999987));
#18897=CARTESIAN_POINT('',(1.40000000000001,2.085,2.64499999999999));
#18898=CARTESIAN_POINT('',(1.6,1.955,0.894999999999986));
#18899=CARTESIAN_POINT('',(1.6,1.955,0.894999999999986));
#18900=CARTESIAN_POINT('',(1.60000000000001,2.085,2.64499999999999));
#18901=CARTESIAN_POINT('Origin',(1.6,1.955,0.894999999999986));
#18902=CARTESIAN_POINT('',(1.39999999999999,1.955,0.194999999999988));
#18903=CARTESIAN_POINT('',(1.4,1.955,0.894999999999987));
#18904=CARTESIAN_POINT('',(1.59999999999999,1.955,0.194999999999987));
#18905=CARTESIAN_POINT('',(1.59999999999999,1.955,0.194999999999987));
#18906=CARTESIAN_POINT('',(1.6,1.955,0.894999999999986));
#18907=CARTESIAN_POINT('Origin',(1.59999999999999,0.845000000000015,0.194999999999989));
#18908=CARTESIAN_POINT('',(1.39999999999999,0.845000000000015,0.194999999999991));
#18909=CARTESIAN_POINT('',(1.39999999999999,0.845000000000015,0.194999999999991));
#18910=CARTESIAN_POINT('',(1.59999999999999,0.845000000000015,0.194999999999989));
#18911=CARTESIAN_POINT('',(1.59999999999999,0.845000000000015,0.194999999999989));
#18912=CARTESIAN_POINT('',(1.59999999999999,0.845000000000015,0.194999999999989));
#18913=CARTESIAN_POINT('Origin',(1.59999999999999,0.845000000000014,0.0949999999999894));
#18914=CARTESIAN_POINT('',(1.39999999999999,0.774289321881359,0.165710678118645));
#18915=CARTESIAN_POINT('Origin',(1.39999999999999,0.845000000000014,0.0949999999999908));
#18916=CARTESIAN_POINT('',(1.59999999999999,0.774289321881359,0.165710678118644));
#18917=CARTESIAN_POINT('',(1.59999999999999,0.774289321881359,0.165710678118644));
#18918=CARTESIAN_POINT('Origin',(1.59999999999999,0.845000000000014,0.0949999999999894));
#18919=CARTESIAN_POINT('Origin',(1.59999999999999,0.324289321881352,-0.284289321881362));
#18920=CARTESIAN_POINT('',(1.39999999999999,0.324289321881352,-0.28428932188136));
#18921=CARTESIAN_POINT('',(1.39999999999999,0.324289321881352,-0.28428932188136));
#18922=CARTESIAN_POINT('',(1.59999999999999,0.324289321881352,-0.284289321881362));
#18923=CARTESIAN_POINT('',(1.59999999999999,0.324289321881352,-0.284289321881362));
#18924=CARTESIAN_POINT('',(1.59999999999999,0.324289321881352,-0.284289321881362));
#18925=CARTESIAN_POINT('Origin',(1.59999999999999,0.395000000000006,-0.355000000000017));
#18926=CARTESIAN_POINT('',(1.39999999999999,0.295000000000006,-0.355000000000015));
#18927=CARTESIAN_POINT('Origin',(1.39999999999999,0.395000000000006,-0.355000000000015));
#18928=CARTESIAN_POINT('',(1.59999999999999,0.295000000000006,-0.355000000000017));
#18929=CARTESIAN_POINT('',(1.59999999999999,0.295000000000006,-0.355000000000017));
#18930=CARTESIAN_POINT('Origin',(1.59999999999999,0.395000000000006,-0.355000000000017));
#18931=CARTESIAN_POINT('Origin',(1.59999999999999,0.295000000000006,-0.355000000000017));
#18932=CARTESIAN_POINT('',(1.39999999999999,0.295000000000006,-0.955000000000019));
#18933=CARTESIAN_POINT('',(1.39999999999999,0.295000000000006,-0.355000000000015));
#18934=CARTESIAN_POINT('',(1.59999999999999,0.295000000000006,-0.95500000000002));
#18935=CARTESIAN_POINT('',(1.59999999999999,0.295000000000006,-0.95500000000002));
#18936=CARTESIAN_POINT('',(1.59999999999999,0.295000000000006,-0.355000000000017));
#18937=CARTESIAN_POINT('Origin',(1.59999999999999,0.395000000000007,-0.95500000000002));
#18938=CARTESIAN_POINT('',(1.39999999999999,0.495000000000008,-0.955000000000019));
#18939=CARTESIAN_POINT('Origin',(1.39999999999999,0.395000000000007,-0.955000000000019));
#18940=CARTESIAN_POINT('',(1.59999999999999,0.495000000000008,-0.95500000000002));
#18941=CARTESIAN_POINT('',(1.59999999999999,0.495000000000008,-0.95500000000002));
#18942=CARTESIAN_POINT('Origin',(1.59999999999999,0.395000000000007,-0.95500000000002));
#18943=CARTESIAN_POINT('Origin',(1.59999999999999,0.495000000000008,-0.95500000000002));
#18944=CARTESIAN_POINT('',(1.39999999999999,0.495000000000008,-0.575952050175088));
#18945=CARTESIAN_POINT('',(1.39999999999999,0.495000000000008,-0.955000000000019));
#18946=CARTESIAN_POINT('',(1.59999999999999,0.495000000000008,-0.575952050175089));
#18947=CARTESIAN_POINT('',(1.59999999999999,0.495000000000008,-0.575952050175089));
#18948=CARTESIAN_POINT('',(1.59999999999999,0.495000000000008,-0.95500000000002));
#18949=CARTESIAN_POINT('Origin',(1.59999999999999,0.495000000000008,-0.575952050175089));
#18950=CARTESIAN_POINT('',(1.39999999999999,0.886662728293735,-0.184289321881361));
#18951=CARTESIAN_POINT('',(1.39999999999999,0.495000000000008,-0.575952050175088));
#18952=CARTESIAN_POINT('',(1.59999999999999,0.886662728293735,-0.184289321881362));
#18953=CARTESIAN_POINT('',(1.59999999999999,0.886662728293735,-0.184289321881362));
#18954=CARTESIAN_POINT('',(1.59999999999999,0.495000000000008,-0.575952050175089));
#18955=CARTESIAN_POINT('Origin',(1.59999999999999,0.95737340641239,-0.255000000000016));
#18956=CARTESIAN_POINT('',(1.39999999999999,0.95737340641239,-0.155000000000015));
#18957=CARTESIAN_POINT('Origin',(1.39999999999999,0.95737340641239,-0.255000000000015));
#18958=CARTESIAN_POINT('',(1.59999999999999,0.95737340641239,-0.155000000000016));
#18959=CARTESIAN_POINT('',(1.59999999999999,0.95737340641239,-0.155000000000016));
#18960=CARTESIAN_POINT('Origin',(1.59999999999999,0.95737340641239,-0.255000000000016));
#18961=CARTESIAN_POINT('Origin',(1.59999999999999,0.95737340641239,-0.155000000000016));
#18962=CARTESIAN_POINT('',(1.39999999999999,2.655,-0.155000000000015));
#18963=CARTESIAN_POINT('',(1.39999999999999,0.95737340641239,-0.155000000000015));
#18964=CARTESIAN_POINT('',(1.59999999999999,2.655,-0.155000000000016));
#18965=CARTESIAN_POINT('',(1.59999999999999,2.655,-0.155000000000016));
#18966=CARTESIAN_POINT('',(1.59999999999999,0.95737340641239,-0.155000000000016));
#18967=CARTESIAN_POINT('Origin',(1.59999999999999,2.655,-0.0550000000000163));
#18968=CARTESIAN_POINT('',(1.39999999999999,2.755,-0.0550000000000142));
#18969=CARTESIAN_POINT('Origin',(1.39999999999999,2.655,-0.0550000000000149));
#18970=CARTESIAN_POINT('',(1.59999999999999,2.755,-0.0550000000000156));
#18971=CARTESIAN_POINT('',(1.59999999999999,2.755,-0.0550000000000156));
#18972=CARTESIAN_POINT('Origin',(1.59999999999999,2.655,-0.0550000000000163));
#18973=CARTESIAN_POINT('Origin',(1.59999999999999,2.755,-0.0550000000000156));
#18974=CARTESIAN_POINT('',(1.39999999999999,2.755,0.094999999999988));
#18975=CARTESIAN_POINT('',(1.39999999999999,2.755,-0.0550000000000142));
#18976=CARTESIAN_POINT('',(1.59999999999999,2.755,0.0949999999999866));
#18977=CARTESIAN_POINT('',(1.59999999999999,2.755,0.0949999999999866));
#18978=CARTESIAN_POINT('',(1.59999999999999,2.755,-0.0550000000000156));
#18979=CARTESIAN_POINT('Origin',(1.59999999999999,2.655,0.0949999999999873));
#18980=CARTESIAN_POINT('',(1.39999999999999,2.655,0.194999999999989));
#18981=CARTESIAN_POINT('Origin',(1.39999999999999,2.655,0.0949999999999887));
#18982=CARTESIAN_POINT('',(1.59999999999999,2.655,0.194999999999987));
#18983=CARTESIAN_POINT('',(1.59999999999999,2.655,0.194999999999987));
#18984=CARTESIAN_POINT('Origin',(1.59999999999999,2.655,0.0949999999999873));
#18985=CARTESIAN_POINT('Origin',(1.59999999999999,2.655,0.194999999999987));
#18986=CARTESIAN_POINT('',(1.39999999999999,2.655,0.194999999999989));
#18987=CARTESIAN_POINT('',(1.59999999999999,2.655,0.194999999999987));
#18988=CARTESIAN_POINT('Origin',(1.59999999999999,0.845000000000014,0.0949999999999894));
#18989=CARTESIAN_POINT('Origin',(1.39999999999999,0.845000000000014,0.0949999999999908));
#18990=CARTESIAN_POINT('Origin',(2.70000000000002,0.904999999999994,3.39499999999997));
#18991=CARTESIAN_POINT('',(2.50000000000002,0.904999999999994,3.39499999999997));
#18992=CARTESIAN_POINT('',(2.50000000000002,1.55499999999999,3.39499999999997));
#18993=CARTESIAN_POINT('',(2.50000000000002,0.904999999999994,3.39499999999997));
#18994=CARTESIAN_POINT('',(2.70000000000002,1.55499999999999,3.39499999999997));
#18995=CARTESIAN_POINT('',(2.70000000000002,1.55499999999999,3.39499999999997));
#18996=CARTESIAN_POINT('',(2.70000000000002,0.904999999999994,3.39499999999997));
#18997=CARTESIAN_POINT('',(2.70000000000002,0.904999999999994,3.39499999999997));
#18998=CARTESIAN_POINT('',(2.70000000000002,0.904999999999994,3.39499999999997));
#18999=CARTESIAN_POINT('Origin',(2.70000000000002,1.55499999999999,3.39499999999997));
#19000=CARTESIAN_POINT('',(2.50000000000002,1.55499999999999,3.79499999999998));
#19001=CARTESIAN_POINT('',(2.50000000000002,1.55499999999999,3.39499999999997));
#19002=CARTESIAN_POINT('',(2.70000000000002,1.55499999999999,3.79499999999997));
#19003=CARTESIAN_POINT('',(2.70000000000002,1.55499999999999,3.79499999999997));
#19004=CARTESIAN_POINT('',(2.70000000000002,1.55499999999999,3.39499999999997));
#19005=CARTESIAN_POINT('Origin',(2.70000000000002,1.55499999999999,3.79499999999997));
#19006=CARTESIAN_POINT('',(2.50000000000002,1.455,3.89499999999997));
#19007=CARTESIAN_POINT('',(2.50000000000002,1.55499999999999,3.79499999999998));
#19008=CARTESIAN_POINT('',(2.70000000000002,1.455,3.89499999999997));
#19009=CARTESIAN_POINT('',(2.70000000000002,1.455,3.89499999999997));
#19010=CARTESIAN_POINT('',(2.70000000000002,1.55499999999999,3.79499999999997));
#19011=CARTESIAN_POINT('Origin',(2.70000000000002,1.455,3.89499999999997));
#19012=CARTESIAN_POINT('',(2.50000000000002,1.30499999999999,3.89499999999997));
#19013=CARTESIAN_POINT('',(2.50000000000002,1.455,3.89499999999997));
#19014=CARTESIAN_POINT('',(2.70000000000002,1.30499999999999,3.89499999999997));
#19015=CARTESIAN_POINT('',(2.70000000000002,1.30499999999999,3.89499999999997));
#19016=CARTESIAN_POINT('',(2.70000000000002,1.455,3.89499999999997));
#19017=CARTESIAN_POINT('Origin',(2.70000000000002,1.30499999999999,3.89499999999997));
#19018=CARTESIAN_POINT('',(2.50000000000002,1.30499999999999,3.84499999999997));
#19019=CARTESIAN_POINT('',(2.50000000000002,1.30499999999999,3.89499999999997));
#19020=CARTESIAN_POINT('',(2.70000000000002,1.30499999999999,3.84499999999997));
#19021=CARTESIAN_POINT('',(2.70000000000002,1.30499999999999,3.84499999999997));
#19022=CARTESIAN_POINT('',(2.70000000000002,1.30499999999999,3.89499999999997));
#19023=CARTESIAN_POINT('Origin',(2.70000000000002,1.25499999999999,3.84499999999997));
#19024=CARTESIAN_POINT('',(2.50000000000002,1.25499999999999,3.79499999999997));
#19025=CARTESIAN_POINT('Origin',(2.50000000000002,1.25499999999999,3.84499999999997));
#19026=CARTESIAN_POINT('',(2.70000000000002,1.25499999999999,3.79499999999997));
#19027=CARTESIAN_POINT('',(2.70000000000002,1.25499999999999,3.79499999999997));
#19028=CARTESIAN_POINT('Origin',(2.70000000000002,1.25499999999999,3.84499999999997));
#19029=CARTESIAN_POINT('Origin',(2.70000000000002,1.25499999999999,3.79499999999997));
#19030=CARTESIAN_POINT('',(2.50000000000002,1.14160254037844,3.79499999999997));
#19031=CARTESIAN_POINT('',(2.50000000000002,1.25499999999999,3.79499999999997));
#19032=CARTESIAN_POINT('',(2.70000000000002,1.14160254037844,3.79499999999997));
#19033=CARTESIAN_POINT('',(2.70000000000002,1.14160254037844,3.79499999999997));
#19034=CARTESIAN_POINT('',(2.70000000000002,1.25499999999999,3.79499999999997));
#19035=CARTESIAN_POINT('Origin',(2.70000000000002,1.14160254037844,3.84499999999997));
#19036=CARTESIAN_POINT('',(2.50000000000002,1.09830127018921,3.81999999999997));
#19037=CARTESIAN_POINT('Origin',(2.50000000000002,1.14160254037844,3.84499999999997));
#19038=CARTESIAN_POINT('',(2.70000000000002,1.09830127018921,3.81999999999997));
#19039=CARTESIAN_POINT('',(2.70000000000002,1.09830127018921,3.81999999999997));
#19040=CARTESIAN_POINT('Origin',(2.70000000000002,1.14160254037844,3.84499999999997));
#19041=CARTESIAN_POINT('Origin',(2.70000000000002,1.05499999999999,3.79499999999997));
#19042=CARTESIAN_POINT('',(2.50000000000002,1.05499999999999,3.84499999999997));
#19043=CARTESIAN_POINT('Origin',(2.50000000000002,1.05499999999999,3.79499999999997));
#19044=CARTESIAN_POINT('',(2.70000000000002,1.05499999999999,3.84499999999997));
#19045=CARTESIAN_POINT('',(2.70000000000002,1.05499999999999,3.84499999999997));
#19046=CARTESIAN_POINT('Origin',(2.70000000000002,1.05499999999999,3.79499999999997));
#19047=CARTESIAN_POINT('Origin',(2.70000000000002,1.05499999999999,3.84499999999997));
#19048=CARTESIAN_POINT('',(2.50000000000002,0.954999999999991,3.84499999999997));
#19049=CARTESIAN_POINT('',(2.50000000000002,1.05499999999999,3.84499999999997));
#19050=CARTESIAN_POINT('',(2.70000000000002,0.954999999999991,3.84499999999997));
#19051=CARTESIAN_POINT('',(2.70000000000002,0.954999999999991,3.84499999999997));
#19052=CARTESIAN_POINT('',(2.70000000000002,1.05499999999999,3.84499999999997));
#19053=CARTESIAN_POINT('Origin',(2.70000000000002,0.954999999999991,3.79499999999997));
#19054=CARTESIAN_POINT('',(2.50000000000002,0.911698729810769,3.81999999999997));
#19055=CARTESIAN_POINT('Origin',(2.50000000000002,0.954999999999991,3.79499999999997));
#19056=CARTESIAN_POINT('',(2.70000000000002,0.911698729810769,3.81999999999997));
#19057=CARTESIAN_POINT('',(2.70000000000002,0.911698729810769,3.81999999999997));
#19058=CARTESIAN_POINT('Origin',(2.70000000000002,0.954999999999991,3.79499999999997));
#19059=CARTESIAN_POINT('Origin',(2.70000000000002,0.868397459621548,3.84499999999997));
#19060=CARTESIAN_POINT('',(2.50000000000002,0.868397459621548,3.79499999999997));
#19061=CARTESIAN_POINT('Origin',(2.50000000000002,0.868397459621548,3.84499999999997));
#19062=CARTESIAN_POINT('',(2.70000000000002,0.868397459621548,3.79499999999997));
#19063=CARTESIAN_POINT('',(2.70000000000002,0.868397459621548,3.79499999999997));
#19064=CARTESIAN_POINT('Origin',(2.70000000000002,0.868397459621548,3.84499999999997));
#19065=CARTESIAN_POINT('Origin',(2.70000000000002,0.754999999999992,3.79499999999997));
#19066=CARTESIAN_POINT('',(2.50000000000002,0.754999999999992,3.79499999999997));
#19067=CARTESIAN_POINT('',(2.50000000000002,0.754999999999992,3.79499999999997));
#19068=CARTESIAN_POINT('',(2.70000000000002,0.754999999999992,3.79499999999997));
#19069=CARTESIAN_POINT('',(2.70000000000002,0.754999999999992,3.79499999999997));
#19070=CARTESIAN_POINT('',(2.70000000000002,0.754999999999992,3.79499999999997));
#19071=CARTESIAN_POINT('Origin',(2.70000000000002,0.754999999999992,3.84499999999997));
#19072=CARTESIAN_POINT('',(2.50000000000002,0.704999999999992,3.84499999999997));
#19073=CARTESIAN_POINT('Origin',(2.50000000000002,0.754999999999992,3.84499999999997));
#19074=CARTESIAN_POINT('',(2.70000000000002,0.704999999999992,3.84499999999997));
#19075=CARTESIAN_POINT('',(2.70000000000002,0.704999999999992,3.84499999999997));
#19076=CARTESIAN_POINT('Origin',(2.70000000000002,0.754999999999992,3.84499999999997));
#19077=CARTESIAN_POINT('Origin',(2.70000000000002,0.704999999999992,3.89499999999997));
#19078=CARTESIAN_POINT('',(2.50000000000002,0.704999999999992,3.89499999999997));
#19079=CARTESIAN_POINT('',(2.50000000000002,0.704999999999992,3.89499999999997));
#19080=CARTESIAN_POINT('',(2.70000000000002,0.704999999999992,3.89499999999997));
#19081=CARTESIAN_POINT('',(2.70000000000002,0.704999999999992,3.89499999999997));
#19082=CARTESIAN_POINT('',(2.70000000000002,0.704999999999992,3.89499999999997));
#19083=CARTESIAN_POINT('Origin',(2.70000000000002,0.704999999999992,3.89499999999997));
#19084=CARTESIAN_POINT('',(2.50000000000002,0.469999999999999,3.89499999999997));
#19085=CARTESIAN_POINT('',(2.50000000000002,0.704999999999992,3.89499999999997));
#19086=CARTESIAN_POINT('',(2.70000000000002,0.469999999999999,3.89499999999997));
#19087=CARTESIAN_POINT('',(2.70000000000002,0.469999999999999,3.89499999999997));
#19088=CARTESIAN_POINT('',(2.70000000000002,0.704999999999992,3.89499999999997));
#19089=CARTESIAN_POINT('Origin',(2.70000000000002,0.469999999999999,3.89499999999997));
#19090=CARTESIAN_POINT('',(2.50000000000002,0.334289321881336,3.75928932188131));
#19091=CARTESIAN_POINT('',(2.50000000000002,0.469999999999999,3.89499999999997));
#19092=CARTESIAN_POINT('',(2.70000000000002,0.334289321881336,3.75928932188131));
#19093=CARTESIAN_POINT('',(2.70000000000002,0.334289321881336,3.75928932188131));
#19094=CARTESIAN_POINT('',(2.70000000000002,0.469999999999999,3.89499999999997));
#19095=CARTESIAN_POINT('Origin',(2.70000000000002,0.404999999999992,3.68857864376265));
#19096=CARTESIAN_POINT('',(2.50000000000002,0.304999999999991,3.68857864376265));
#19097=CARTESIAN_POINT('Origin',(2.50000000000002,0.404999999999992,3.68857864376265));
#19098=CARTESIAN_POINT('',(2.70000000000002,0.304999999999991,3.68857864376265));
#19099=CARTESIAN_POINT('',(2.70000000000002,0.304999999999991,3.68857864376265));
#19100=CARTESIAN_POINT('Origin',(2.70000000000002,0.404999999999992,3.68857864376265));
#19101=CARTESIAN_POINT('Origin',(2.70000000000002,0.304999999999992,3.68857864376265));
#19102=CARTESIAN_POINT('',(2.50000000000001,0.304999999999992,2.60142135623728));
#19103=CARTESIAN_POINT('',(2.50000000000002,0.304999999999992,3.68857864376265));
#19104=CARTESIAN_POINT('',(2.70000000000001,0.304999999999992,2.60142135623728));
#19105=CARTESIAN_POINT('',(2.70000000000001,0.304999999999992,2.60142135623728));
#19106=CARTESIAN_POINT('',(2.70000000000002,0.304999999999992,3.68857864376265));
#19107=CARTESIAN_POINT('Origin',(2.70000000000001,0.404999999999992,2.60142135623728));
#19108=CARTESIAN_POINT('',(2.50000000000001,0.334289321881337,2.53071067811863));
#19109=CARTESIAN_POINT('Origin',(2.50000000000001,0.404999999999992,2.60142135623728));
#19110=CARTESIAN_POINT('',(2.70000000000001,0.334289321881337,2.53071067811863));
#19111=CARTESIAN_POINT('',(2.70000000000001,0.334289321881337,2.53071067811863));
#19112=CARTESIAN_POINT('Origin',(2.70000000000001,0.404999999999992,2.60142135623728));
#19113=CARTESIAN_POINT('Origin',(2.70000000000001,0.334289321881337,2.53071067811863));
#19114=CARTESIAN_POINT('',(2.50000000000001,0.469999999999999,2.39499999999997));
#19115=CARTESIAN_POINT('',(2.50000000000001,0.334289321881337,2.53071067811863));
#19116=CARTESIAN_POINT('',(2.70000000000001,0.469999999999999,2.39499999999996));
#19117=CARTESIAN_POINT('',(2.70000000000001,0.469999999999999,2.39499999999996));
#19118=CARTESIAN_POINT('',(2.70000000000001,0.334289321881337,2.53071067811863));
#19119=CARTESIAN_POINT('Origin',(2.70000000000001,0.469999999999999,2.39499999999996));
#19120=CARTESIAN_POINT('',(2.50000000000001,0.904999999999997,2.39499999999997));
#19121=CARTESIAN_POINT('',(2.50000000000001,0.469999999999999,2.39499999999997));
#19122=CARTESIAN_POINT('',(2.70000000000001,0.904999999999997,2.39499999999997));
#19123=CARTESIAN_POINT('',(2.70000000000001,0.904999999999997,2.39499999999997));
#19124=CARTESIAN_POINT('',(2.70000000000001,0.469999999999999,2.39499999999996));
#19125=CARTESIAN_POINT('Origin',(2.70000000000001,0.904999999999997,2.39499999999997));
#19126=CARTESIAN_POINT('',(2.50000000000001,0.904999999999997,2.39499999999997));
#19127=CARTESIAN_POINT('',(2.70000000000001,0.904999999999997,2.39499999999997));
#19128=CARTESIAN_POINT('Origin',(2.70000000000002,1.25499999999999,3.84499999999997));
#19129=CARTESIAN_POINT('Origin',(2.50000000000002,1.25499999999999,3.84499999999997));
#19130=CARTESIAN_POINT('Origin',(0.599999999999999,2.435,0.894999999999987));
#19131=CARTESIAN_POINT('',(0.399999999999994,2.435,0.194999999999988));
#19132=CARTESIAN_POINT('',(0.400000000000011,2.435,2.64499999999999));
#19133=CARTESIAN_POINT('',(0.399999999999999,2.435,0.894999999999989));
#19134=CARTESIAN_POINT('',(0.600000000000011,2.435,2.64499999999999));
#19135=CARTESIAN_POINT('',(0.600000000000011,2.435,2.64499999999999));
#19136=CARTESIAN_POINT('',(0.599999999999994,2.435,0.194999999999986));
#19137=CARTESIAN_POINT('',(0.599999999999994,2.435,0.194999999999986));
#19138=CARTESIAN_POINT('',(0.599999999999994,2.435,0.194999999999986));
#19139=CARTESIAN_POINT('Origin',(0.600000000000011,2.435,2.64499999999999));
#19140=CARTESIAN_POINT('',(0.400000000000011,2.085,2.64499999999999));
#19141=CARTESIAN_POINT('',(0.400000000000011,2.435,2.64499999999999));
#19142=CARTESIAN_POINT('',(0.600000000000011,2.085,2.64499999999999));
#19143=CARTESIAN_POINT('',(0.600000000000011,2.085,2.64499999999999));
#19144=CARTESIAN_POINT('',(0.600000000000011,2.435,2.64499999999999));
#19145=CARTESIAN_POINT('Origin',(0.600000000000011,2.085,2.64499999999999));
#19146=CARTESIAN_POINT('',(0.399999999999999,1.955,0.894999999999987));
#19147=CARTESIAN_POINT('',(0.400000000000011,2.085,2.64499999999999));
#19148=CARTESIAN_POINT('',(0.599999999999999,1.955,0.894999999999986));
#19149=CARTESIAN_POINT('',(0.599999999999999,1.955,0.894999999999986));
#19150=CARTESIAN_POINT('',(0.600000000000011,2.085,2.64499999999999));
#19151=CARTESIAN_POINT('Origin',(0.599999999999999,1.955,0.894999999999986));
#19152=CARTESIAN_POINT('',(0.399999999999994,1.955,0.194999999999988));
#19153=CARTESIAN_POINT('',(0.399999999999999,1.955,0.894999999999987));
#19154=CARTESIAN_POINT('',(0.599999999999994,1.955,0.194999999999987));
#19155=CARTESIAN_POINT('',(0.599999999999994,1.955,0.194999999999987));
#19156=CARTESIAN_POINT('',(0.599999999999999,1.955,0.894999999999986));
#19157=CARTESIAN_POINT('Origin',(0.599999999999994,0.845000000000015,0.194999999999989));
#19158=CARTESIAN_POINT('',(0.399999999999994,0.845000000000015,0.194999999999991));
#19159=CARTESIAN_POINT('',(0.399999999999994,0.845000000000015,0.194999999999991));
#19160=CARTESIAN_POINT('',(0.599999999999994,0.845000000000015,0.194999999999989));
#19161=CARTESIAN_POINT('',(0.599999999999994,0.845000000000015,0.194999999999989));
#19162=CARTESIAN_POINT('',(0.599999999999994,0.845000000000015,0.194999999999989));
#19163=CARTESIAN_POINT('Origin',(0.599999999999993,0.845000000000014,0.0949999999999894));
#19164=CARTESIAN_POINT('',(0.399999999999994,0.774289321881359,0.165710678118645));
#19165=CARTESIAN_POINT('Origin',(0.399999999999994,0.845000000000014,0.0949999999999908));
#19166=CARTESIAN_POINT('',(0.599999999999994,0.774289321881359,0.165710678118644));
#19167=CARTESIAN_POINT('',(0.599999999999994,0.774289321881359,0.165710678118644));
#19168=CARTESIAN_POINT('Origin',(0.599999999999993,0.845000000000014,0.0949999999999894));
#19169=CARTESIAN_POINT('Origin',(0.59999999999999,0.324289321881352,-0.284289321881362));
#19170=CARTESIAN_POINT('',(0.399999999999991,0.324289321881352,-0.28428932188136));
#19171=CARTESIAN_POINT('',(0.399999999999991,0.324289321881352,-0.28428932188136));
#19172=CARTESIAN_POINT('',(0.59999999999999,0.324289321881352,-0.284289321881362));
#19173=CARTESIAN_POINT('',(0.59999999999999,0.324289321881352,-0.284289321881362));
#19174=CARTESIAN_POINT('',(0.59999999999999,0.324289321881352,-0.284289321881362));
#19175=CARTESIAN_POINT('Origin',(0.59999999999999,0.395000000000006,-0.355000000000017));
#19176=CARTESIAN_POINT('',(0.39999999999999,0.295000000000006,-0.355000000000015));
#19177=CARTESIAN_POINT('Origin',(0.39999999999999,0.395000000000006,-0.355000000000015));
#19178=CARTESIAN_POINT('',(0.59999999999999,0.295000000000006,-0.355000000000017));
#19179=CARTESIAN_POINT('',(0.59999999999999,0.295000000000006,-0.355000000000017));
#19180=CARTESIAN_POINT('Origin',(0.59999999999999,0.395000000000006,-0.355000000000017));
#19181=CARTESIAN_POINT('Origin',(0.59999999999999,0.295000000000006,-0.355000000000017));
#19182=CARTESIAN_POINT('',(0.399999999999986,0.295000000000006,-0.955000000000019));
#19183=CARTESIAN_POINT('',(0.39999999999999,0.295000000000006,-0.355000000000015));
#19184=CARTESIAN_POINT('',(0.599999999999986,0.295000000000006,-0.95500000000002));
#19185=CARTESIAN_POINT('',(0.599999999999986,0.295000000000006,-0.95500000000002));
#19186=CARTESIAN_POINT('',(0.59999999999999,0.295000000000006,-0.355000000000017));
#19187=CARTESIAN_POINT('Origin',(0.599999999999986,0.395000000000007,-0.95500000000002));
#19188=CARTESIAN_POINT('',(0.399999999999986,0.495000000000008,-0.955000000000019));
#19189=CARTESIAN_POINT('Origin',(0.399999999999986,0.395000000000007,-0.955000000000019));
#19190=CARTESIAN_POINT('',(0.599999999999986,0.495000000000008,-0.95500000000002));
#19191=CARTESIAN_POINT('',(0.599999999999986,0.495000000000008,-0.95500000000002));
#19192=CARTESIAN_POINT('Origin',(0.599999999999986,0.395000000000007,-0.95500000000002));
#19193=CARTESIAN_POINT('Origin',(0.599999999999986,0.495000000000008,-0.95500000000002));
#19194=CARTESIAN_POINT('',(0.399999999999989,0.495000000000008,-0.575952050175088));
#19195=CARTESIAN_POINT('',(0.399999999999986,0.495000000000008,-0.955000000000019));
#19196=CARTESIAN_POINT('',(0.599999999999989,0.495000000000008,-0.575952050175089));
#19197=CARTESIAN_POINT('',(0.599999999999989,0.495000000000008,-0.575952050175089));
#19198=CARTESIAN_POINT('',(0.599999999999986,0.495000000000008,-0.95500000000002));
#19199=CARTESIAN_POINT('Origin',(0.599999999999989,0.495000000000008,-0.575952050175089));
#19200=CARTESIAN_POINT('',(0.399999999999991,0.886662728293735,-0.184289321881361));
#19201=CARTESIAN_POINT('',(0.399999999999989,0.495000000000008,-0.575952050175088));
#19202=CARTESIAN_POINT('',(0.599999999999991,0.886662728293735,-0.184289321881362));
#19203=CARTESIAN_POINT('',(0.599999999999991,0.886662728293735,-0.184289321881362));
#19204=CARTESIAN_POINT('',(0.599999999999989,0.495000000000008,-0.575952050175089));
#19205=CARTESIAN_POINT('Origin',(0.599999999999991,0.95737340641239,-0.255000000000016));
#19206=CARTESIAN_POINT('',(0.399999999999992,0.95737340641239,-0.155000000000015));
#19207=CARTESIAN_POINT('Origin',(0.399999999999991,0.95737340641239,-0.255000000000015));
#19208=CARTESIAN_POINT('',(0.599999999999992,0.95737340641239,-0.155000000000016));
#19209=CARTESIAN_POINT('',(0.599999999999992,0.95737340641239,-0.155000000000016));
#19210=CARTESIAN_POINT('Origin',(0.599999999999991,0.95737340641239,-0.255000000000016));
#19211=CARTESIAN_POINT('Origin',(0.599999999999992,0.95737340641239,-0.155000000000016));
#19212=CARTESIAN_POINT('',(0.399999999999992,2.655,-0.155000000000015));
#19213=CARTESIAN_POINT('',(0.399999999999992,0.95737340641239,-0.155000000000015));
#19214=CARTESIAN_POINT('',(0.599999999999992,2.655,-0.155000000000016));
#19215=CARTESIAN_POINT('',(0.599999999999992,2.655,-0.155000000000016));
#19216=CARTESIAN_POINT('',(0.599999999999992,0.95737340641239,-0.155000000000016));
#19217=CARTESIAN_POINT('Origin',(0.599999999999992,2.655,-0.0550000000000163));
#19218=CARTESIAN_POINT('',(0.399999999999992,2.755,-0.0550000000000142));
#19219=CARTESIAN_POINT('Origin',(0.399999999999992,2.655,-0.0550000000000149));
#19220=CARTESIAN_POINT('',(0.599999999999992,2.755,-0.0550000000000156));
#19221=CARTESIAN_POINT('',(0.599999999999992,2.755,-0.0550000000000156));
#19222=CARTESIAN_POINT('Origin',(0.599999999999992,2.655,-0.0550000000000163));
#19223=CARTESIAN_POINT('Origin',(0.599999999999992,2.755,-0.0550000000000156));
#19224=CARTESIAN_POINT('',(0.399999999999994,2.755,0.094999999999988));
#19225=CARTESIAN_POINT('',(0.399999999999992,2.755,-0.0550000000000142));
#19226=CARTESIAN_POINT('',(0.599999999999993,2.755,0.0949999999999866));
#19227=CARTESIAN_POINT('',(0.599999999999993,2.755,0.0949999999999866));
#19228=CARTESIAN_POINT('',(0.599999999999992,2.755,-0.0550000000000156));
#19229=CARTESIAN_POINT('Origin',(0.599999999999993,2.655,0.0949999999999873));
#19230=CARTESIAN_POINT('',(0.399999999999994,2.655,0.194999999999989));
#19231=CARTESIAN_POINT('Origin',(0.399999999999994,2.655,0.0949999999999887));
#19232=CARTESIAN_POINT('',(0.599999999999994,2.655,0.194999999999987));
#19233=CARTESIAN_POINT('',(0.599999999999994,2.655,0.194999999999987));
#19234=CARTESIAN_POINT('Origin',(0.599999999999993,2.655,0.0949999999999873));
#19235=CARTESIAN_POINT('Origin',(0.599999999999994,2.655,0.194999999999987));
#19236=CARTESIAN_POINT('',(0.399999999999994,2.655,0.194999999999989));
#19237=CARTESIAN_POINT('',(0.599999999999994,2.655,0.194999999999987));
#19238=CARTESIAN_POINT('Origin',(0.599999999999993,0.845000000000014,0.0949999999999894));
#19239=CARTESIAN_POINT('Origin',(0.399999999999994,0.845000000000014,0.0949999999999908));
#19240=CARTESIAN_POINT('Origin',(-3.00000000000004,3.255,0.195000000000027));
#19241=CARTESIAN_POINT('',(-2.50000000000001,3.255,0.195000000000004));
#19242=CARTESIAN_POINT('',(2.49999999999999,3.255,0.194999999999981));
#19243=CARTESIAN_POINT('',(-3.00000000000001,3.255,0.195000000000027));
#19244=CARTESIAN_POINT('',(2.49999999999999,2.755,0.194999999999981));
#19245=CARTESIAN_POINT('',(2.49999999999999,3.255,0.194999999999981));
#19246=CARTESIAN_POINT('',(1.59999999999999,2.755,0.194999999999988));
#19247=CARTESIAN_POINT('',(-4.00000000000004,2.755,0.195000000000027));
#19248=CARTESIAN_POINT('',(1.59999999999999,2.435,0.194999999999988));
#19249=CARTESIAN_POINT('',(1.59999999999999,2.755,0.194999999999988));
#19250=CARTESIAN_POINT('',(1.39999999999999,2.435,0.19499999999999));
#19251=CARTESIAN_POINT('',(1.39999999999999,2.435,0.19499999999999));
#19252=CARTESIAN_POINT('',(1.39999999999999,2.755,0.194999999999989));
#19253=CARTESIAN_POINT('',(1.39999999999999,2.755,0.194999999999989));
#19254=CARTESIAN_POINT('',(0.599999999999994,2.755,0.194999999999988));
#19255=CARTESIAN_POINT('',(-4.00000000000004,2.755,0.195000000000027));
#19256=CARTESIAN_POINT('',(0.599999999999994,2.435,0.194999999999988));
#19257=CARTESIAN_POINT('',(0.599999999999994,2.755,0.194999999999988));
#19258=CARTESIAN_POINT('',(0.399999999999994,2.435,0.19499999999999));
#19259=CARTESIAN_POINT('',(0.399999999999994,2.435,0.19499999999999));
#19260=CARTESIAN_POINT('',(0.399999999999995,2.755,0.194999999999996));
#19261=CARTESIAN_POINT('',(0.399999999999994,2.755,0.194999999999989));
#19262=CARTESIAN_POINT('',(-0.400000000000006,2.755,0.194999999999988));
#19263=CARTESIAN_POINT('',(-3.00000000000004,2.755,0.195000000000027));
#19264=CARTESIAN_POINT('',(-0.400000000000006,2.435,0.194999999999988));
#19265=CARTESIAN_POINT('',(-0.400000000000006,2.755,0.194999999999988));
#19266=CARTESIAN_POINT('',(-0.600000000000006,2.435,0.19499999999999));
#19267=CARTESIAN_POINT('',(-0.600000000000006,2.435,0.19499999999999));
#19268=CARTESIAN_POINT('',(-0.600000000000006,2.755,0.19500000000001));
#19269=CARTESIAN_POINT('',(-0.600000000000006,2.755,0.194999999999989));
#19270=CARTESIAN_POINT('',(-1.40000000000001,2.755,0.194999999999988));
#19271=CARTESIAN_POINT('',(-3.00000000000004,2.755,0.195000000000027));
#19272=CARTESIAN_POINT('',(-1.40000000000001,2.435,0.194999999999988));
#19273=CARTESIAN_POINT('',(-1.40000000000001,2.755,0.194999999999988));
#19274=CARTESIAN_POINT('',(-1.60000000000001,2.435,0.19499999999999));
#19275=CARTESIAN_POINT('',(-1.60000000000001,2.435,0.19499999999999));
#19276=CARTESIAN_POINT('',(-1.60000000000001,2.755,0.195000000000017));
#19277=CARTESIAN_POINT('',(-1.60000000000001,2.755,0.194999999999989));
#19278=CARTESIAN_POINT('',(-2.50000000000001,2.755,0.195000000000023));
#19279=CARTESIAN_POINT('',(-3.00000000000004,2.755,0.195000000000027));
#19280=CARTESIAN_POINT('',(-2.50000000000001,2.75500000000001,0.195000000000023));
#19281=CARTESIAN_POINT('Origin',(-2.99999999999998,3.25499999999999,3.89500000000003));
#19282=CARTESIAN_POINT('',(2.76000000000002,3.25499999999999,3.89499999999999));
#19283=CARTESIAN_POINT('',(2.76000000000002,3.10499999999999,3.89499999999999));
#19284=CARTESIAN_POINT('',(2.76000000000002,3.25499999999999,3.89499999999999));
#19285=CARTESIAN_POINT('',(-2.76000000000002,3.25499999999999,3.89500000000003));
#19286=CARTESIAN_POINT('',(-2.99999999999998,3.25499999999999,3.89500000000003));
#19287=CARTESIAN_POINT('',(-2.76000000000002,3.10499999999999,3.89499999999999));
#19288=CARTESIAN_POINT('',(-2.76000000000002,3.25499999999999,3.89499999999999));
#19289=CARTESIAN_POINT('',(-3.00000000000002,3.10499999999999,3.89499999999999));
#19290=CARTESIAN_POINT('',(-3.00000000000002,3.10499999999999,3.89499999999999));
#19291=CARTESIAN_POINT('',(-2.99999999999998,1.65499999999999,3.89500000000002));
#19292=CARTESIAN_POINT('',(-2.99999999999998,3.25499999999999,3.89500000000003));
#19293=CARTESIAN_POINT('',(-2.50000000000002,1.65499999999999,3.89499999999997));
#19294=CARTESIAN_POINT('',(-2.50000000000002,1.65499999999999,3.89500000000002));
#19295=CARTESIAN_POINT('',(-2.50000000000001,0.584999999999999,3.89499999999999));
#19296=CARTESIAN_POINT('',(-2.50000000000002,1.55499999999999,3.89499999999997));
#19297=CARTESIAN_POINT('',(-2.39354646509427,0.584999999999999,3.89499999999999));
#19298=CARTESIAN_POINT('',(-2.39354646509427,0.584999999999999,3.89499999999999));
#19299=CARTESIAN_POINT('',(-2.29000000000002,0.469999999999999,3.89499999999999));
#19300=CARTESIAN_POINT('',(-2.29000000000002,0.469999999999999,3.89499999999999));
#19301=CARTESIAN_POINT('',(-2.20000000000001,0.469999999999999,3.89499999999999));
#19302=CARTESIAN_POINT('',(-3.00000000000001,0.469999999999999,3.89499999999999));
#19303=CARTESIAN_POINT('',(-2.20000000000001,0.354999999999999,3.89499999999999));
#19304=CARTESIAN_POINT('',(-2.20000000000001,0.354999999999999,3.89499999999999));
#19305=CARTESIAN_POINT('',(2.20000000000001,0.354999999999999,3.89499999999999));
#19306=CARTESIAN_POINT('',(-2.99999999999998,0.354999999999992,3.89500000000002));
#19307=CARTESIAN_POINT('',(2.20000000000001,0.469999999999999,3.89499999999999));
#19308=CARTESIAN_POINT('',(2.20000000000001,0.354999999999999,3.89499999999999));
#19309=CARTESIAN_POINT('',(2.29000000000002,0.469999999999999,3.89499999999999));
#19310=CARTESIAN_POINT('',(3.00000000000001,0.469999999999999,3.89499999999999));
#19311=CARTESIAN_POINT('',(2.39354646509427,0.584999999999999,3.89499999999999));
#19312=CARTESIAN_POINT('',(2.29000000000002,0.469999999999999,3.89499999999999));
#19313=CARTESIAN_POINT('',(2.50000000000001,0.584999999999999,3.89499999999999));
#19314=CARTESIAN_POINT('',(2.39354646509427,0.584999999999999,3.89499999999999));
#19315=CARTESIAN_POINT('',(2.50000000000002,1.65499999999999,3.89499999999998));
#19316=CARTESIAN_POINT('',(2.50000000000002,1.55499999999999,3.89499999999997));
#19317=CARTESIAN_POINT('',(3.00000000000002,1.65499999999999,3.89499999999997));
#19318=CARTESIAN_POINT('',(-3.99999999999998,1.65499999999999,3.89500000000002));
#19319=CARTESIAN_POINT('',(3.00000000000002,3.10499999999999,3.89499999999999));
#19320=CARTESIAN_POINT('',(3.00000000000002,3.25500000000001,3.89499999999997));
#19321=CARTESIAN_POINT('',(3.00000000000002,3.10499999999999,3.89499999999999));
#19322=CARTESIAN_POINT('',(-2.34004150764192,2.99504150764193,3.89500000000002));
#19323=CARTESIAN_POINT('',(2.34004150764196,2.99504150764193,3.89499999999998));
#19324=CARTESIAN_POINT('',(-2.99999999999998,2.99504150764193,3.89500000000003));
#19325=CARTESIAN_POINT('',(2.34004150764196,2.35499999999999,3.89499999999998));
#19326=CARTESIAN_POINT('',(2.34004150764196,3.25499999999999,3.89499999999999));
#19327=CARTESIAN_POINT('',(2.55000000000002,2.355,3.89499999999998));
#19328=CARTESIAN_POINT('',(2.2,2.35499999999999,3.89499999999998));
#19329=CARTESIAN_POINT('',(2.55000000000001,1.75499999999999,3.89499999999998));
#19330=CARTESIAN_POINT('',(2.55000000000002,2.355,3.89499999999998));
#19331=CARTESIAN_POINT('',(2.34004150764196,1.75499999999999,3.89499999999998));
#19332=CARTESIAN_POINT('',(2.2,1.75499999999999,3.89499999999998));
#19333=CARTESIAN_POINT('',(2.34004150764196,0.614958492358051,3.89499999999998));
#19334=CARTESIAN_POINT('',(2.34004150764196,3.25499999999999,3.89499999999999));
#19335=CARTESIAN_POINT('',(-2.34004150764192,0.614958492358051,3.89500000000002));
#19336=CARTESIAN_POINT('',(-2.99999999999998,0.614958492358051,3.89500000000002));
#19337=CARTESIAN_POINT('',(-2.34004150764192,1.75499999999999,3.89500000000002));
#19338=CARTESIAN_POINT('',(-2.34004150764192,3.25499999999999,3.89500000000003));
#19339=CARTESIAN_POINT('',(-2.54999999999998,1.755,3.89500000000002));
#19340=CARTESIAN_POINT('',(-2.2,1.75499999999999,3.89500000000002));
#19341=CARTESIAN_POINT('',(-2.54999999999999,2.35499999999999,3.89500000000002));
#19342=CARTESIAN_POINT('',(-2.54999999999998,2.355,3.89500000000002));
#19343=CARTESIAN_POINT('',(-2.34004150764192,2.35499999999999,3.89500000000002));
#19344=CARTESIAN_POINT('',(-2.2,2.35499999999999,3.89500000000002));
#19345=CARTESIAN_POINT('',(-2.34004150764192,3.25499999999999,3.89500000000003));
#19346=CARTESIAN_POINT('Origin',(-2.99999999999998,0.354999999999991,3.89500000000002));
#19347=CARTESIAN_POINT('',(-2.20000000000001,0.354999999999999,0.584999999999976));
#19348=CARTESIAN_POINT('',(2.20000000000001,0.354999999999999,0.584999999999976));
#19349=CARTESIAN_POINT('',(-3.00000000000001,0.354999999999999,0.584999999999976));
#19350=CARTESIAN_POINT('',(2.20000000000001,0.354999999999999,-1.05500000000002));
#19351=CARTESIAN_POINT('',(-2.20000000000001,0.354999999999999,-1.05500000000002));
#19352=CARTESIAN_POINT('Origin',(3.2,2.855,0.894999999999984));
#19353=CARTESIAN_POINT('',(-2.2,0.755000000000002,0.895000000000018));
#19354=CARTESIAN_POINT('',(2.2,0.754999999999999,0.894999999999986));
#19355=CARTESIAN_POINT('',(3.2,0.755000000000002,0.895000000000015));
#19356=CARTESIAN_POINT('',(2.2,2.855,0.89499999999998));
#19357=CARTESIAN_POINT('',(2.2,2.855,0.894999999999984));
#19358=CARTESIAN_POINT('',(-2.2,2.855,0.895000000000012));
#19359=CARTESIAN_POINT('',(-2.2,2.855,0.894999999999984));
#19360=CARTESIAN_POINT('',(-2.2,2.855,0.895000000000022));
#19361=CARTESIAN_POINT('',(-0.400000000000001,2.435,0.895000000000007));
#19362=CARTESIAN_POINT('',(-0.399999999999998,1.955,0.895000000000007));
#19363=CARTESIAN_POINT('',(-0.400000000000001,0.445000000000004,0.895000000000008));
#19364=CARTESIAN_POINT('',(-0.600000000000001,1.955,0.894999999999987));
#19365=CARTESIAN_POINT('',(3.2,1.955,0.894999999999981));
#19366=CARTESIAN_POINT('',(-0.600000000000001,2.435,0.895000000000009));
#19367=CARTESIAN_POINT('',(-0.600000000000001,0.445000000000004,0.895000000000009));
#19368=CARTESIAN_POINT('',(-0.599999999999989,2.435,0.895000000000009));
#19369=CARTESIAN_POINT('',(-1.4,2.435,0.895000000000014));
#19370=CARTESIAN_POINT('',(-1.4,1.955,0.895000000000014));
#19371=CARTESIAN_POINT('',(-1.4,0.445000000000004,0.895000000000015));
#19372=CARTESIAN_POINT('',(-1.6,1.955,0.894999999999987));
#19373=CARTESIAN_POINT('',(3.2,1.955,0.894999999999981));
#19374=CARTESIAN_POINT('',(-1.6,2.435,0.895000000000015));
#19375=CARTESIAN_POINT('',(-1.6,0.445000000000004,0.895000000000016));
#19376=CARTESIAN_POINT('',(-1.59999999999999,2.435,0.895000000000016));
#19377=CARTESIAN_POINT('',(0.599999999999999,2.435,0.894999999999993));
#19378=CARTESIAN_POINT('',(0.600000000000002,1.955,0.894999999999993));
#19379=CARTESIAN_POINT('',(0.6,0.445000000000004,0.894999999999994));
#19380=CARTESIAN_POINT('',(0.399999999999999,1.955,0.894999999999987));
#19381=CARTESIAN_POINT('',(2.2,1.955,0.894999999999981));
#19382=CARTESIAN_POINT('',(0.399999999999999,2.435,0.894999999999994));
#19383=CARTESIAN_POINT('',(0.399999999999999,0.445000000000004,0.894999999999995));
#19384=CARTESIAN_POINT('',(0.400000000000011,2.435,0.894999999999995));
#19385=CARTESIAN_POINT('',(1.6,2.435,0.894999999999986));
#19386=CARTESIAN_POINT('',(1.6,1.955,0.894999999999986));
#19387=CARTESIAN_POINT('',(1.6,0.445000000000004,0.894999999999987));
#19388=CARTESIAN_POINT('',(1.4,1.955,0.894999999999987));
#19389=CARTESIAN_POINT('',(2.2,1.955,0.894999999999981));
#19390=CARTESIAN_POINT('',(1.4,2.435,0.894999999999987));
#19391=CARTESIAN_POINT('',(1.4,0.445000000000004,0.894999999999988));
#19392=CARTESIAN_POINT('',(1.40000000000001,2.435,0.894999999999988));
#19393=CARTESIAN_POINT('Origin',(3.2,0.755000000000002,0.894999999999977));
#19394=CARTESIAN_POINT('',(-2.19999999999998,0.754999999999992,3.695));
#19395=CARTESIAN_POINT('',(2.2,0.754999999999993,3.69499999999998));
#19396=CARTESIAN_POINT('',(3.20000000000002,0.754999999999993,3.69499999999998));
#19397=CARTESIAN_POINT('',(2.2,0.755000000000002,0.894999999999977));
#19398=CARTESIAN_POINT('',(-2.19999999999998,0.755000000000002,0.894999999999977));
#19399=CARTESIAN_POINT('Origin',(-2.2,2.855,0.895000000000022));
#19400=CARTESIAN_POINT('',(2.20000000000002,2.85499999999999,3.69499999999998));
#19401=CARTESIAN_POINT('',(2.20000000000002,2.855,0.895000000000022));
#19402=CARTESIAN_POINT('',(-2.2,2.85499999999999,3.695));
#19403=CARTESIAN_POINT('',(-2.19999999999998,2.85499999999999,3.69500000000002));
#19404=CARTESIAN_POINT('',(-2.2,2.855,0.895000000000022));
#19405=CARTESIAN_POINT('Origin',(-2.99999999999998,3.25499999999999,3.89500000000003));
#19406=CARTESIAN_POINT('',(2.76000000000002,3.255,1.13367513459479));
#19407=CARTESIAN_POINT('',(2.76000000000002,3.25499999999999,3.89500000000003));
#19408=CARTESIAN_POINT('',(2.5,3.255,1.13367513459479));
#19409=CARTESIAN_POINT('',(-3.99999999999998,3.255,1.13367513459479));
#19410=CARTESIAN_POINT('',(2.5,3.25499999999999,3.89500000000003));
#19411=CARTESIAN_POINT('',(-2.5,3.255,1.13367513459484));
#19412=CARTESIAN_POINT('',(-2.50000000000001,3.25499999999999,3.89500000000003));
#19413=CARTESIAN_POINT('',(-2.76000000000002,3.25499999999999,1.13367513459484));
#19414=CARTESIAN_POINT('',(-2.99999999999998,3.255,1.13367513459484));
#19415=CARTESIAN_POINT('',(-2.76000000000002,3.25499999999999,3.89500000000003));
#19416=CARTESIAN_POINT('Origin',(4.00000000000001,0.469999999999999,-1.05500000000002));
#19417=CARTESIAN_POINT('',(0.199999999999994,0.469999999999999,-0.355000000000009));
#19418=CARTESIAN_POINT('',(-0.200000000000029,0.469999999999998,-0.354999999999999));
#19419=CARTESIAN_POINT('',(3.99999999999999,0.469999999999999,-0.355000000000029));
#19420=CARTESIAN_POINT('',(0.399999999999992,0.469999999999999,-0.155000000000016));
#19421=CARTESIAN_POINT('',(0.399999999999991,0.469999999999999,-0.155000000000016));
#19422=CARTESIAN_POINT('',(0.399999999999994,0.469999999999999,0.194999999999989));
#19423=CARTESIAN_POINT('',(0.39999999999999,0.469999999999999,-0.355000000000015));
#19424=CARTESIAN_POINT('',(0.599999999999994,0.469999999999999,0.194999999999988));
#19425=CARTESIAN_POINT('',(0.399999999999994,0.469999999999999,0.194999999999989));
#19426=CARTESIAN_POINT('',(0.599999999999992,0.469999999999999,-0.155000000000016));
#19427=CARTESIAN_POINT('',(0.59999999999999,0.469999999999999,-0.355000000000017));
#19428=CARTESIAN_POINT('',(0.799999999999986,0.469999999999999,-0.355000000000014));
#19429=CARTESIAN_POINT('',(0.799999999999981,0.469999999999999,-0.355000000000009));
#19430=CARTESIAN_POINT('',(1.19999999999999,0.469999999999999,-0.355000000000016));
#19431=CARTESIAN_POINT('',(2.99999999999999,0.469999999999999,-0.355000000000029));
#19432=CARTESIAN_POINT('',(1.39999999999999,0.469999999999999,-0.155000000000015));
#19433=CARTESIAN_POINT('',(1.39999999999999,0.469999999999999,-0.155000000000016));
#19434=CARTESIAN_POINT('',(1.39999999999999,0.469999999999999,0.194999999999989));
#19435=CARTESIAN_POINT('',(1.39999999999999,0.469999999999999,-0.355000000000015));
#19436=CARTESIAN_POINT('',(1.59999999999999,0.469999999999999,0.194999999999988));
#19437=CARTESIAN_POINT('',(1.39999999999999,0.469999999999999,0.194999999999989));
#19438=CARTESIAN_POINT('',(1.59999999999999,0.469999999999999,-0.155000000000017));
#19439=CARTESIAN_POINT('',(1.59999999999999,0.469999999999999,-0.355000000000017));
#19440=CARTESIAN_POINT('',(1.79999999999999,0.469999999999999,-0.355000000000021));
#19441=CARTESIAN_POINT('',(1.79999999999999,0.469999999999999,-0.355000000000016));
#19442=CARTESIAN_POINT('',(3.00000000000001,0.469999999999999,-0.355000000000026));
#19443=CARTESIAN_POINT('',(2.99999999999999,0.469999999999999,-0.355000000000029));
#19444=CARTESIAN_POINT('',(3.00000000000001,0.469999999999999,2.39499999999996));
#19445=CARTESIAN_POINT('',(3.00000000000001,0.469999999999999,-1.05500000000002));
#19446=CARTESIAN_POINT('',(2.29000000000002,0.469999999999999,2.39499999999999));
#19447=CARTESIAN_POINT('',(2.50000000000001,0.469999999999999,2.39499999999997));
#19448=CARTESIAN_POINT('',(2.29000000000002,0.469999999999999,2.39499999999999));
#19449=CARTESIAN_POINT('',(2.20000000000001,0.469999999999999,0.584999999999976));
#19450=CARTESIAN_POINT('',(2.20000000000001,0.469999999999999,-1.05500000000002));
#19451=CARTESIAN_POINT('',(-2.20000000000001,0.469999999999999,0.584999999999976));
#19452=CARTESIAN_POINT('',(-3.00000000000001,0.469999999999999,0.584999999999976));
#19453=CARTESIAN_POINT('',(-2.20000000000001,0.469999999999999,-1.05500000000002));
#19454=CARTESIAN_POINT('',(-2.29000000000002,0.469999999999999,2.39499999999999));
#19455=CARTESIAN_POINT('',(-2.29000000000002,0.469999999999999,2.39499999999999));
#19456=CARTESIAN_POINT('',(-3.00000000000001,0.469999999999999,2.39500000000001));
#19457=CARTESIAN_POINT('',(-2.49999999999999,0.469999999999999,2.39500000000001));
#19458=CARTESIAN_POINT('',(-3.00000000000001,0.469999999999999,-0.354999999999982));
#19459=CARTESIAN_POINT('',(-3.00000000000001,0.469999999999999,-1.05500000000002));
#19460=CARTESIAN_POINT('',(-1.79999999999998,0.469999999999998,-0.354999999999988));
#19461=CARTESIAN_POINT('',(3.99999999999999,0.469999999999999,-0.355000000000029));
#19462=CARTESIAN_POINT('',(-1.60000000000001,0.469999999999999,-0.155000000000017));
#19463=CARTESIAN_POINT('',(-1.60000000000001,0.469999999999998,-0.155000000000018));
#19464=CARTESIAN_POINT('',(-1.60000000000001,0.469999999999999,0.194999999999989));
#19465=CARTESIAN_POINT('',(-1.60000000000001,0.469999999999999,-0.355000000000015));
#19466=CARTESIAN_POINT('',(-1.40000000000001,0.469999999999999,0.194999999999988));
#19467=CARTESIAN_POINT('',(-1.60000000000001,0.469999999999999,0.194999999999989));
#19468=CARTESIAN_POINT('',(-1.40000000000001,0.469999999999999,-0.155000000000016));
#19469=CARTESIAN_POINT('',(-1.40000000000001,0.469999999999999,-0.355000000000017));
#19470=CARTESIAN_POINT('',(-1.20000000000004,0.469999999999998,-0.354999999999992));
#19471=CARTESIAN_POINT('',(-1.20000000000004,0.469999999999998,-0.354999999999987));
#19472=CARTESIAN_POINT('',(-0.799999999999992,0.469999999999998,-0.354999999999995));
#19473=CARTESIAN_POINT('',(3.99999999999999,0.469999999999999,-0.355000000000029));
#19474=CARTESIAN_POINT('',(-0.600000000000008,0.469999999999999,-0.155000000000014));
#19475=CARTESIAN_POINT('',(-0.600000000000009,0.469999999999998,-0.155000000000015));
#19476=CARTESIAN_POINT('',(-0.600000000000006,0.469999999999999,0.194999999999989));
#19477=CARTESIAN_POINT('',(-0.60000000000001,0.469999999999999,-0.355000000000015));
#19478=CARTESIAN_POINT('',(-0.400000000000006,0.469999999999999,0.194999999999988));
#19479=CARTESIAN_POINT('',(-0.600000000000006,0.469999999999999,0.194999999999989));
#19480=CARTESIAN_POINT('',(-0.400000000000008,0.469999999999999,-0.155000000000016));
#19481=CARTESIAN_POINT('',(-0.40000000000001,0.469999999999999,-0.355000000000017));
#19482=CARTESIAN_POINT('',(-0.200000000000033,0.469999999999999,-0.354999999999995));
#19483=CARTESIAN_POINT('Origin',(-3.00000000000001,0.354999999999999,0.584999999999976));
#19484=CARTESIAN_POINT('',(2.20000000000001,0.354999999999999,0.584999999999976));
#19485=CARTESIAN_POINT('',(-2.20000000000001,0.354999999999999,0.584999999999976));
#19486=CARTESIAN_POINT('Origin',(3.20000000000002,0.754999999999993,3.69499999999998));
#19487=CARTESIAN_POINT('',(2.20000000000002,0.754999999999993,3.69499999999998));
#19488=CARTESIAN_POINT('',(-1.68650226864033,1.26849773135965,2.96164923849212));
#19489=CARTESIAN_POINT('Origin',(-2.19999999999998,2.85499999999999,3.69500000000002));
#19490=CARTESIAN_POINT('',(0.86323621034246,1.51823621034246,1.78590345831554));
#19491=CARTESIAN_POINT('',(-2.40439393345641,3.05939393345642,3.986904788656));
#19492=CARTESIAN_POINT('Origin',(-3.00000000000004,3.255,0.195000000000027));
#19493=CARTESIAN_POINT('',(-0.600000000000006,1.955,0.194999999999988));
#19494=CARTESIAN_POINT('',(-0.600000000000006,2.755,0.194999999999989));
#19495=CARTESIAN_POINT('',(-0.400000000000006,1.955,0.194999999999987));
#19496=CARTESIAN_POINT('',(-0.600000000000006,1.955,0.194999999999988));
#19497=CARTESIAN_POINT('',(-0.400000000000006,2.755,0.194999999999988));
#19498=CARTESIAN_POINT('Origin',(-3.00000000000004,3.255,0.195000000000027));
#19499=CARTESIAN_POINT('',(-1.60000000000001,1.955,0.194999999999988));
#19500=CARTESIAN_POINT('',(-1.60000000000001,2.755,0.194999999999989));
#19501=CARTESIAN_POINT('',(-1.40000000000001,1.955,0.194999999999987));
#19502=CARTESIAN_POINT('',(-1.60000000000001,1.955,0.194999999999988));
#19503=CARTESIAN_POINT('',(-1.40000000000001,2.755,0.194999999999988));
#19504=CARTESIAN_POINT('Origin',(3.99999999999999,3.25500000000001,-0.355000000000019));
#19505=CARTESIAN_POINT('',(-0.200000000000029,2.755,-0.35499999999999));
#19506=CARTESIAN_POINT('',(0.199999999999994,2.755,-0.355));
#19507=CARTESIAN_POINT('',(-3.00000000000004,2.755,-0.35499999999997));
#19508=CARTESIAN_POINT('',(0.199999999999994,3.25500000000001,-0.354999999999999));
#19509=CARTESIAN_POINT('',(-0.200000000000029,2.755,-0.354999999999991));
#19510=CARTESIAN_POINT('Origin',(3.99999999999999,3.25500000000001,-0.355000000000019));
#19511=CARTESIAN_POINT('',(-1.20000000000004,2.755,-0.354999999999983));
#19512=CARTESIAN_POINT('',(-1.20000000000004,2.755,-0.354999999999984));
#19513=CARTESIAN_POINT('',(-0.799999999999992,2.755,-0.354999999999986));
#19514=CARTESIAN_POINT('',(-3.00000000000004,2.755,-0.35499999999997));
#19515=CARTESIAN_POINT('',(-0.799999999999992,3.25500000000001,-0.354999999999985));
#19516=CARTESIAN_POINT('Origin',(-3.00000000000004,2.755,-0.35499999999997));
#19517=CARTESIAN_POINT('',(0.399999999999992,2.755,-0.155000000000008));
#19518=CARTESIAN_POINT('',(0.399999999999994,2.755,0.194999999999989));
#19519=CARTESIAN_POINT('',(0.399999999999987,2.755,-0.155000000000012));
#19520=CARTESIAN_POINT('',(-0.400000000000008,2.755,-0.155000000000008));
#19521=CARTESIAN_POINT('',(-0.200000000000029,2.755,-0.35499999999999));
#19522=CARTESIAN_POINT('',(-0.400000000000006,2.755,0.194999999999988));
#19523=CARTESIAN_POINT('Origin',(-3.00000000000004,2.755,-0.35499999999997));
#19524=CARTESIAN_POINT('',(-1.40000000000001,2.755,-0.155000000000008));
#19525=CARTESIAN_POINT('',(-1.20000000000004,2.755,-0.354999999999983));
#19526=CARTESIAN_POINT('',(-1.40000000000001,2.755,0.194999999999988));
#19527=CARTESIAN_POINT('',(-0.600000000000008,2.755,-0.155000000000006));
#19528=CARTESIAN_POINT('',(-0.600000000000006,2.755,0.194999999999989));
#19529=CARTESIAN_POINT('',(-0.600000000000013,2.755,-0.155000000000011));
#19530=CARTESIAN_POINT('Origin',(-2.50000000000001,2.75500000000001,-0.354999999999976));
#19531=CARTESIAN_POINT('',(-2.50000000000001,1.755,0.195000000000022));
#19532=CARTESIAN_POINT('',(-2.50000000000001,2.75500000000001,0.195000000000024));
#19533=CARTESIAN_POINT('',(-2.50000000000001,2.755,-0.354999999999974));
#19534=CARTESIAN_POINT('',(-2.50000000000001,2.755,-0.354999999999976));
#19535=CARTESIAN_POINT('',(-2.50000000000001,1.75500000000001,-0.354999999999979));
#19536=CARTESIAN_POINT('',(-2.50000000000001,3.25500000000001,-0.354999999999973));
#19537=CARTESIAN_POINT('',(-2.50000000000001,1.755,-0.354999999999976));
#19538=CARTESIAN_POINT('Origin',(-2.49999999999999,-1.12103877145985E-45,
-2.08078671480593E-14));
#19539=CARTESIAN_POINT('',(-2.50000000000001,0.584999999999999,2.39499999999999));
#19540=CARTESIAN_POINT('',(-2.50000000000001,0.904999999999997,2.39499999999997));
#19541=CARTESIAN_POINT('',(-2.50000000000001,0.304999999999996,2.39499999999997));
#19542=CARTESIAN_POINT('',(-2.50000000000001,0.584999999999999,2.39499999999999));
#19543=CARTESIAN_POINT('',(-2.50000000000002,1.55499999999999,3.79500000000002));
#19544=CARTESIAN_POINT('',(-2.50000000000002,1.55499999999999,3.79500000000002));
#19545=CARTESIAN_POINT('',(-2.50000000000002,1.55499999999999,3.39499999999997));
#19546=CARTESIAN_POINT('',(-2.50000000000002,1.55499999999999,3.39499999999997));
#19547=CARTESIAN_POINT('',(-2.50000000000002,0.904999999999994,3.39499999999997));
#19548=CARTESIAN_POINT('',(-2.50000000000002,0.904999999999994,3.39499999999997));
#19549=CARTESIAN_POINT('',(-2.50000000000001,0.904999999999997,2.39499999999997));
#19550=CARTESIAN_POINT('Origin',(-2.49999999999999,0.904999999999997,2.39500000000001));
#19551=CARTESIAN_POINT('',(-2.99999999999999,0.904999999999996,2.39500000000001));
#19552=CARTESIAN_POINT('',(-2.99999999999999,3.25500000000001,2.39500000000001));
#19553=CARTESIAN_POINT('',(-2.39354646509427,0.584999999999999,2.39499999999999));
#19554=CARTESIAN_POINT('',(-2.29000000000002,0.469999999999999,2.39499999999999));
#19555=CARTESIAN_POINT('',(-2.39354646509427,0.584999999999999,2.39499999999999));
#19556=CARTESIAN_POINT('',(-2.49999999999999,0.904999999999997,2.39500000000001));
#19557=CARTESIAN_POINT('Origin',(-3.00000000000001,3.25500000000001,-0.35499999999997));
#19558=CARTESIAN_POINT('',(-3.00000000000002,3.10499999999999,1.04707259421639));
#19559=CARTESIAN_POINT('',(-3.00000000000002,3.10499999999999,-1.05500000000002));
#19560=CARTESIAN_POINT('',(-3.,2.755,0.845000000000028));
#19561=CARTESIAN_POINT('',(-3.,2.755,0.845000000000028));
#19562=CARTESIAN_POINT('',(-3.00000000000001,2.755,0.195000000000026));
#19563=CARTESIAN_POINT('',(-3.00000000000001,2.755,-0.35499999999997));
#19564=CARTESIAN_POINT('',(-3.00000000000001,1.755,0.195000000000024));
#19565=CARTESIAN_POINT('',(-3.00000000000001,3.25500000000001,0.195000000000024));
#19566=CARTESIAN_POINT('',(-3.00000000000001,1.75500000000001,-0.354999999999978));
#19567=CARTESIAN_POINT('',(-3.00000000000001,1.75500000000001,-0.35499999999997));
#19568=CARTESIAN_POINT('',(-3.00000000000001,3.25500000000001,-0.35499999999997));
#19569=CARTESIAN_POINT('',(-2.99999999999998,0.904999999999993,3.39500000000001));
#19570=CARTESIAN_POINT('',(-3.00000000000001,0.904999999999994,-0.35499999999997));
#19571=CARTESIAN_POINT('',(-2.99999999999998,1.55499999999999,3.39500000000002));
#19572=CARTESIAN_POINT('',(-2.99999999999999,3.25500000000001,3.39500000000002));
#19573=CARTESIAN_POINT('',(-2.99999999999998,1.55499999999999,3.79500000000002));
#19574=CARTESIAN_POINT('',(-3.00000000000001,1.55499999999999,-0.35499999999997));
#19575=CARTESIAN_POINT('',(-2.99999999999998,1.55499999999999,3.79500000000002));
#19576=CARTESIAN_POINT('Origin',(3.99999999999999,3.25500000000001,-0.355000000000019));
#19577=CARTESIAN_POINT('',(-1.79999999999998,2.755,-0.354999999999979));
#19578=CARTESIAN_POINT('',(-3.00000000000004,2.755,-0.35499999999997));
#19579=CARTESIAN_POINT('',(-1.79999999999998,3.25500000000001,-0.354999999999978));
#19580=CARTESIAN_POINT('',(3.99999999999999,1.75500000000001,-0.355000000000025));
#19581=CARTESIAN_POINT('Origin',(-2.5,2.755,0.845000000000024));
#19582=CARTESIAN_POINT('',(-2.76000000000002,3.10499999999999,1.04707259421639));
#19583=CARTESIAN_POINT('',(-2.76000000000002,2.755,0.845000000000026));
#19584=CARTESIAN_POINT('',(-2.5,2.755,0.845000000000025));
#19585=CARTESIAN_POINT('',(-2.5,2.755,0.845000000000024));
#19586=CARTESIAN_POINT('',(-2.5,2.755,0.845000000000024));
#19587=CARTESIAN_POINT('',(-2.5,3.10499999999999,1.04707259421639));
#19588=CARTESIAN_POINT('Origin',(-2.50000000000001,2.75500000000001,-0.354999999999976));
#19589=CARTESIAN_POINT('',(-2.50000000000001,2.755,-0.354999999999976));
#19590=CARTESIAN_POINT('Origin',(-2.50000000000001,1.755,0.195000000000021));
#19591=CARTESIAN_POINT('',(-2.50000000000001,1.755,0.195000000000024));
#19592=CARTESIAN_POINT('Origin',(-2.49999999999998,1.55499999999999,3.89500000000001));
#19593=CARTESIAN_POINT('',(-2.99999999999998,1.55499999999999,3.79500000000002));
#19594=CARTESIAN_POINT('',(-2.49999999999998,1.55499999999999,3.39500000000002));
#19595=CARTESIAN_POINT('Origin',(-2.49999999999998,0.904999999999993,3.39500000000001));
#19596=CARTESIAN_POINT('',(-2.49999999999998,0.904999999999993,3.39500000000001));
#19597=CARTESIAN_POINT('Origin',(-2.49999999999998,1.55499999999999,3.39500000000001));
#19598=CARTESIAN_POINT('Origin',(-2.50000000000001,2.755,0.195000000000024));
#19599=CARTESIAN_POINT('',(-2.50000000000001,2.755,0.195000000000024));
#19600=CARTESIAN_POINT('Origin',(-2.50000000000001,2.755,0.195000000000024));
#19601=CARTESIAN_POINT('Origin',(-2.2,2.855,0.895000000000022));
#19602=CARTESIAN_POINT('',(-2.19999999999998,1.75499999999999,3.69500000000002));
#19603=CARTESIAN_POINT('',(-2.2,1.755,1.49500000000002));
#19604=CARTESIAN_POINT('',(-2.2,1.75499999999999,0.895000000000022));
#19605=CARTESIAN_POINT('',(-2.19999999999998,2.85499999999999,3.69500000000003));
#19606=CARTESIAN_POINT('',(-2.19999999999998,2.355,3.69500000000002));
#19607=CARTESIAN_POINT('',(-2.19999999999998,2.85499999999999,3.69500000000002));
#19608=CARTESIAN_POINT('',(-2.19999999999999,2.355,1.49500000000002));
#19609=CARTESIAN_POINT('',(-2.2,2.355,0.895000000000022));
#19610=CARTESIAN_POINT('',(-2.2,2.855,1.49500000000002));
#19611=CARTESIAN_POINT('Origin',(-2.2,2.355,1.49500000000002));
#19612=CARTESIAN_POINT('',(-2.34004150764192,2.35499999999999,3.89500000000002));
#19613=CARTESIAN_POINT('',(-2.55,2.355,1.49500000000002));
#19614=CARTESIAN_POINT('',(-2.55,2.355,1.49500000000002));
#19615=CARTESIAN_POINT('',(-2.2,2.355,1.49500000000002));
#19616=CARTESIAN_POINT('Origin',(-2.55,2.355,1.49500000000002));
#19617=CARTESIAN_POINT('',(-2.54999999999999,1.755,1.49500000000002));
#19618=CARTESIAN_POINT('',(-2.55,1.755,1.49500000000002));
#19619=CARTESIAN_POINT('',(-2.55,2.355,1.49500000000002));
#19620=CARTESIAN_POINT('Origin',(-2.2,1.755,1.49500000000002));
#19621=CARTESIAN_POINT('',(-2.34004150764192,1.75499999999999,3.89500000000002));
#19622=CARTESIAN_POINT('',(-2.54999999999998,1.755,1.49500000000002));
#19623=CARTESIAN_POINT('Origin',(-2.55,2.355,1.49500000000002));
#19624=CARTESIAN_POINT('Origin',(-2.20000000000001,0.354999999999999,-1.05500000000002));
#19625=CARTESIAN_POINT('Origin',(-2.39354646509427,0.584999999999999,2.39499999999999));
#19626=CARTESIAN_POINT('',(-2.39354646509427,0.584999999999999,2.39499999999999));
#19627=CARTESIAN_POINT('Origin',(-2.29000000000002,0.469999999999999,2.39499999999999));
#19628=CARTESIAN_POINT('Origin',(-2.49999999999998,1.55499999999999,3.79500000000002));
#19629=CARTESIAN_POINT('Origin',(-3.00000000000004,2.755,-0.35499999999997));
#19630=CARTESIAN_POINT('',(-1.60000000000001,2.755,-0.155000000000009));
#19631=CARTESIAN_POINT('',(-1.60000000000001,2.755,0.194999999999989));
#19632=CARTESIAN_POINT('',(-1.60000000000001,2.755,-0.155000000000014));
#19633=CARTESIAN_POINT('Origin',(-2.76000000000002,3.25499999999999,-1.05500000000002));
#19634=CARTESIAN_POINT('',(-2.76000000000002,3.10499999999999,-1.05500000000002));
#19635=CARTESIAN_POINT('Origin',(-3.00000000000002,3.10499999999999,-1.05500000000002));
#19636=CARTESIAN_POINT('Origin',(-2.34004150764192,3.25499999999999,3.89500000000003));
#19637=CARTESIAN_POINT('Origin',(-2.34004150764192,3.25499999999999,3.89500000000003));
#19638=CARTESIAN_POINT('Origin',(-1.60000000000001,-1.68362031548048E-31,
-1.34948954039518E-14));
#19639=CARTESIAN_POINT('',(-1.60000000000001,5.41179920971971E-16,-0.155000000000018));
#19640=CARTESIAN_POINT('',(-1.6,2.435,0.894999999999989));
#19641=CARTESIAN_POINT('',(-1.60000000000001,1.955,0.194999999999988));
#19642=CARTESIAN_POINT('Origin',(-1.40000000000001,-1.68362031548047E-31,
-1.48914887483956E-14));
#19643=CARTESIAN_POINT('',(-1.40000000000001,0.469999999999998,-0.155000000000016));
#19644=CARTESIAN_POINT('',(-1.40000000000001,1.955,0.194999999999987));
#19645=CARTESIAN_POINT('',(-1.4,2.435,0.894999999999987));
#19646=CARTESIAN_POINT('Origin',(-0.600000000000007,-1.68362031548048E-31,
-1.34948954039518E-14));
#19647=CARTESIAN_POINT('',(-0.600000000000008,5.41179920971963E-16,-0.155000000000016));
#19648=CARTESIAN_POINT('',(-0.600000000000001,2.435,0.894999999999989));
#19649=CARTESIAN_POINT('',(-0.600000000000006,1.955,0.194999999999988));
#19650=CARTESIAN_POINT('Origin',(-0.400000000000007,-1.68362031548047E-31,
-1.48914887483956E-14));
#19651=CARTESIAN_POINT('',(-0.400000000000008,0.469999999999998,-0.155000000000016));
#19652=CARTESIAN_POINT('',(-0.400000000000006,1.955,0.194999999999987));
#19653=CARTESIAN_POINT('',(-0.400000000000001,2.435,0.894999999999987));
#19654=CARTESIAN_POINT('Origin',(-1.60000000000001,5.41179920971971E-16,
-0.155000000000018));
#19655=CARTESIAN_POINT('Origin',(-1.20000000000004,3.25500000000001,-0.354999999999982));
#19656=CARTESIAN_POINT('Origin',(-0.600000000000008,5.41179920971963E-16,
-0.155000000000016));
#19657=CARTESIAN_POINT('Origin',(-0.200000000000029,3.25500000000001,-0.354999999999989));
#19658=CARTESIAN_POINT('Origin',(-0.600000000000001,2.435,0.894999999999989));
#19659=CARTESIAN_POINT('Origin',(-0.600000000000006,1.955,0.194999999999988));
#19660=CARTESIAN_POINT('Origin',(-1.6,2.435,0.894999999999989));
#19661=CARTESIAN_POINT('Origin',(-1.60000000000001,1.955,0.194999999999988));
#19662=CARTESIAN_POINT('Origin',(2.2,1.755,1.49499999999998));
#19663=CARTESIAN_POINT('',(2.55,1.755,1.49499999999998));
#19664=CARTESIAN_POINT('',(2.55000000000001,2.355,1.49499999999998));
#19665=CARTESIAN_POINT('',(2.55,2.355,1.49499999999998));
#19666=CARTESIAN_POINT('',(2.2,2.355,1.49499999999998));
#19667=CARTESIAN_POINT('',(2.2,2.355,1.49499999999998));
#19668=CARTESIAN_POINT('',(2.20000000000001,1.755,1.49499999999998));
#19669=CARTESIAN_POINT('',(2.2,2.855,1.49499999999998));
#19670=CARTESIAN_POINT('',(2.2,1.755,1.49499999999998));
#19671=CARTESIAN_POINT('Origin',(2.49999999999999,2.755,0.194999999999982));
#19672=CARTESIAN_POINT('',(2.99999999999999,2.755,0.19499999999998));
#19673=CARTESIAN_POINT('',(2.49999999999999,2.755,0.194999999999982));
#19674=CARTESIAN_POINT('',(2.5,2.755,0.844999999999982));
#19675=CARTESIAN_POINT('',(2.49999999999999,2.755,-0.355000000000018));
#19676=CARTESIAN_POINT('',(2.99999999999999,2.755,0.844999999999979));
#19677=CARTESIAN_POINT('',(2.5,2.755,0.844999999999982));
#19678=CARTESIAN_POINT('',(2.99999999999999,2.755,-0.355000000000019));
#19679=CARTESIAN_POINT('Origin',(2.49999999999999,2.755,0.194999999999982));
#19680=CARTESIAN_POINT('',(2.99999999999999,1.755,0.194999999999976));
#19681=CARTESIAN_POINT('',(2.49999999999999,1.755,0.194999999999977));
#19682=CARTESIAN_POINT('',(2.49999999999999,1.755,0.194999999999975));
#19683=CARTESIAN_POINT('',(2.49999999999999,2.75500000000001,0.194999999999979));
#19684=CARTESIAN_POINT('',(2.99999999999999,3.25500000000001,0.194999999999979));
#19685=CARTESIAN_POINT('Origin',(2.50000000000001,0.904999999999993,3.39499999999997));
#19686=CARTESIAN_POINT('',(3.00000000000001,0.904999999999994,3.39499999999997));
#19687=CARTESIAN_POINT('',(2.50000000000002,0.904999999999994,3.39499999999997));
#19688=CARTESIAN_POINT('',(2.50000000000001,0.904999999999993,3.39499999999997));
#19689=CARTESIAN_POINT('',(2.50000000000001,0.904999999999997,2.39499999999997));
#19690=CARTESIAN_POINT('',(2.50000000000001,0.904999999999997,2.39499999999997));
#19691=CARTESIAN_POINT('',(3.00000000000001,0.904999999999997,2.39499999999996));
#19692=CARTESIAN_POINT('',(2.50000000000001,0.904999999999997,2.39499999999996));
#19693=CARTESIAN_POINT('',(2.99999999999999,0.904999999999997,-0.355000000000019));
#19694=CARTESIAN_POINT('Origin',(2.50000000000001,1.55499999999999,3.39499999999997));
#19695=CARTESIAN_POINT('',(3.00000000000002,1.55499999999999,3.39499999999997));
#19696=CARTESIAN_POINT('',(2.50000000000002,1.55499999999999,3.39499999999997));
#19697=CARTESIAN_POINT('',(2.50000000000002,1.55499999999999,3.39499999999997));
#19698=CARTESIAN_POINT('',(2.50000000000002,0.904999999999994,3.39499999999997));
#19699=CARTESIAN_POINT('',(3.00000000000001,3.25500000000001,3.39499999999996));
#19700=CARTESIAN_POINT('Origin',(2.50000000000002,1.55499999999999,3.89499999999997));
#19701=CARTESIAN_POINT('',(3.00000000000002,1.55499999999999,3.79499999999997));
#19702=CARTESIAN_POINT('',(2.99999999999999,1.55499999999999,-0.355000000000019));
#19703=CARTESIAN_POINT('',(2.50000000000002,1.55499999999999,3.79499999999998));
#19704=CARTESIAN_POINT('',(2.50000000000002,1.55499999999999,3.79499999999998));
#19705=CARTESIAN_POINT('',(2.50000000000002,1.55499999999999,3.39499999999997));
#19706=CARTESIAN_POINT('Origin',(2.49999999999999,1.755,0.194999999999979));
#19707=CARTESIAN_POINT('',(2.99999999999999,1.75500000000001,-0.355000000000024));
#19708=CARTESIAN_POINT('',(2.49999999999999,1.75500000000001,-0.35500000000002));
#19709=CARTESIAN_POINT('',(2.99999999999999,1.75500000000001,-0.355000000000025));
#19710=CARTESIAN_POINT('',(2.49999999999999,1.75500000000001,-0.355000000000018));
#19711=CARTESIAN_POINT('',(2.99999999999999,1.755,-0.355000000000019));
#19712=CARTESIAN_POINT('Origin',(2.49999999999999,2.75500000000001,-0.355000000000018));
#19713=CARTESIAN_POINT('',(2.49999999999999,2.755,-0.355000000000016));
#19714=CARTESIAN_POINT('',(2.49999999999999,3.25500000000001,-0.355000000000016));
#19715=CARTESIAN_POINT('',(2.49999999999999,2.755,-0.355000000000016));
#19716=CARTESIAN_POINT('Origin',(-4.00000000000004,2.755,-0.35499999999997));
#19717=CARTESIAN_POINT('',(0.799999999999987,2.755,-0.355000000000004));
#19718=CARTESIAN_POINT('',(1.19999999999999,2.755,-0.355000000000007));
#19719=CARTESIAN_POINT('',(-4.00000000000004,2.755,-0.35499999999997));
#19720=CARTESIAN_POINT('',(0.599999999999992,2.755,-0.155000000000008));
#19721=CARTESIAN_POINT('',(0.799999999999985,2.755,-0.355000000000005));
#19722=CARTESIAN_POINT('',(0.599999999999994,2.755,0.194999999999988));
#19723=CARTESIAN_POINT('',(1.39999999999999,2.755,-0.155000000000007));
#19724=CARTESIAN_POINT('',(1.39999999999999,2.755,0.194999999999989));
#19725=CARTESIAN_POINT('',(1.39999999999999,2.755,-0.155000000000012));
#19726=CARTESIAN_POINT('Origin',(-4.00000000000004,2.755,-0.35499999999997));
#19727=CARTESIAN_POINT('',(1.79999999999999,2.755,-0.355000000000011));
#19728=CARTESIAN_POINT('',(-4.00000000000004,2.755,-0.35499999999997));
#19729=CARTESIAN_POINT('',(1.59999999999999,2.755,-0.155000000000009));
#19730=CARTESIAN_POINT('',(1.79999999999999,2.755,-0.355000000000012));
#19731=CARTESIAN_POINT('',(1.59999999999999,2.755,0.194999999999988));
#19732=CARTESIAN_POINT('Origin',(3.00000000000002,3.10499999999999,-1.05500000000002));
#19733=CARTESIAN_POINT('',(2.76000000000002,3.10499999999999,1.04707259421634));
#19734=CARTESIAN_POINT('',(2.76000000000002,3.10499999999999,-1.05500000000002));
#19735=CARTESIAN_POINT('',(3.00000000000002,3.10499999999999,1.04707259421634));
#19736=CARTESIAN_POINT('',(3.00000000000002,3.10499999999999,-1.05500000000002));
#19737=CARTESIAN_POINT('',(2.5,3.10499999999999,1.04707259421635));
#19738=CARTESIAN_POINT('Origin',(2.50000000000002,1.55499999999999,3.79499999999998));
#19739=CARTESIAN_POINT('',(3.00000000000002,1.55499999999999,3.79499999999997));
#19740=CARTESIAN_POINT('',(2.50000000000002,1.55499999999999,3.79499999999998));
#19741=CARTESIAN_POINT('Origin',(2.49999999999999,-1.12103877145985E-45,
-2.08078671480593E-14));
#19742=CARTESIAN_POINT('',(2.50000000000001,0.584999999999999,2.39499999999999));
#19743=CARTESIAN_POINT('',(2.50000000000001,0.584999999999999,2.39499999999999));
#19744=CARTESIAN_POINT('',(2.50000000000001,0.304999999999996,2.39499999999997));
#19745=CARTESIAN_POINT('Origin',(2.39354646509427,0.584999999999999,2.39499999999999));
#19746=CARTESIAN_POINT('',(2.39354646509427,0.584999999999999,2.39499999999999));
#19747=CARTESIAN_POINT('',(2.39354646509427,0.584999999999999,2.39499999999999));
#19748=CARTESIAN_POINT('',(2.39354646509427,0.584999999999999,2.39499999999999));
#19749=CARTESIAN_POINT('Origin',(2.2,1.755,1.49499999999998));
#19750=CARTESIAN_POINT('',(2.20000000000002,1.755,3.69499999999998));
#19751=CARTESIAN_POINT('',(2.2,1.755,0.894999999999984));
#19752=CARTESIAN_POINT('',(2.34004150764196,1.75499999999999,3.89499999999998));
#19753=CARTESIAN_POINT('',(2.55,1.755,1.49499999999998));
#19754=CARTESIAN_POINT('Origin',(2.55,2.355,1.49499999999998));
#19755=CARTESIAN_POINT('',(2.55000000000002,2.355,1.49499999999998));
#19756=CARTESIAN_POINT('Origin',(2.2,2.355,1.49499999999998));
#19757=CARTESIAN_POINT('',(2.20000000000002,2.35499999999999,3.69499999999998));
#19758=CARTESIAN_POINT('',(2.34004150764196,2.35499999999999,3.89499999999998));
#19759=CARTESIAN_POINT('',(2.2,2.35499999999999,0.894999999999984));
#19760=CARTESIAN_POINT('Origin',(1.4,2.435,0.894999999999989));
#19761=CARTESIAN_POINT('',(1.4,2.435,0.894999999999989));
#19762=CARTESIAN_POINT('',(1.6,2.435,0.894999999999987));
#19763=CARTESIAN_POINT('Origin',(1.39999999999999,1.955,0.194999999999988));
#19764=CARTESIAN_POINT('',(1.59999999999999,1.955,0.194999999999987));
#19765=CARTESIAN_POINT('',(1.59999999999999,1.955,0.194999999999987));
#19766=CARTESIAN_POINT('',(1.39999999999999,1.955,0.194999999999988));
#19767=CARTESIAN_POINT('',(1.39999999999999,1.955,0.194999999999988));
#19768=CARTESIAN_POINT('',(1.39999999999999,1.955,0.194999999999988));
#19769=CARTESIAN_POINT('Origin',(0.399999999999999,2.435,0.894999999999989));
#19770=CARTESIAN_POINT('',(0.399999999999999,2.435,0.894999999999989));
#19771=CARTESIAN_POINT('',(0.599999999999999,2.435,0.894999999999987));
#19772=CARTESIAN_POINT('Origin',(0.399999999999994,1.955,0.194999999999988));
#19773=CARTESIAN_POINT('',(0.599999999999994,1.955,0.194999999999987));
#19774=CARTESIAN_POINT('',(0.599999999999994,1.955,0.194999999999987));
#19775=CARTESIAN_POINT('',(0.399999999999994,1.955,0.194999999999988));
#19776=CARTESIAN_POINT('',(0.399999999999994,1.955,0.194999999999988));
#19777=CARTESIAN_POINT('',(0.399999999999994,1.955,0.194999999999988));
#19778=CARTESIAN_POINT('Origin',(2.2,2.855,0.894999999999984));
#19779=CARTESIAN_POINT('',(2.20000000000002,2.85499999999999,3.69499999999999));
#19780=CARTESIAN_POINT('',(2.20000000000002,2.85499999999999,3.69499999999999));
#19781=CARTESIAN_POINT('Origin',(2.49999999999999,2.75500000000001,-0.355000000000018));
#19782=CARTESIAN_POINT('',(2.5,2.755,0.844999999999982));
#19783=CARTESIAN_POINT('Origin',(2.5,2.755,0.844999999999982));
#19784=CARTESIAN_POINT('',(2.76000000000002,2.755,0.844999999999981));
#19785=CARTESIAN_POINT('',(3.,2.755,0.84499999999998));
#19786=CARTESIAN_POINT('Origin',(2.76000000000002,3.25499999999999,-1.05500000000002));
#19787=CARTESIAN_POINT('Origin',(2.29000000000002,0.469999999999999,2.39499999999999));
#19788=CARTESIAN_POINT('',(2.29000000000002,0.469999999999999,2.39499999999999));
#19789=CARTESIAN_POINT('Origin',(2.50000000000001,0.904999999999997,2.39499999999997));
#19790=CARTESIAN_POINT('',(3.00000000000001,3.25500000000001,2.39499999999996));
#19791=CARTESIAN_POINT('Origin',(2.99999999999999,3.25500000000001,-0.355000000000019));
#19792=CARTESIAN_POINT('',(2.99999999999999,3.25500000000001,-0.355000000000019));
#19793=CARTESIAN_POINT('Origin',(2.99999999999999,3.25500000000001,-0.355000000000019));
#19794=CARTESIAN_POINT('',(1.79999999999999,2.755,-0.355000000000013));
#19795=CARTESIAN_POINT('Origin',(1.79999999999999,3.25500000000001,-0.355000000000011));
#19796=CARTESIAN_POINT('',(1.59999999999999,0.469999999999998,-0.155000000000017));
#19797=CARTESIAN_POINT('Origin',(1.59999999999999,-1.68362031548047E-31,
-1.48914887483956E-14));
#19798=CARTESIAN_POINT('',(1.59999999999999,2.755,0.194999999999988));
#19799=CARTESIAN_POINT('Origin',(-4.00000000000004,3.255,0.195000000000027));
#19800=CARTESIAN_POINT('',(1.39999999999999,2.755,0.194999999999989));
#19801=CARTESIAN_POINT('Origin',(1.39999999999999,-1.68362031548048E-31,
-1.34948954039518E-14));
#19802=CARTESIAN_POINT('',(1.39999999999999,5.41179920971965E-16,-0.155000000000017));
#19803=CARTESIAN_POINT('Origin',(1.39999999999999,5.41179920971965E-16,
-0.155000000000017));
#19804=CARTESIAN_POINT('',(1.19999999999999,3.25500000000001,-0.355000000000007));
#19805=CARTESIAN_POINT('Origin',(2.99999999999999,3.25500000000001,-0.355000000000019));
#19806=CARTESIAN_POINT('',(0.799999999999986,2.755,-0.355000000000006));
#19807=CARTESIAN_POINT('Origin',(0.799999999999986,3.25500000000001,-0.355000000000004));
#19808=CARTESIAN_POINT('',(0.599999999999992,0.469999999999998,-0.155000000000016));
#19809=CARTESIAN_POINT('Origin',(0.599999999999993,-1.68362031548047E-31,
-1.48914887483956E-14));
#19810=CARTESIAN_POINT('',(0.599999999999994,2.755,0.194999999999988));
#19811=CARTESIAN_POINT('Origin',(-4.00000000000004,3.255,0.195000000000027));
#19812=CARTESIAN_POINT('',(0.399999999999994,2.755,0.194999999999989));
#19813=CARTESIAN_POINT('Origin',(0.399999999999993,-1.68362031548048E-31,
-1.34948954039518E-14));
#19814=CARTESIAN_POINT('',(0.399999999999992,5.41179920971967E-16,-0.155000000000017));
#19815=CARTESIAN_POINT('Origin',(0.399999999999992,5.41179920971967E-16,
-0.155000000000017));
#19816=CARTESIAN_POINT('Origin',(2.20000000000001,0.354999999999999,-1.05500000000002));
#19817=CARTESIAN_POINT('Origin',(2.34004150764196,3.25499999999999,3.89499999999999));
#19818=CARTESIAN_POINT('Origin',(2.34004150764196,3.25499999999999,3.89499999999999));
#19819=CARTESIAN_POINT('',(1.66533453693773E-15,-0.652641298651401,-0.293507236126879));
#19820=CARTESIAN_POINT('',(1.66533453693773E-15,-0.652641298651401,-0.293507236126879));
#19821=CARTESIAN_POINT('',(2.22044604925031E-15,-0.652641298651401,-0.293507236126879));
#19822=CARTESIAN_POINT('',(0.,0.,0.));
#19823=CARTESIAN_POINT('Origin',(0.526,-0.276,0.376));
#19824=CARTESIAN_POINT('',(0.55,-0.276,0.376));
#19825=CARTESIAN_POINT('',(0.526,-0.3,0.376));
#19826=CARTESIAN_POINT('Origin',(0.526,-0.276,0.376));
#19827=CARTESIAN_POINT('',(0.526,-0.276,0.4));
#19828=CARTESIAN_POINT('Origin',(0.526,-0.276,0.376));
#19829=CARTESIAN_POINT('Origin',(0.526,-0.276,0.376));
#19830=CARTESIAN_POINT('Origin',(0.274,-0.276,0.376));
#19831=CARTESIAN_POINT('',(0.274,-0.3,0.376));
#19832=CARTESIAN_POINT('',(0.25,-0.276,0.376));
#19833=CARTESIAN_POINT('Origin',(0.274,-0.276,0.376));
#19834=CARTESIAN_POINT('',(0.274,-0.276,0.4));
#19835=CARTESIAN_POINT('Origin',(0.274,-0.276,0.376));
#19836=CARTESIAN_POINT('Origin',(0.274,-0.276,0.376));
#19837=CARTESIAN_POINT('Origin',(0.4,-0.276,0.376));
#19838=CARTESIAN_POINT('',(0.4,-0.276,0.4));
#19839=CARTESIAN_POINT('',(0.4,-0.3,0.376));
#19840=CARTESIAN_POINT('Origin',(0.526,0.276,0.376));
#19841=CARTESIAN_POINT('',(0.526,0.3,0.376));
#19842=CARTESIAN_POINT('',(0.55,0.276,0.376));
#19843=CARTESIAN_POINT('Origin',(0.526,0.276,0.376));
#19844=CARTESIAN_POINT('',(0.526,0.276,0.4));
#19845=CARTESIAN_POINT('Origin',(0.526,0.276,0.376));
#19846=CARTESIAN_POINT('Origin',(0.526,0.276,0.376));
#19847=CARTESIAN_POINT('Origin',(0.526,-0.276,0.0239999999999999));
#19848=CARTESIAN_POINT('',(0.526,-0.276,-1.11022302462516E-16));
#19849=CARTESIAN_POINT('',(0.526,-0.3,0.0239999999999999));
#19850=CARTESIAN_POINT('Origin',(0.526,-0.276,0.0239999999999999));
#19851=CARTESIAN_POINT('',(0.55,-0.276,0.0239999999999999));
#19852=CARTESIAN_POINT('Origin',(0.526,-0.276,0.0239999999999999));
#19853=CARTESIAN_POINT('Origin',(0.526,-0.276,0.0239999999999999));
#19854=CARTESIAN_POINT('Origin',(0.274,0.276,0.376));
#19855=CARTESIAN_POINT('',(0.274,0.3,0.376));
#19856=CARTESIAN_POINT('',(0.274,0.276,0.4));
#19857=CARTESIAN_POINT('Origin',(0.274,0.276,0.376));
#19858=CARTESIAN_POINT('',(0.25,0.276,0.376));
#19859=CARTESIAN_POINT('Origin',(0.274,0.276,0.376));
#19860=CARTESIAN_POINT('Origin',(0.274,0.276,0.376));
#19861=CARTESIAN_POINT('Origin',(0.274,-0.276,0.024));
#19862=CARTESIAN_POINT('',(0.274,-0.276,-5.55111512312578E-17));
#19863=CARTESIAN_POINT('',(0.25,-0.276,0.024));
#19864=CARTESIAN_POINT('Origin',(0.274,-0.276,0.024));
#19865=CARTESIAN_POINT('',(0.274,-0.3,0.024));
#19866=CARTESIAN_POINT('Origin',(0.274,-0.276,0.024));
#19867=CARTESIAN_POINT('Origin',(0.274,-0.276,0.024));
#19868=CARTESIAN_POINT('Origin',(0.4,-0.276,0.024));
#19869=CARTESIAN_POINT('',(0.4,-0.276,-5.55111512312578E-17));
#19870=CARTESIAN_POINT('',(0.4,-0.3,0.024));
#19871=CARTESIAN_POINT('Origin',(0.274,-0.276,0.2));
#19872=CARTESIAN_POINT('',(0.25,-0.276,0.2));
#19873=CARTESIAN_POINT('',(0.274,-0.3,0.2));
#19874=CARTESIAN_POINT('Origin',(0.526,0.276,0.0239999999999999));
#19875=CARTESIAN_POINT('',(0.526,0.276,-1.11022302462516E-16));
#19876=CARTESIAN_POINT('',(0.55,0.276,0.0239999999999999));
#19877=CARTESIAN_POINT('Origin',(0.526,0.276,0.0239999999999999));
#19878=CARTESIAN_POINT('',(0.526,0.3,0.0239999999999999));
#19879=CARTESIAN_POINT('Origin',(0.526,0.276,0.0239999999999999));
#19880=CARTESIAN_POINT('Origin',(0.526,0.276,0.0239999999999999));
#19881=CARTESIAN_POINT('Origin',(0.274,0.276,0.024));
#19882=CARTESIAN_POINT('',(0.274,0.3,0.024));
#19883=CARTESIAN_POINT('',(0.25,0.276,0.024));
#19884=CARTESIAN_POINT('Origin',(0.274,0.276,0.024));
#19885=CARTESIAN_POINT('',(0.274,0.276,-5.55111512312578E-17));
#19886=CARTESIAN_POINT('Origin',(0.274,0.276,0.024));
#19887=CARTESIAN_POINT('Origin',(0.274,0.276,0.024));
#19888=CARTESIAN_POINT('Origin',(0.4,0.276,0.024));
#19889=CARTESIAN_POINT('',(0.4,0.276,-5.55111512312578E-17));
#19890=CARTESIAN_POINT('',(0.4,0.3,0.024));
#19891=CARTESIAN_POINT('Origin',(0.274,-5.55111512312578E-17,0.024));
#19892=CARTESIAN_POINT('',(0.274,-5.55111512312578E-17,-5.55111512312578E-17));
#19893=CARTESIAN_POINT('',(0.25,-5.55111512312578E-17,0.024));
#19894=CARTESIAN_POINT('Origin',(0.274,0.276,0.2));
#19895=CARTESIAN_POINT('',(0.274,0.3,0.2));
#19896=CARTESIAN_POINT('',(0.25,0.276,0.2));
#19897=CARTESIAN_POINT('Origin',(0.526,0.276,0.2));
#19898=CARTESIAN_POINT('',(0.55,0.276,0.2));
#19899=CARTESIAN_POINT('',(0.526,0.3,0.2));
#19900=CARTESIAN_POINT('Origin',(0.526,-5.55111512312578E-17,0.0239999999999999));
#19901=CARTESIAN_POINT('',(0.526,-5.55111512312578E-17,-1.11022302462516E-16));
#19902=CARTESIAN_POINT('',(0.55,-5.55111512312578E-17,0.0239999999999999));
#19903=CARTESIAN_POINT('Origin',(0.274,-5.55111512312578E-17,0.376));
#19904=CARTESIAN_POINT('',(0.274,-5.55111512312578E-17,0.4));
#19905=CARTESIAN_POINT('',(0.25,-5.55111512312578E-17,0.376));
#19906=CARTESIAN_POINT('Origin',(0.4,0.276,0.376));
#19907=CARTESIAN_POINT('',(0.4,0.276,0.4));
#19908=CARTESIAN_POINT('',(0.4,0.3,0.376));
#19909=CARTESIAN_POINT('Origin',(0.526,-0.276,0.2));
#19910=CARTESIAN_POINT('',(0.526,-0.3,0.2));
#19911=CARTESIAN_POINT('',(0.55,-0.276,0.2));
#19912=CARTESIAN_POINT('Origin',(0.526,-5.55111512312578E-17,0.376));
#19913=CARTESIAN_POINT('',(0.526,-5.55111512312578E-17,0.4));
#19914=CARTESIAN_POINT('',(0.55,-5.55111512312578E-17,0.376));
#19915=CARTESIAN_POINT('Origin',(0.4,-5.55111512312578E-17,0.4));
#19916=CARTESIAN_POINT('Origin',(0.4,-0.3,0.2));
#19917=CARTESIAN_POINT('Origin',(0.4,-5.55111512312578E-17,-5.55111512312578E-17));
#19918=CARTESIAN_POINT('Origin',(0.4,0.3,0.2));
#19919=CARTESIAN_POINT('Origin',(0.55,-5.55111512312578E-17,0.2));
#19920=CARTESIAN_POINT('Origin',(-0.274,-0.276,0.376));
#19921=CARTESIAN_POINT('',(-0.25,-0.276,0.376));
#19922=CARTESIAN_POINT('',(-0.274,-0.3,0.376));
#19923=CARTESIAN_POINT('Origin',(-0.274,-0.276,0.376));
#19924=CARTESIAN_POINT('',(-0.274,-0.276,0.4));
#19925=CARTESIAN_POINT('Origin',(-0.274,-0.276,0.376));
#19926=CARTESIAN_POINT('Origin',(-0.274,-0.276,0.376));
#19927=CARTESIAN_POINT('Origin',(-0.526,-0.276,0.376));
#19928=CARTESIAN_POINT('',(-0.526,-0.3,0.376));
#19929=CARTESIAN_POINT('',(-0.55,-0.276,0.376));
#19930=CARTESIAN_POINT('Origin',(-0.526,-0.276,0.376));
#19931=CARTESIAN_POINT('',(-0.526,-0.276,0.4));
#19932=CARTESIAN_POINT('Origin',(-0.526,-0.276,0.376));
#19933=CARTESIAN_POINT('Origin',(-0.526,-0.276,0.376));
#19934=CARTESIAN_POINT('Origin',(-0.4,-0.276,0.376));
#19935=CARTESIAN_POINT('',(-0.4,-0.276,0.4));
#19936=CARTESIAN_POINT('',(-0.4,-0.3,0.376));
#19937=CARTESIAN_POINT('Origin',(-0.274,0.276,0.376));
#19938=CARTESIAN_POINT('',(-0.274,0.3,0.376));
#19939=CARTESIAN_POINT('',(-0.25,0.276,0.376));
#19940=CARTESIAN_POINT('Origin',(-0.274,0.276,0.376));
#19941=CARTESIAN_POINT('',(-0.274,0.276,0.4));
#19942=CARTESIAN_POINT('Origin',(-0.274,0.276,0.376));
#19943=CARTESIAN_POINT('Origin',(-0.274,0.276,0.376));
#19944=CARTESIAN_POINT('Origin',(-0.274,-0.276,0.024));
#19945=CARTESIAN_POINT('',(-0.274,-0.276,0.));
#19946=CARTESIAN_POINT('',(-0.274,-0.3,0.024));
#19947=CARTESIAN_POINT('Origin',(-0.274,-0.276,0.024));
#19948=CARTESIAN_POINT('',(-0.25,-0.276,0.024));
#19949=CARTESIAN_POINT('Origin',(-0.274,-0.276,0.024));
#19950=CARTESIAN_POINT('Origin',(-0.274,-0.276,0.024));
#19951=CARTESIAN_POINT('Origin',(-0.526,0.276,0.376));
#19952=CARTESIAN_POINT('',(-0.526,0.3,0.376));
#19953=CARTESIAN_POINT('',(-0.526,0.276,0.4));
#19954=CARTESIAN_POINT('Origin',(-0.526,0.276,0.376));
#19955=CARTESIAN_POINT('',(-0.55,0.276,0.376));
#19956=CARTESIAN_POINT('Origin',(-0.526,0.276,0.376));
#19957=CARTESIAN_POINT('Origin',(-0.526,0.276,0.376));
#19958=CARTESIAN_POINT('Origin',(-0.526,-0.276,0.0240000000000001));
#19959=CARTESIAN_POINT('',(-0.526,-0.276,5.55111512312578E-17));
#19960=CARTESIAN_POINT('',(-0.55,-0.276,0.0240000000000001));
#19961=CARTESIAN_POINT('Origin',(-0.526,-0.276,0.0240000000000001));
#19962=CARTESIAN_POINT('',(-0.526,-0.3,0.0240000000000001));
#19963=CARTESIAN_POINT('Origin',(-0.526,-0.276,0.0240000000000001));
#19964=CARTESIAN_POINT('Origin',(-0.526,-0.276,0.0240000000000001));
#19965=CARTESIAN_POINT('Origin',(-0.4,-0.276,0.024));
#19966=CARTESIAN_POINT('',(-0.4,-0.276,0.));
#19967=CARTESIAN_POINT('',(-0.4,-0.3,0.024));
#19968=CARTESIAN_POINT('Origin',(-0.526,-0.276,0.2));
#19969=CARTESIAN_POINT('',(-0.55,-0.276,0.2));
#19970=CARTESIAN_POINT('',(-0.526,-0.3,0.2));
#19971=CARTESIAN_POINT('Origin',(-0.274,0.276,0.024));
#19972=CARTESIAN_POINT('',(-0.274,0.276,0.));
#19973=CARTESIAN_POINT('',(-0.25,0.276,0.024));
#19974=CARTESIAN_POINT('Origin',(-0.274,0.276,0.024));
#19975=CARTESIAN_POINT('',(-0.274,0.3,0.024));
#19976=CARTESIAN_POINT('Origin',(-0.274,0.276,0.024));
#19977=CARTESIAN_POINT('Origin',(-0.274,0.276,0.024));
#19978=CARTESIAN_POINT('Origin',(-0.526,0.276,0.0240000000000001));
#19979=CARTESIAN_POINT('',(-0.526,0.3,0.0240000000000001));
#19980=CARTESIAN_POINT('',(-0.55,0.276,0.0240000000000001));
#19981=CARTESIAN_POINT('Origin',(-0.526,0.276,0.0240000000000001));
#19982=CARTESIAN_POINT('',(-0.526,0.276,5.55111512312578E-17));
#19983=CARTESIAN_POINT('Origin',(-0.526,0.276,0.0240000000000001));
#19984=CARTESIAN_POINT('Origin',(-0.526,0.276,0.0240000000000001));
#19985=CARTESIAN_POINT('Origin',(-0.4,0.276,0.024));
#19986=CARTESIAN_POINT('',(-0.4,0.276,0.));
#19987=CARTESIAN_POINT('',(-0.4,0.3,0.024));
#19988=CARTESIAN_POINT('Origin',(-0.526,0.,0.0240000000000001));
#19989=CARTESIAN_POINT('',(-0.526,0.,5.55111512312578E-17));
#19990=CARTESIAN_POINT('',(-0.55,0.,0.0240000000000001));
#19991=CARTESIAN_POINT('Origin',(-0.526,0.276,0.2));
#19992=CARTESIAN_POINT('',(-0.526,0.3,0.2));
#19993=CARTESIAN_POINT('',(-0.55,0.276,0.2));
#19994=CARTESIAN_POINT('Origin',(-0.274,0.276,0.2));
#19995=CARTESIAN_POINT('',(-0.25,0.276,0.2));
#19996=CARTESIAN_POINT('',(-0.274,0.3,0.2));
#19997=CARTESIAN_POINT('Origin',(-0.274,0.,0.024));
#19998=CARTESIAN_POINT('',(-0.274,0.,0.));
#19999=CARTESIAN_POINT('',(-0.25,0.,0.024));
#20000=CARTESIAN_POINT('Origin',(-0.526,0.,0.376));
#20001=CARTESIAN_POINT('',(-0.526,0.,0.4));
#20002=CARTESIAN_POINT('',(-0.55,0.,0.376));
#20003=CARTESIAN_POINT('Origin',(-0.4,0.276,0.376));
#20004=CARTESIAN_POINT('',(-0.4,0.276,0.4));
#20005=CARTESIAN_POINT('',(-0.4,0.3,0.376));
#20006=CARTESIAN_POINT('Origin',(-0.274,-0.276,0.2));
#20007=CARTESIAN_POINT('',(-0.274,-0.3,0.2));
#20008=CARTESIAN_POINT('',(-0.25,-0.276,0.2));
#20009=CARTESIAN_POINT('Origin',(-0.274,0.,0.376));
#20010=CARTESIAN_POINT('',(-0.274,0.,0.4));
#20011=CARTESIAN_POINT('',(-0.25,0.,0.376));
#20012=CARTESIAN_POINT('Origin',(-0.4,0.,0.4));
#20013=CARTESIAN_POINT('Origin',(-0.4,-0.3,0.2));
#20014=CARTESIAN_POINT('Origin',(-0.55,0.,0.2));
#20015=CARTESIAN_POINT('Origin',(-0.4,0.,0.));
#20016=CARTESIAN_POINT('Origin',(-0.4,0.3,0.2));
#20017=CARTESIAN_POINT('Origin',(-8.32667268468868E-17,0.,-5.55111512312578E-17));
#20018=CARTESIAN_POINT('',(-0.25,0.3,0.));
#20019=CARTESIAN_POINT('',(0.25,0.3,-5.55111512312578E-17));
#20020=CARTESIAN_POINT('',(-8.32667268468868E-17,0.3,-5.55111512312578E-17));
#20021=CARTESIAN_POINT('',(0.25,-0.3,-5.55111512312578E-17));
#20022=CARTESIAN_POINT('',(0.25,-5.55111512312578E-17,-5.55111512312578E-17));
#20023=CARTESIAN_POINT('',(-0.25,-0.3,0.));
#20024=CARTESIAN_POINT('',(-1.11022302462516E-16,-0.3,-5.55111512312578E-17));
#20025=CARTESIAN_POINT('',(-0.25,0.,0.));
#20026=CARTESIAN_POINT('Origin',(-5.55111512312578E-17,0.,0.4));
#20027=CARTESIAN_POINT('',(0.25,0.3,0.4));
#20028=CARTESIAN_POINT('',(-0.25,0.3,0.4));
#20029=CARTESIAN_POINT('',(0.,0.3,0.4));
#20030=CARTESIAN_POINT('',(-0.25,-0.3,0.4));
#20031=CARTESIAN_POINT('',(-0.25,0.,0.4));
#20032=CARTESIAN_POINT('',(0.25,-0.3,0.4));
#20033=CARTESIAN_POINT('',(-5.55111512312578E-17,-0.3,0.4));
#20034=CARTESIAN_POINT('',(0.25,-5.55111512312578E-17,0.4));
#20035=CARTESIAN_POINT('Origin',(-0.25,0.,0.2));
#20036=CARTESIAN_POINT('',(-0.25,-0.3,0.2));
#20037=CARTESIAN_POINT('',(-0.25,0.3,0.2));
#20038=CARTESIAN_POINT('Origin',(-8.32667268468868E-17,-0.3,0.2));
#20039=CARTESIAN_POINT('',(0.25,-0.3,0.2));
#20040=CARTESIAN_POINT('Origin',(0.25,-5.55111512312578E-17,0.2));
#20041=CARTESIAN_POINT('',(0.25,0.3,0.2));
#20042=CARTESIAN_POINT('Origin',(-5.55111512312578E-17,0.3,0.2));
#20043=CARTESIAN_POINT('',(0.,0.,0.));
#20044=CARTESIAN_POINT('',(0.,0.,0.));
#20045=CARTESIAN_POINT('',(0.,0.,0.));
#20046=CARTESIAN_POINT('Origin',(-0.3,0.25,0.));
#20047=CARTESIAN_POINT('',(-0.3,0.25,0.));
#20048=CARTESIAN_POINT('',(-0.3,0.199999989941716,0.));
#20049=CARTESIAN_POINT('',(-0.3,0.25,0.));
#20050=CARTESIAN_POINT('',(-0.3,-0.200000001117587,0.));
#20051=CARTESIAN_POINT('',(-0.3,0.124999997206032,0.));
#20052=CARTESIAN_POINT('',(-0.3,-0.25,0.));
#20053=CARTESIAN_POINT('',(-0.3,0.25,0.));
#20054=CARTESIAN_POINT('',(-0.3,-0.25,0.08));
#20055=CARTESIAN_POINT('',(-0.3,-0.25,0.));
#20056=CARTESIAN_POINT('',(-0.3,0.25,0.08));
#20057=CARTESIAN_POINT('',(-0.3,0.25,0.08));
#20058=CARTESIAN_POINT('',(-0.3,0.25,0.));
#20059=CARTESIAN_POINT('',(-0.3,0.249,0.001));
#20060=CARTESIAN_POINT('',(-0.3,-0.249,0.001));
#20061=CARTESIAN_POINT('',(-0.3,-0.125,0.001));
#20062=CARTESIAN_POINT('',(-0.3,0.249,0.079));
#20063=CARTESIAN_POINT('',(-0.3,0.249,0.));
#20064=CARTESIAN_POINT('',(-0.3,-0.249,0.079));
#20065=CARTESIAN_POINT('',(-0.3,-0.125,0.079));
#20066=CARTESIAN_POINT('',(-0.3,-0.249,0.));
#20067=CARTESIAN_POINT('Origin',(0.3,-0.25,0.));
#20068=CARTESIAN_POINT('',(0.3,0.25,0.));
#20069=CARTESIAN_POINT('',(0.3,0.2,0.));
#20070=CARTESIAN_POINT('',(0.3,0.25,0.));
#20071=CARTESIAN_POINT('',(0.3,0.25,0.08));
#20072=CARTESIAN_POINT('',(0.3,0.25,0.));
#20073=CARTESIAN_POINT('',(0.3,-0.25,0.08));
#20074=CARTESIAN_POINT('',(0.3,0.25,0.08));
#20075=CARTESIAN_POINT('',(0.3,-0.25,0.));
#20076=CARTESIAN_POINT('',(0.3,-0.25,0.));
#20077=CARTESIAN_POINT('',(0.3,-0.2,0.));
#20078=CARTESIAN_POINT('',(0.3,0.25,0.));
#20079=CARTESIAN_POINT('',(0.3,-0.125,0.));
#20080=CARTESIAN_POINT('',(0.3,-0.249,0.001));
#20081=CARTESIAN_POINT('',(0.3,0.249,0.001));
#20082=CARTESIAN_POINT('',(0.3,0.125,0.001));
#20083=CARTESIAN_POINT('',(0.3,-0.249,0.079));
#20084=CARTESIAN_POINT('',(0.3,-0.249,0.));
#20085=CARTESIAN_POINT('',(0.3,0.249,0.079));
#20086=CARTESIAN_POINT('',(0.3,0.125,0.079));
#20087=CARTESIAN_POINT('',(0.3,0.249,0.));
#20088=CARTESIAN_POINT('Origin',(-0.3,-0.25,0.));
#20089=CARTESIAN_POINT('',(-0.5,-0.25,0.));
#20090=CARTESIAN_POINT('',(-0.5,-0.25,0.08));
#20091=CARTESIAN_POINT('Origin',(0.3,0.25,0.));
#20092=CARTESIAN_POINT('',(0.5,0.25,0.));
#20093=CARTESIAN_POINT('',(0.5,0.25,0.08));
#20094=CARTESIAN_POINT('Origin',(3.46944695195361E-17,0.,0.08));
#20095=CARTESIAN_POINT('Origin',(3.46944695195361E-17,0.,0.));
#20096=CARTESIAN_POINT('',(-0.0999999865889548,0.199999989941716,0.));
#20097=CARTESIAN_POINT('',(-0.0999999865889548,0.199999989941716,0.));
#20098=CARTESIAN_POINT('',(0.1,0.2,0.));
#20099=CARTESIAN_POINT('',(0.4,0.2,0.));
#20100=CARTESIAN_POINT('',(0.1,-0.2,0.));
#20101=CARTESIAN_POINT('',(0.1,0.2,0.));
#20102=CARTESIAN_POINT('',(0.4,-0.2,0.));
#20103=CARTESIAN_POINT('',(-0.0999999865889548,-0.200000001117587,0.));
#20104=CARTESIAN_POINT('',(-0.399999979883432,-0.200000001117587,0.));
#20105=CARTESIAN_POINT('',(-0.0999999865889548,-0.0750000100582838,0.));
#20106=CARTESIAN_POINT('',(-0.0999999865889548,-0.200000001117587,0.));
#20107=CARTESIAN_POINT('',(-0.249999986588955,-0.0750000100582838,0.));
#20108=CARTESIAN_POINT('',(-0.0999999865889548,-0.0750000100582838,0.));
#20109=CARTESIAN_POINT('',(-0.249999986588955,0.0749999899417161,0.));
#20110=CARTESIAN_POINT('',(-0.249999986588955,-0.0750000100582838,0.));
#20111=CARTESIAN_POINT('',(-0.0999999865889548,0.0749999899417161,0.));
#20112=CARTESIAN_POINT('',(-0.249999986588955,0.0749999899417161,0.));
#20113=CARTESIAN_POINT('',(-0.0999999865889548,0.0749999899417161,0.));
#20114=CARTESIAN_POINT('Origin',(0.3,-3.46944695195361E-17,0.));
#20115=CARTESIAN_POINT('',(0.301,-0.2,0.));
#20116=CARTESIAN_POINT('',(0.4,-0.2,0.));
#20117=CARTESIAN_POINT('',(0.301,0.2,0.));
#20118=CARTESIAN_POINT('',(0.301,0.125,0.));
#20119=CARTESIAN_POINT('',(0.4,0.2,0.));
#20120=CARTESIAN_POINT('Origin',(0.3,-3.46944695195361E-17,0.));
#20121=CARTESIAN_POINT('',(0.499,0.249,0.));
#20122=CARTESIAN_POINT('',(0.4,0.249,0.));
#20123=CARTESIAN_POINT('',(0.45,0.249,0.));
#20124=CARTESIAN_POINT('',(0.499,-0.249,0.));
#20125=CARTESIAN_POINT('',(0.499,-0.125,0.));
#20126=CARTESIAN_POINT('',(0.4,-0.249,0.));
#20127=CARTESIAN_POINT('',(0.35,-0.249,0.));
#20128=CARTESIAN_POINT('',(0.4,-0.25,0.));
#20129=CARTESIAN_POINT('',(0.4,-0.25,0.));
#20130=CARTESIAN_POINT('',(0.5,-0.25,0.));
#20131=CARTESIAN_POINT('',(0.5,-0.25,0.));
#20132=CARTESIAN_POINT('',(0.5,0.25,0.));
#20133=CARTESIAN_POINT('',(0.5,-0.25,0.));
#20134=CARTESIAN_POINT('',(0.4,0.25,0.));
#20135=CARTESIAN_POINT('',(0.5,0.25,0.));
#20136=CARTESIAN_POINT('',(0.4,0.25,0.));
#20137=CARTESIAN_POINT('Origin',(0.5,0.25,0.));
#20138=CARTESIAN_POINT('',(0.5,-0.25,-0.005));
#20139=CARTESIAN_POINT('',(0.5,-0.25,0.));
#20140=CARTESIAN_POINT('',(0.5,0.25,-0.005));
#20141=CARTESIAN_POINT('',(0.5,-0.25,-0.005));
#20142=CARTESIAN_POINT('',(0.5,0.25,0.));
#20143=CARTESIAN_POINT('Origin',(0.4,0.25,0.));
#20144=CARTESIAN_POINT('',(0.4,0.25,-0.005));
#20145=CARTESIAN_POINT('',(0.5,0.25,-0.005));
#20146=CARTESIAN_POINT('',(0.4,0.25,0.));
#20147=CARTESIAN_POINT('Origin',(0.4,0.2,0.));
#20148=CARTESIAN_POINT('',(0.4,0.2,-0.005));
#20149=CARTESIAN_POINT('',(0.4,0.25,-0.005));
#20150=CARTESIAN_POINT('',(0.4,0.2,0.));
#20151=CARTESIAN_POINT('',(0.4,0.2,0.));
#20152=CARTESIAN_POINT('',(0.4,0.1,0.));
#20153=CARTESIAN_POINT('Origin',(0.1,0.2,0.));
#20154=CARTESIAN_POINT('',(0.25,0.2,0.));
#20155=CARTESIAN_POINT('',(0.1,0.2,-0.005));
#20156=CARTESIAN_POINT('',(0.4,0.2,-0.005));
#20157=CARTESIAN_POINT('',(0.1,0.2,0.));
#20158=CARTESIAN_POINT('Origin',(0.1,-0.2,0.));
#20159=CARTESIAN_POINT('',(0.1,-0.2,-0.005));
#20160=CARTESIAN_POINT('',(0.1,0.2,-0.005));
#20161=CARTESIAN_POINT('',(0.1,-0.2,0.));
#20162=CARTESIAN_POINT('Origin',(0.4,-0.2,0.));
#20163=CARTESIAN_POINT('',(0.4,-0.2,0.));
#20164=CARTESIAN_POINT('',(0.4,-0.2,0.));
#20165=CARTESIAN_POINT('',(0.4,-0.2,-0.005));
#20166=CARTESIAN_POINT('',(0.4,-0.2,-0.005));
#20167=CARTESIAN_POINT('',(0.4,-0.2,0.));
#20168=CARTESIAN_POINT('Origin',(0.4,-0.25,0.));
#20169=CARTESIAN_POINT('',(0.4,-0.125,0.));
#20170=CARTESIAN_POINT('',(0.4,-0.25,-0.005));
#20171=CARTESIAN_POINT('',(0.4,-0.25,-0.005));
#20172=CARTESIAN_POINT('',(0.4,-0.25,0.));
#20173=CARTESIAN_POINT('Origin',(0.5,-0.25,0.));
#20174=CARTESIAN_POINT('',(0.5,-0.25,-0.005));
#20175=CARTESIAN_POINT('Origin',(0.3,-3.46944695195361E-17,-0.005));
#20176=CARTESIAN_POINT('Origin',(0.4,0.,0.));
#20177=CARTESIAN_POINT('',(0.301,-0.249,0.));
#20178=CARTESIAN_POINT('',(0.35,-0.249,0.));
#20179=CARTESIAN_POINT('',(0.301,0.125,0.));
#20180=CARTESIAN_POINT('Origin',(0.4,0.,0.));
#20181=CARTESIAN_POINT('',(0.301,0.249,0.));
#20182=CARTESIAN_POINT('',(0.301,0.125,0.));
#20183=CARTESIAN_POINT('',(0.45,0.249,0.));
#20184=CARTESIAN_POINT('Origin',(0.301,-0.249,0.079));
#20185=CARTESIAN_POINT('',(0.301,-0.249,0.08));
#20186=CARTESIAN_POINT('Origin',(0.301,-0.249,0.079));
#20187=CARTESIAN_POINT('',(0.301,-0.25,0.079));
#20188=CARTESIAN_POINT('Origin',(0.301,-0.249,0.079));
#20189=CARTESIAN_POINT('Origin',(0.301,-0.249,0.079));
#20190=CARTESIAN_POINT('Origin',(0.499,-0.249,0.079));
#20191=CARTESIAN_POINT('',(0.499,-0.25,0.079));
#20192=CARTESIAN_POINT('',(0.499,-0.249,0.08));
#20193=CARTESIAN_POINT('Origin',(0.499,-0.249,0.079));
#20194=CARTESIAN_POINT('',(0.5,-0.249,0.079));
#20195=CARTESIAN_POINT('Origin',(0.499,-0.249,0.079));
#20196=CARTESIAN_POINT('Origin',(0.499,-0.249,0.079));
#20197=CARTESIAN_POINT('Origin',(0.301,-0.249,0.001));
#20198=CARTESIAN_POINT('',(0.301,-0.25,0.001));
#20199=CARTESIAN_POINT('Origin',(0.301,-0.249,0.001));
#20200=CARTESIAN_POINT('Origin',(0.301,-0.249,0.001));
#20201=CARTESIAN_POINT('Origin',(0.301,-0.249,0.001));
#20202=CARTESIAN_POINT('Origin',(0.301,0.249,0.079));
#20203=CARTESIAN_POINT('',(0.301,0.25,0.079));
#20204=CARTESIAN_POINT('',(0.301,0.249,0.08));
#20205=CARTESIAN_POINT('Origin',(0.301,0.249,0.079));
#20206=CARTESIAN_POINT('Origin',(0.301,0.249,0.079));
#20207=CARTESIAN_POINT('Origin',(0.301,0.249,0.079));
#20208=CARTESIAN_POINT('Origin',(0.499,-0.249,0.001));
#20209=CARTESIAN_POINT('',(0.499,-0.25,0.001));
#20210=CARTESIAN_POINT('',(0.5,-0.249,0.001));
#20211=CARTESIAN_POINT('Origin',(0.499,-0.249,0.001));
#20212=CARTESIAN_POINT('Origin',(0.499,-0.249,0.001));
#20213=CARTESIAN_POINT('Origin',(0.499,-0.249,0.001));
#20214=CARTESIAN_POINT('Origin',(0.35,-0.249,0.001));
#20215=CARTESIAN_POINT('',(0.35,-0.25,0.001));
#20216=CARTESIAN_POINT('Origin',(0.499,0.249,0.079));
#20217=CARTESIAN_POINT('',(0.5,0.249,0.079));
#20218=CARTESIAN_POINT('',(0.499,0.249,0.08));
#20219=CARTESIAN_POINT('Origin',(0.499,0.249,0.079));
#20220=CARTESIAN_POINT('',(0.499,0.25,0.079));
#20221=CARTESIAN_POINT('Origin',(0.499,0.249,0.079));
#20222=CARTESIAN_POINT('Origin',(0.499,0.249,0.079));
#20223=CARTESIAN_POINT('Origin',(0.301,0.249,0.001));
#20224=CARTESIAN_POINT('',(0.301,0.25,0.001));
#20225=CARTESIAN_POINT('Origin',(0.301,0.249,0.001));
#20226=CARTESIAN_POINT('Origin',(0.301,0.249,0.001));
#20227=CARTESIAN_POINT('Origin',(0.301,0.249,0.001));
#20228=CARTESIAN_POINT('Origin',(0.301,0.125,0.001));
#20229=CARTESIAN_POINT('Origin',(0.301,0.249,0.));
#20230=CARTESIAN_POINT('',(0.301,0.25,0.));
#20231=CARTESIAN_POINT('Origin',(0.499,0.249,0.001));
#20232=CARTESIAN_POINT('',(0.5,0.249,0.001));
#20233=CARTESIAN_POINT('',(0.499,0.25,0.001));
#20234=CARTESIAN_POINT('Origin',(0.499,0.249,0.001));
#20235=CARTESIAN_POINT('Origin',(0.499,0.249,0.001));
#20236=CARTESIAN_POINT('Origin',(0.499,0.249,0.001));
#20237=CARTESIAN_POINT('Origin',(0.499,-0.125,0.001));
#20238=CARTESIAN_POINT('',(0.5,-0.125,0.001));
#20239=CARTESIAN_POINT('Origin',(0.45,0.249,0.001));
#20240=CARTESIAN_POINT('',(0.45,0.25,0.001));
#20241=CARTESIAN_POINT('Origin',(0.499,0.249,0.));
#20242=CARTESIAN_POINT('',(0.5,0.249,0.));
#20243=CARTESIAN_POINT('',(0.499,0.25,0.));
#20244=CARTESIAN_POINT('Origin',(0.45,0.249,0.079));
#20245=CARTESIAN_POINT('',(0.45,0.249,0.08));
#20246=CARTESIAN_POINT('',(0.45,0.25,0.079));
#20247=CARTESIAN_POINT('Origin',(0.499,-0.125,0.079));
#20248=CARTESIAN_POINT('',(0.499,-0.125,0.08));
#20249=CARTESIAN_POINT('',(0.5,-0.125,0.079));
#20250=CARTESIAN_POINT('Origin',(0.499,-0.249,0.));
#20251=CARTESIAN_POINT('',(0.499,-0.25,0.));
#20252=CARTESIAN_POINT('',(0.5,-0.249,0.));
#20253=CARTESIAN_POINT('Origin',(0.301,0.125,0.079));
#20254=CARTESIAN_POINT('',(0.301,0.125,0.08));
#20255=CARTESIAN_POINT('Origin',(0.301,-0.249,0.));
#20256=CARTESIAN_POINT('',(0.301,-0.25,0.));
#20257=CARTESIAN_POINT('Origin',(0.35,-0.249,0.079));
#20258=CARTESIAN_POINT('',(0.35,-0.249,0.08));
#20259=CARTESIAN_POINT('',(0.35,-0.25,0.079));
#20260=CARTESIAN_POINT('Origin',(0.3,-0.25,0.));
#20261=CARTESIAN_POINT('Origin',(0.5,0.25,0.));
#20262=CARTESIAN_POINT('Origin',(0.5,-0.25,0.));
#20263=CARTESIAN_POINT('Origin',(0.4,0.,0.08));
#20264=CARTESIAN_POINT('Origin',(-0.299999982118606,-5.58793549626513E-9,
0.));
#20265=CARTESIAN_POINT('',(-0.301,0.199999989941716,0.));
#20266=CARTESIAN_POINT('',(-0.0999999865889548,0.199999989941716,0.));
#20267=CARTESIAN_POINT('',(-0.301,-0.200000001117587,0.));
#20268=CARTESIAN_POINT('',(-0.301,-0.125,0.));
#20269=CARTESIAN_POINT('',(-0.399999979883432,-0.200000001117587,0.));
#20270=CARTESIAN_POINT('Origin',(-0.299999982118606,-5.58793549626513E-9,
0.));
#20271=CARTESIAN_POINT('',(-0.499,-0.249,0.));
#20272=CARTESIAN_POINT('',(-0.399999979883432,-0.249,0.));
#20273=CARTESIAN_POINT('',(-0.45,-0.249,0.));
#20274=CARTESIAN_POINT('',(-0.499,0.249,0.));
#20275=CARTESIAN_POINT('',(-0.499,0.125,0.));
#20276=CARTESIAN_POINT('',(-0.399999979883432,0.249,0.));
#20277=CARTESIAN_POINT('',(-0.35,0.249,0.));
#20278=CARTESIAN_POINT('',(-0.399999979883432,0.249999988824129,0.));
#20279=CARTESIAN_POINT('',(-0.399999979883432,0.199999989941716,0.));
#20280=CARTESIAN_POINT('',(-0.499999977648258,0.249999988824129,0.));
#20281=CARTESIAN_POINT('',(-0.399999979883432,0.249999988824129,0.));
#20282=CARTESIAN_POINT('',(-0.499999977648258,-0.25,0.));
#20283=CARTESIAN_POINT('',(-0.499999977648258,0.249999988824129,0.));
#20284=CARTESIAN_POINT('',(-0.399999979883432,-0.25,0.));
#20285=CARTESIAN_POINT('',(-0.499999977648258,-0.25,0.));
#20286=CARTESIAN_POINT('',(-0.399999979883432,-0.25,0.));
#20287=CARTESIAN_POINT('Origin',(-0.499999977648258,0.249999988824129,0.));
#20288=CARTESIAN_POINT('',(-0.399999979883432,0.249999988824129,-0.005));
#20289=CARTESIAN_POINT('',(-0.399999979883432,0.249999988824129,0.));
#20290=CARTESIAN_POINT('',(-0.499999977648258,0.249999988824129,-0.005));
#20291=CARTESIAN_POINT('',(-0.399999979883432,0.249999988824129,-0.005));
#20292=CARTESIAN_POINT('',(-0.499999977648258,0.249999988824129,0.));
#20293=CARTESIAN_POINT('Origin',(-0.499999977648258,-0.25,0.));
#20294=CARTESIAN_POINT('',(-0.499999977648258,-0.25,-0.005));
#20295=CARTESIAN_POINT('',(-0.499999977648258,0.249999988824129,-0.005));
#20296=CARTESIAN_POINT('',(-0.499999977648258,-0.25,0.));
#20297=CARTESIAN_POINT('Origin',(-0.399999979883432,-0.25,0.));
#20298=CARTESIAN_POINT('',(-0.399999979883432,-0.25,-0.005));
#20299=CARTESIAN_POINT('',(-0.499999977648258,-0.25,-0.005));
#20300=CARTESIAN_POINT('',(-0.399999979883432,-0.25,0.));
#20301=CARTESIAN_POINT('Origin',(-0.399999979883432,-0.200000001117587,
0.));
#20302=CARTESIAN_POINT('',(-0.399999979883432,-0.200000001117587,-0.005));
#20303=CARTESIAN_POINT('',(-0.399999979883432,-0.25,-0.005));
#20304=CARTESIAN_POINT('',(-0.399999979883432,-0.200000001117587,0.));
#20305=CARTESIAN_POINT('',(-0.399999979883432,-0.200000001117587,0.));
#20306=CARTESIAN_POINT('',(-0.399999979883432,-0.100000000558794,0.));
#20307=CARTESIAN_POINT('Origin',(-0.0999999865889548,-0.200000001117587,
0.));
#20308=CARTESIAN_POINT('',(-0.249999993294477,-0.200000001117587,0.));
#20309=CARTESIAN_POINT('',(-0.0999999865889548,-0.200000001117587,-0.005));
#20310=CARTESIAN_POINT('',(-0.399999979883432,-0.200000001117587,-0.005));
#20311=CARTESIAN_POINT('',(-0.0999999865889548,-0.200000001117587,0.));
#20312=CARTESIAN_POINT('Origin',(-0.0999999865889548,-0.0750000100582838,
0.));
#20313=CARTESIAN_POINT('',(-0.0999999865889548,-0.0750000100582838,-0.005));
#20314=CARTESIAN_POINT('',(-0.0999999865889548,-0.200000001117587,-0.005));
#20315=CARTESIAN_POINT('',(-0.0999999865889548,-0.0750000100582838,0.));
#20316=CARTESIAN_POINT('Origin',(-0.249999986588955,-0.0750000100582838,
0.));
#20317=CARTESIAN_POINT('',(-0.249999986588955,-0.0750000100582838,-0.005));
#20318=CARTESIAN_POINT('',(-0.0999999865889548,-0.0750000100582838,-0.005));
#20319=CARTESIAN_POINT('',(-0.249999986588955,-0.0750000100582838,0.));
#20320=CARTESIAN_POINT('Origin',(-0.249999986588955,0.0749999899417161,
0.));
#20321=CARTESIAN_POINT('',(-0.249999986588955,0.0749999899417161,-0.005));
#20322=CARTESIAN_POINT('',(-0.249999986588955,-0.0750000100582838,-0.005));
#20323=CARTESIAN_POINT('',(-0.249999986588955,0.0749999899417161,0.));
#20324=CARTESIAN_POINT('Origin',(-0.0999999865889548,0.0749999899417161,
0.));
#20325=CARTESIAN_POINT('',(-0.0999999865889548,0.0749999899417161,-0.005));
#20326=CARTESIAN_POINT('',(-0.249999986588955,0.0749999899417161,-0.005));
#20327=CARTESIAN_POINT('',(-0.0999999865889548,0.0749999899417161,0.));
#20328=CARTESIAN_POINT('Origin',(-0.0999999865889548,0.199999989941716,
0.));
#20329=CARTESIAN_POINT('',(-0.0999999865889548,0.199999989941716,-0.005));
#20330=CARTESIAN_POINT('',(-0.0999999865889548,0.0749999899417161,-0.005));
#20331=CARTESIAN_POINT('',(-0.0999999865889548,0.199999989941716,0.));
#20332=CARTESIAN_POINT('Origin',(-0.399999979883432,0.199999989941716,0.));
#20333=CARTESIAN_POINT('',(-0.399999979883432,0.199999989941716,-0.005));
#20334=CARTESIAN_POINT('',(-0.0999999865889548,0.199999989941716,-0.005));
#20335=CARTESIAN_POINT('',(-0.399999979883432,0.199999989941716,0.));
#20336=CARTESIAN_POINT('',(-0.399999979883432,0.199999989941716,0.));
#20337=CARTESIAN_POINT('',(-0.399999989941716,0.199999989941716,0.));
#20338=CARTESIAN_POINT('Origin',(-0.399999979883432,0.249999988824129,0.));
#20339=CARTESIAN_POINT('',(-0.399999979883432,0.124999994412065,0.));
#20340=CARTESIAN_POINT('',(-0.399999979883432,0.199999989941716,-0.005));
#20341=CARTESIAN_POINT('Origin',(-0.299999982118606,-5.58793549626513E-9,
-0.005));
#20342=CARTESIAN_POINT('Origin',(-0.4,0.,0.));
#20343=CARTESIAN_POINT('',(-0.301,0.249,0.));
#20344=CARTESIAN_POINT('',(-0.35,0.249,0.));
#20345=CARTESIAN_POINT('',(-0.301,-0.125,0.));
#20346=CARTESIAN_POINT('Origin',(-0.4,0.,0.));
#20347=CARTESIAN_POINT('',(-0.301,-0.249,0.));
#20348=CARTESIAN_POINT('',(-0.301,-0.125,0.));
#20349=CARTESIAN_POINT('',(-0.45,-0.249,0.));
#20350=CARTESIAN_POINT('Origin',(-0.499,-0.249,0.079));
#20351=CARTESIAN_POINT('',(-0.5,-0.249,0.079));
#20352=CARTESIAN_POINT('',(-0.499,-0.249,0.08));
#20353=CARTESIAN_POINT('Origin',(-0.499,-0.249,0.079));
#20354=CARTESIAN_POINT('',(-0.499,-0.25,0.079));
#20355=CARTESIAN_POINT('Origin',(-0.499,-0.249,0.079));
#20356=CARTESIAN_POINT('Origin',(-0.499,-0.249,0.079));
#20357=CARTESIAN_POINT('Origin',(-0.301,-0.249,0.079));
#20358=CARTESIAN_POINT('',(-0.301,-0.25,0.079));
#20359=CARTESIAN_POINT('',(-0.301,-0.249,0.08));
#20360=CARTESIAN_POINT('Origin',(-0.301,-0.249,0.079));
#20361=CARTESIAN_POINT('Origin',(-0.301,-0.249,0.079));
#20362=CARTESIAN_POINT('Origin',(-0.301,-0.249,0.079));
#20363=CARTESIAN_POINT('Origin',(-0.499,-0.249,0.001));
#20364=CARTESIAN_POINT('',(-0.5,-0.249,0.001));
#20365=CARTESIAN_POINT('',(-0.499,-0.25,0.001));
#20366=CARTESIAN_POINT('Origin',(-0.499,-0.249,0.001));
#20367=CARTESIAN_POINT('Origin',(-0.499,-0.249,0.001));
#20368=CARTESIAN_POINT('Origin',(-0.499,-0.249,0.001));
#20369=CARTESIAN_POINT('Origin',(-0.499,0.249,0.079));
#20370=CARTESIAN_POINT('',(-0.499,0.25,0.079));
#20371=CARTESIAN_POINT('',(-0.499,0.249,0.08));
#20372=CARTESIAN_POINT('Origin',(-0.499,0.249,0.079));
#20373=CARTESIAN_POINT('',(-0.5,0.249,0.079));
#20374=CARTESIAN_POINT('Origin',(-0.499,0.249,0.079));
#20375=CARTESIAN_POINT('Origin',(-0.499,0.249,0.079));
#20376=CARTESIAN_POINT('Origin',(-0.301,-0.249,0.001));
#20377=CARTESIAN_POINT('',(-0.301,-0.25,0.001));
#20378=CARTESIAN_POINT('Origin',(-0.301,-0.249,0.001));
#20379=CARTESIAN_POINT('Origin',(-0.301,-0.249,0.001));
#20380=CARTESIAN_POINT('Origin',(-0.301,-0.249,0.001));
#20381=CARTESIAN_POINT('Origin',(-0.45,-0.249,0.001));
#20382=CARTESIAN_POINT('',(-0.45,-0.25,0.001));
#20383=CARTESIAN_POINT('Origin',(-0.301,0.249,0.079));
#20384=CARTESIAN_POINT('',(-0.301,0.249,0.08));
#20385=CARTESIAN_POINT('Origin',(-0.301,0.249,0.079));
#20386=CARTESIAN_POINT('',(-0.301,0.25,0.079));
#20387=CARTESIAN_POINT('Origin',(-0.301,0.249,0.079));
#20388=CARTESIAN_POINT('Origin',(-0.301,0.249,0.079));
#20389=CARTESIAN_POINT('Origin',(-0.499,0.249,0.001));
#20390=CARTESIAN_POINT('',(-0.499,0.25,0.001));
#20391=CARTESIAN_POINT('Origin',(-0.499,0.249,0.001));
#20392=CARTESIAN_POINT('',(-0.5,0.249,0.001));
#20393=CARTESIAN_POINT('Origin',(-0.499,0.249,0.001));
#20394=CARTESIAN_POINT('Origin',(-0.499,0.249,0.001));
#20395=CARTESIAN_POINT('Origin',(-0.499,0.125,0.001));
#20396=CARTESIAN_POINT('',(-0.5,0.125,0.001));
#20397=CARTESIAN_POINT('Origin',(-0.499,0.249,0.));
#20398=CARTESIAN_POINT('',(-0.499,0.25,0.));
#20399=CARTESIAN_POINT('',(-0.5,0.249,0.));
#20400=CARTESIAN_POINT('Origin',(-0.301,0.249,0.001));
#20401=CARTESIAN_POINT('',(-0.301,0.25,0.001));
#20402=CARTESIAN_POINT('Origin',(-0.301,0.249,0.001));
#20403=CARTESIAN_POINT('Origin',(-0.301,0.249,0.001));
#20404=CARTESIAN_POINT('Origin',(-0.301,0.249,0.001));
#20405=CARTESIAN_POINT('Origin',(-0.301,-0.125,0.001));
#20406=CARTESIAN_POINT('Origin',(-0.35,0.249,0.001));
#20407=CARTESIAN_POINT('',(-0.35,0.25,0.001));
#20408=CARTESIAN_POINT('Origin',(-0.301,0.249,0.));
#20409=CARTESIAN_POINT('',(-0.301,0.25,0.));
#20410=CARTESIAN_POINT('Origin',(-0.35,0.249,0.079));
#20411=CARTESIAN_POINT('',(-0.35,0.249,0.08));
#20412=CARTESIAN_POINT('',(-0.35,0.25,0.079));
#20413=CARTESIAN_POINT('Origin',(-0.301,-0.125,0.079));
#20414=CARTESIAN_POINT('',(-0.301,-0.125,0.08));
#20415=CARTESIAN_POINT('Origin',(-0.301,-0.249,0.));
#20416=CARTESIAN_POINT('',(-0.301,-0.25,0.));
#20417=CARTESIAN_POINT('Origin',(-0.499,0.125,0.079));
#20418=CARTESIAN_POINT('',(-0.499,0.125,0.08));
#20419=CARTESIAN_POINT('',(-0.5,0.125,0.079));
#20420=CARTESIAN_POINT('Origin',(-0.499,-0.249,0.));
#20421=CARTESIAN_POINT('',(-0.5,-0.249,0.));
#20422=CARTESIAN_POINT('',(-0.499,-0.25,0.));
#20423=CARTESIAN_POINT('Origin',(-0.45,-0.249,0.079));
#20424=CARTESIAN_POINT('',(-0.45,-0.249,0.08));
#20425=CARTESIAN_POINT('',(-0.45,-0.25,0.079));
#20426=CARTESIAN_POINT('Origin',(-0.5,-0.25,0.));
#20427=CARTESIAN_POINT('Origin',(-0.5,0.25,0.));
#20428=CARTESIAN_POINT('Origin',(-0.3,0.25,0.));
#20429=CARTESIAN_POINT('Origin',(-0.4,0.,0.08));
#20430=CARTESIAN_POINT('Origin',(1.04996420914386E-16,3.46944695195361E-17,
0.25));
#20431=CARTESIAN_POINT('',(0.25,0.225,0.25));
#20432=CARTESIAN_POINT('',(0.25,-0.225,0.25));
#20433=CARTESIAN_POINT('',(0.25,0.225,0.25));
#20434=CARTESIAN_POINT('',(-0.25,0.225,0.25));
#20435=CARTESIAN_POINT('',(0.45,0.225,0.25));
#20436=CARTESIAN_POINT('',(-0.25,-0.225,0.25));
#20437=CARTESIAN_POINT('',(-0.25,0.225,0.25));
#20438=CARTESIAN_POINT('',(-0.45,-0.225,0.25));
#20439=CARTESIAN_POINT('Origin',(1.72755519715046E-17,-8.67361737988404E-18,
0.08));
#20440=CARTESIAN_POINT('',(0.3,0.25,0.08));
#20441=CARTESIAN_POINT('',(0.3,-0.25,0.08));
#20442=CARTESIAN_POINT('',(0.3,0.25,0.08));
#20443=CARTESIAN_POINT('',(-0.3,-0.25,0.08));
#20444=CARTESIAN_POINT('',(-0.5,-0.25,0.08));
#20445=CARTESIAN_POINT('',(-0.3,0.25,0.08));
#20446=CARTESIAN_POINT('',(-0.3,0.25,0.08));
#20447=CARTESIAN_POINT('',(0.5,0.25,0.08));
#20448=CARTESIAN_POINT('Origin',(0.3,0.25,0.08));
#20449=CARTESIAN_POINT('',(0.3,0.25,0.08));
#20450=CARTESIAN_POINT('',(0.3,-0.25,0.08));
#20451=CARTESIAN_POINT('Origin',(0.3,-0.25,0.08));
#20452=CARTESIAN_POINT('',(-0.3,-0.25,0.08));
#20453=CARTESIAN_POINT('Origin',(-0.3,-0.25,0.08));
#20454=CARTESIAN_POINT('',(-0.3,0.25,0.08));
#20455=CARTESIAN_POINT('Origin',(-0.3,0.25,0.08));
#20456=CARTESIAN_POINT('Origin',(-0.05,-0.025,0.08));
#20457=CARTESIAN_POINT('',(-0.05,-0.025,0.08));
#20458=CARTESIAN_POINT('',(0.05,-0.025,0.08));
#20459=CARTESIAN_POINT('',(-0.05,-0.025,0.08));
#20460=CARTESIAN_POINT('',(0.05,-0.025,0.088));
#20461=CARTESIAN_POINT('',(0.05,-0.025,0.08));
#20462=CARTESIAN_POINT('',(-0.05,-0.025,0.088));
#20463=CARTESIAN_POINT('',(-0.05,-0.025,0.088));
#20464=CARTESIAN_POINT('',(-0.05,-0.025,0.08));
#20465=CARTESIAN_POINT('Origin',(-0.05,0.025,0.08));
#20466=CARTESIAN_POINT('',(-0.05,0.025,0.08));
#20467=CARTESIAN_POINT('',(-0.05,0.025,0.08));
#20468=CARTESIAN_POINT('',(-0.05,0.025,0.088));
#20469=CARTESIAN_POINT('',(-0.05,0.025,0.088));
#20470=CARTESIAN_POINT('',(-0.05,0.025,0.08));
#20471=CARTESIAN_POINT('Origin',(0.05,0.025,0.08));
#20472=CARTESIAN_POINT('',(0.05,0.025,0.08));
#20473=CARTESIAN_POINT('',(0.05,0.025,0.08));
#20474=CARTESIAN_POINT('',(0.05,0.025,0.088));
#20475=CARTESIAN_POINT('',(0.05,0.025,0.088));
#20476=CARTESIAN_POINT('',(0.05,0.025,0.08));
#20477=CARTESIAN_POINT('Origin',(0.05,-0.025,0.08));
#20478=CARTESIAN_POINT('',(0.05,-0.025,0.08));
#20479=CARTESIAN_POINT('',(0.05,-0.025,0.088));
#20480=CARTESIAN_POINT('Origin',(8.67361737988404E-18,0.,0.088));
#20481=CARTESIAN_POINT('Origin',(8.67361737988404E-18,0.,0.08));
#20482=CARTESIAN_POINT('',(0.,0.,0.));
#20483=CARTESIAN_POINT('',(0.,0.,0.));
#20484=CARTESIAN_POINT('',(0.,0.,0.));
#20485=CARTESIAN_POINT('Origin',(0.526,-0.276,0.376));
#20486=CARTESIAN_POINT('',(0.55,-0.276,0.376));
#20487=CARTESIAN_POINT('',(0.526,-0.3,0.376));
#20488=CARTESIAN_POINT('Origin',(0.526,-0.276,0.376));
#20489=CARTESIAN_POINT('',(0.526,-0.276,0.4));
#20490=CARTESIAN_POINT('Origin',(0.526,-0.276,0.376));
#20491=CARTESIAN_POINT('Origin',(0.526,-0.276,0.376));
#20492=CARTESIAN_POINT('Origin',(0.274,-0.276,0.376));
#20493=CARTESIAN_POINT('',(0.274,-0.3,0.376));
#20494=CARTESIAN_POINT('',(0.25,-0.276,0.376));
#20495=CARTESIAN_POINT('Origin',(0.274,-0.276,0.376));
#20496=CARTESIAN_POINT('',(0.274,-0.276,0.4));
#20497=CARTESIAN_POINT('Origin',(0.274,-0.276,0.376));
#20498=CARTESIAN_POINT('Origin',(0.274,-0.276,0.376));
#20499=CARTESIAN_POINT('Origin',(0.4,-0.276,0.376));
#20500=CARTESIAN_POINT('',(0.4,-0.276,0.4));
#20501=CARTESIAN_POINT('',(0.4,-0.3,0.376));
#20502=CARTESIAN_POINT('Origin',(0.526,0.276,0.376));
#20503=CARTESIAN_POINT('',(0.526,0.3,0.376));
#20504=CARTESIAN_POINT('',(0.55,0.276,0.376));
#20505=CARTESIAN_POINT('Origin',(0.526,0.276,0.376));
#20506=CARTESIAN_POINT('',(0.526,0.276,0.4));
#20507=CARTESIAN_POINT('Origin',(0.526,0.276,0.376));
#20508=CARTESIAN_POINT('Origin',(0.526,0.276,0.376));
#20509=CARTESIAN_POINT('Origin',(0.526,-0.276,0.0239999999999999));
#20510=CARTESIAN_POINT('',(0.526,-0.276,-1.11022302462516E-16));
#20511=CARTESIAN_POINT('',(0.526,-0.3,0.0239999999999999));
#20512=CARTESIAN_POINT('Origin',(0.526,-0.276,0.0239999999999999));
#20513=CARTESIAN_POINT('',(0.55,-0.276,0.0239999999999999));
#20514=CARTESIAN_POINT('Origin',(0.526,-0.276,0.0239999999999999));
#20515=CARTESIAN_POINT('Origin',(0.526,-0.276,0.0239999999999999));
#20516=CARTESIAN_POINT('Origin',(0.274,0.276,0.376));
#20517=CARTESIAN_POINT('',(0.274,0.3,0.376));
#20518=CARTESIAN_POINT('',(0.274,0.276,0.4));
#20519=CARTESIAN_POINT('Origin',(0.274,0.276,0.376));
#20520=CARTESIAN_POINT('',(0.25,0.276,0.376));
#20521=CARTESIAN_POINT('Origin',(0.274,0.276,0.376));
#20522=CARTESIAN_POINT('Origin',(0.274,0.276,0.376));
#20523=CARTESIAN_POINT('Origin',(0.274,-0.276,0.024));
#20524=CARTESIAN_POINT('',(0.274,-0.276,-5.55111512312578E-17));
#20525=CARTESIAN_POINT('',(0.25,-0.276,0.024));
#20526=CARTESIAN_POINT('Origin',(0.274,-0.276,0.024));
#20527=CARTESIAN_POINT('',(0.274,-0.3,0.024));
#20528=CARTESIAN_POINT('Origin',(0.274,-0.276,0.024));
#20529=CARTESIAN_POINT('Origin',(0.274,-0.276,0.024));
#20530=CARTESIAN_POINT('Origin',(0.4,-0.276,0.024));
#20531=CARTESIAN_POINT('',(0.4,-0.276,-5.55111512312578E-17));
#20532=CARTESIAN_POINT('',(0.4,-0.3,0.024));
#20533=CARTESIAN_POINT('Origin',(0.274,-0.276,0.2));
#20534=CARTESIAN_POINT('',(0.25,-0.276,0.2));
#20535=CARTESIAN_POINT('',(0.274,-0.3,0.2));
#20536=CARTESIAN_POINT('Origin',(0.526,0.276,0.0239999999999999));
#20537=CARTESIAN_POINT('',(0.526,0.276,-1.11022302462516E-16));
#20538=CARTESIAN_POINT('',(0.55,0.276,0.0239999999999999));
#20539=CARTESIAN_POINT('Origin',(0.526,0.276,0.0239999999999999));
#20540=CARTESIAN_POINT('',(0.526,0.3,0.0239999999999999));
#20541=CARTESIAN_POINT('Origin',(0.526,0.276,0.0239999999999999));
#20542=CARTESIAN_POINT('Origin',(0.526,0.276,0.0239999999999999));
#20543=CARTESIAN_POINT('Origin',(0.274,0.276,0.024));
#20544=CARTESIAN_POINT('',(0.274,0.3,0.024));
#20545=CARTESIAN_POINT('',(0.25,0.276,0.024));
#20546=CARTESIAN_POINT('Origin',(0.274,0.276,0.024));
#20547=CARTESIAN_POINT('',(0.274,0.276,-5.55111512312578E-17));
#20548=CARTESIAN_POINT('Origin',(0.274,0.276,0.024));
#20549=CARTESIAN_POINT('Origin',(0.274,0.276,0.024));
#20550=CARTESIAN_POINT('Origin',(0.4,0.276,0.024));
#20551=CARTESIAN_POINT('',(0.4,0.276,-5.55111512312578E-17));
#20552=CARTESIAN_POINT('',(0.4,0.3,0.024));
#20553=CARTESIAN_POINT('Origin',(0.274,-5.55111512312578E-17,0.024));
#20554=CARTESIAN_POINT('',(0.274,-5.55111512312578E-17,-5.55111512312578E-17));
#20555=CARTESIAN_POINT('',(0.25,-5.55111512312578E-17,0.024));
#20556=CARTESIAN_POINT('Origin',(0.274,0.276,0.2));
#20557=CARTESIAN_POINT('',(0.274,0.3,0.2));
#20558=CARTESIAN_POINT('',(0.25,0.276,0.2));
#20559=CARTESIAN_POINT('Origin',(0.526,0.276,0.2));
#20560=CARTESIAN_POINT('',(0.55,0.276,0.2));
#20561=CARTESIAN_POINT('',(0.526,0.3,0.2));
#20562=CARTESIAN_POINT('Origin',(0.526,-5.55111512312578E-17,0.0239999999999999));
#20563=CARTESIAN_POINT('',(0.526,-5.55111512312578E-17,-1.11022302462516E-16));
#20564=CARTESIAN_POINT('',(0.55,-5.55111512312578E-17,0.0239999999999999));
#20565=CARTESIAN_POINT('Origin',(0.274,-5.55111512312578E-17,0.376));
#20566=CARTESIAN_POINT('',(0.274,-5.55111512312578E-17,0.4));
#20567=CARTESIAN_POINT('',(0.25,-5.55111512312578E-17,0.376));
#20568=CARTESIAN_POINT('Origin',(0.4,0.276,0.376));
#20569=CARTESIAN_POINT('',(0.4,0.276,0.4));
#20570=CARTESIAN_POINT('',(0.4,0.3,0.376));
#20571=CARTESIAN_POINT('Origin',(0.526,-0.276,0.2));
#20572=CARTESIAN_POINT('',(0.526,-0.3,0.2));
#20573=CARTESIAN_POINT('',(0.55,-0.276,0.2));
#20574=CARTESIAN_POINT('Origin',(0.526,-5.55111512312578E-17,0.376));
#20575=CARTESIAN_POINT('',(0.526,-5.55111512312578E-17,0.4));
#20576=CARTESIAN_POINT('',(0.55,-5.55111512312578E-17,0.376));
#20577=CARTESIAN_POINT('Origin',(0.4,-5.55111512312578E-17,0.4));
#20578=CARTESIAN_POINT('Origin',(0.4,-0.3,0.2));
#20579=CARTESIAN_POINT('Origin',(0.4,-5.55111512312578E-17,-5.55111512312578E-17));
#20580=CARTESIAN_POINT('Origin',(0.4,0.3,0.2));
#20581=CARTESIAN_POINT('Origin',(0.55,-5.55111512312578E-17,0.2));
#20582=CARTESIAN_POINT('Origin',(-0.274,-0.276,0.376));
#20583=CARTESIAN_POINT('',(-0.25,-0.276,0.376));
#20584=CARTESIAN_POINT('',(-0.274,-0.3,0.376));
#20585=CARTESIAN_POINT('Origin',(-0.274,-0.276,0.376));
#20586=CARTESIAN_POINT('',(-0.274,-0.276,0.4));
#20587=CARTESIAN_POINT('Origin',(-0.274,-0.276,0.376));
#20588=CARTESIAN_POINT('Origin',(-0.274,-0.276,0.376));
#20589=CARTESIAN_POINT('Origin',(-0.526,-0.276,0.376));
#20590=CARTESIAN_POINT('',(-0.526,-0.3,0.376));
#20591=CARTESIAN_POINT('',(-0.55,-0.276,0.376));
#20592=CARTESIAN_POINT('Origin',(-0.526,-0.276,0.376));
#20593=CARTESIAN_POINT('',(-0.526,-0.276,0.4));
#20594=CARTESIAN_POINT('Origin',(-0.526,-0.276,0.376));
#20595=CARTESIAN_POINT('Origin',(-0.526,-0.276,0.376));
#20596=CARTESIAN_POINT('Origin',(-0.4,-0.276,0.376));
#20597=CARTESIAN_POINT('',(-0.4,-0.276,0.4));
#20598=CARTESIAN_POINT('',(-0.4,-0.3,0.376));
#20599=CARTESIAN_POINT('Origin',(-0.274,0.276,0.376));
#20600=CARTESIAN_POINT('',(-0.274,0.3,0.376));
#20601=CARTESIAN_POINT('',(-0.25,0.276,0.376));
#20602=CARTESIAN_POINT('Origin',(-0.274,0.276,0.376));
#20603=CARTESIAN_POINT('',(-0.274,0.276,0.4));
#20604=CARTESIAN_POINT('Origin',(-0.274,0.276,0.376));
#20605=CARTESIAN_POINT('Origin',(-0.274,0.276,0.376));
#20606=CARTESIAN_POINT('Origin',(-0.274,-0.276,0.024));
#20607=CARTESIAN_POINT('',(-0.274,-0.276,0.));
#20608=CARTESIAN_POINT('',(-0.274,-0.3,0.024));
#20609=CARTESIAN_POINT('Origin',(-0.274,-0.276,0.024));
#20610=CARTESIAN_POINT('',(-0.25,-0.276,0.024));
#20611=CARTESIAN_POINT('Origin',(-0.274,-0.276,0.024));
#20612=CARTESIAN_POINT('Origin',(-0.274,-0.276,0.024));
#20613=CARTESIAN_POINT('Origin',(-0.526,0.276,0.376));
#20614=CARTESIAN_POINT('',(-0.526,0.3,0.376));
#20615=CARTESIAN_POINT('',(-0.526,0.276,0.4));
#20616=CARTESIAN_POINT('Origin',(-0.526,0.276,0.376));
#20617=CARTESIAN_POINT('',(-0.55,0.276,0.376));
#20618=CARTESIAN_POINT('Origin',(-0.526,0.276,0.376));
#20619=CARTESIAN_POINT('Origin',(-0.526,0.276,0.376));
#20620=CARTESIAN_POINT('Origin',(-0.526,-0.276,0.0240000000000001));
#20621=CARTESIAN_POINT('',(-0.526,-0.276,5.55111512312578E-17));
#20622=CARTESIAN_POINT('',(-0.55,-0.276,0.0240000000000001));
#20623=CARTESIAN_POINT('Origin',(-0.526,-0.276,0.0240000000000001));
#20624=CARTESIAN_POINT('',(-0.526,-0.3,0.0240000000000001));
#20625=CARTESIAN_POINT('Origin',(-0.526,-0.276,0.0240000000000001));
#20626=CARTESIAN_POINT('Origin',(-0.526,-0.276,0.0240000000000001));
#20627=CARTESIAN_POINT('Origin',(-0.4,-0.276,0.024));
#20628=CARTESIAN_POINT('',(-0.4,-0.276,0.));
#20629=CARTESIAN_POINT('',(-0.4,-0.3,0.024));
#20630=CARTESIAN_POINT('Origin',(-0.526,-0.276,0.2));
#20631=CARTESIAN_POINT('',(-0.55,-0.276,0.2));
#20632=CARTESIAN_POINT('',(-0.526,-0.3,0.2));
#20633=CARTESIAN_POINT('Origin',(-0.274,0.276,0.024));
#20634=CARTESIAN_POINT('',(-0.274,0.276,0.));
#20635=CARTESIAN_POINT('',(-0.25,0.276,0.024));
#20636=CARTESIAN_POINT('Origin',(-0.274,0.276,0.024));
#20637=CARTESIAN_POINT('',(-0.274,0.3,0.024));
#20638=CARTESIAN_POINT('Origin',(-0.274,0.276,0.024));
#20639=CARTESIAN_POINT('Origin',(-0.274,0.276,0.024));
#20640=CARTESIAN_POINT('Origin',(-0.526,0.276,0.0240000000000001));
#20641=CARTESIAN_POINT('',(-0.526,0.3,0.0240000000000001));
#20642=CARTESIAN_POINT('',(-0.55,0.276,0.0240000000000001));
#20643=CARTESIAN_POINT('Origin',(-0.526,0.276,0.0240000000000001));
#20644=CARTESIAN_POINT('',(-0.526,0.276,5.55111512312578E-17));
#20645=CARTESIAN_POINT('Origin',(-0.526,0.276,0.0240000000000001));
#20646=CARTESIAN_POINT('Origin',(-0.526,0.276,0.0240000000000001));
#20647=CARTESIAN_POINT('Origin',(-0.4,0.276,0.024));
#20648=CARTESIAN_POINT('',(-0.4,0.276,0.));
#20649=CARTESIAN_POINT('',(-0.4,0.3,0.024));
#20650=CARTESIAN_POINT('Origin',(-0.526,0.,0.0240000000000001));
#20651=CARTESIAN_POINT('',(-0.526,0.,5.55111512312578E-17));
#20652=CARTESIAN_POINT('',(-0.55,0.,0.0240000000000001));
#20653=CARTESIAN_POINT('Origin',(-0.526,0.276,0.2));
#20654=CARTESIAN_POINT('',(-0.526,0.3,0.2));
#20655=CARTESIAN_POINT('',(-0.55,0.276,0.2));
#20656=CARTESIAN_POINT('Origin',(-0.274,0.276,0.2));
#20657=CARTESIAN_POINT('',(-0.25,0.276,0.2));
#20658=CARTESIAN_POINT('',(-0.274,0.3,0.2));
#20659=CARTESIAN_POINT('Origin',(-0.274,0.,0.024));
#20660=CARTESIAN_POINT('',(-0.274,0.,0.));
#20661=CARTESIAN_POINT('',(-0.25,0.,0.024));
#20662=CARTESIAN_POINT('Origin',(-0.526,0.,0.376));
#20663=CARTESIAN_POINT('',(-0.526,0.,0.4));
#20664=CARTESIAN_POINT('',(-0.55,0.,0.376));
#20665=CARTESIAN_POINT('Origin',(-0.4,0.276,0.376));
#20666=CARTESIAN_POINT('',(-0.4,0.276,0.4));
#20667=CARTESIAN_POINT('',(-0.4,0.3,0.376));
#20668=CARTESIAN_POINT('Origin',(-0.274,-0.276,0.2));
#20669=CARTESIAN_POINT('',(-0.274,-0.3,0.2));
#20670=CARTESIAN_POINT('',(-0.25,-0.276,0.2));
#20671=CARTESIAN_POINT('Origin',(-0.274,0.,0.376));
#20672=CARTESIAN_POINT('',(-0.274,0.,0.4));
#20673=CARTESIAN_POINT('',(-0.25,0.,0.376));
#20674=CARTESIAN_POINT('Origin',(-0.4,0.,0.4));
#20675=CARTESIAN_POINT('Origin',(-0.4,-0.3,0.2));
#20676=CARTESIAN_POINT('Origin',(-0.55,0.,0.2));
#20677=CARTESIAN_POINT('Origin',(-0.4,0.,0.));
#20678=CARTESIAN_POINT('Origin',(-0.4,0.3,0.2));
#20679=CARTESIAN_POINT('Origin',(-8.32667268468868E-17,0.,-5.55111512312578E-17));
#20680=CARTESIAN_POINT('',(-0.25,0.3,0.));
#20681=CARTESIAN_POINT('',(0.25,0.3,-5.55111512312578E-17));
#20682=CARTESIAN_POINT('',(-8.32667268468868E-17,0.3,-5.55111512312578E-17));
#20683=CARTESIAN_POINT('',(0.25,-0.3,-5.55111512312578E-17));
#20684=CARTESIAN_POINT('',(0.25,-5.55111512312578E-17,-5.55111512312578E-17));
#20685=CARTESIAN_POINT('',(-0.25,-0.3,0.));
#20686=CARTESIAN_POINT('',(-1.11022302462516E-16,-0.3,-5.55111512312578E-17));
#20687=CARTESIAN_POINT('',(-0.25,0.,0.));
#20688=CARTESIAN_POINT('Origin',(-5.55111512312578E-17,0.,0.4));
#20689=CARTESIAN_POINT('',(0.25,0.3,0.4));
#20690=CARTESIAN_POINT('',(-0.25,0.3,0.4));
#20691=CARTESIAN_POINT('',(0.,0.3,0.4));
#20692=CARTESIAN_POINT('',(-0.25,-0.3,0.4));
#20693=CARTESIAN_POINT('',(-0.25,0.,0.4));
#20694=CARTESIAN_POINT('',(0.25,-0.3,0.4));
#20695=CARTESIAN_POINT('',(-5.55111512312578E-17,-0.3,0.4));
#20696=CARTESIAN_POINT('',(0.25,-5.55111512312578E-17,0.4));
#20697=CARTESIAN_POINT('Origin',(-0.25,0.,0.2));
#20698=CARTESIAN_POINT('',(-0.25,-0.3,0.2));
#20699=CARTESIAN_POINT('',(-0.25,0.3,0.2));
#20700=CARTESIAN_POINT('Origin',(-8.32667268468868E-17,-0.3,0.2));
#20701=CARTESIAN_POINT('',(0.25,-0.3,0.2));
#20702=CARTESIAN_POINT('Origin',(0.25,-5.55111512312578E-17,0.2));
#20703=CARTESIAN_POINT('',(0.25,0.3,0.2));
#20704=CARTESIAN_POINT('Origin',(-5.55111512312578E-17,0.3,0.2));
#20705=CARTESIAN_POINT('',(0.,0.,0.));
#20706=CARTESIAN_POINT('',(0.,0.,0.));
#20707=CARTESIAN_POINT('',(4.377,4.6355,1.57));
#20708=CARTESIAN_POINT('',(7.2988031,19.218706,1.57));
#20709=CARTESIAN_POINT('',(4.25,19.187719,1.57));
#20710=CARTESIAN_POINT('',(4.377,10.8015,1.57));
#20711=CARTESIAN_POINT('',(4.377,16.340478,1.57));
#20712=CARTESIAN_POINT('',(1.4044406,17.523203,1.57));
#20713=CARTESIAN_POINT('',(3.9965,4.318,0.));
#20714=CARTESIAN_POINT('',(4.7585,17.526253,0.));
#20715=CARTESIAN_POINT('',(7.235,7.112,1.57));
#20716=CARTESIAN_POINT('',(7.235,6.096,1.57));
#20717=CARTESIAN_POINT('',(4.377,14.44625,1.57));
#20718=CARTESIAN_POINT('',(6.4265,14.31925,1.57));
#20719=CARTESIAN_POINT('',(1.4565,7.112,1.57));
#20720=CARTESIAN_POINT('',(1.4565,6.096,1.57));
#20721=CARTESIAN_POINT('',(8.37,16.256,1.57));
#20722=CARTESIAN_POINT('',(6.3925469,15.010925,0.));
#20723=CARTESIAN_POINT('',(6.3925469,18.105656,0.));
#20724=CARTESIAN_POINT('',(6.3925469,20.178975,0.));
#20725=CARTESIAN_POINT('',(0.508,18.6055,0.));
#20726=CARTESIAN_POINT('',(0.508,16.4465,0.));
#20727=CARTESIAN_POINT('',(0.38085625,19.112525,1.57));
#20728=CARTESIAN_POINT('',(0.38517187,16.075344,1.57));
#20729=CARTESIAN_POINT('',(0.,0.,0.));
#20730=CARTESIAN_POINT('',(0.,0.,0.));
#20731=CARTESIAN_POINT('Origin',(0.,0.,0.));
#20732=UNCERTAINTY_MEASURE_WITH_UNIT(LENGTH_MEASURE(0.01),#20776,
'DISTANCE_ACCURACY_VALUE',
'Maximum model space distance between geometric entities at asserted c
onnectivities');
#20733=UNCERTAINTY_MEASURE_WITH_UNIT(LENGTH_MEASURE(0.01),#20776,
'DISTANCE_ACCURACY_VALUE',
'Maximum model space distance between geometric entities at asserted c
onnectivities');
#20734=UNCERTAINTY_MEASURE_WITH_UNIT(LENGTH_MEASURE(0.01),#20776,
'DISTANCE_ACCURACY_VALUE',
'Maximum model space distance between geometric entities at asserted c
onnectivities');
#20735=UNCERTAINTY_MEASURE_WITH_UNIT(LENGTH_MEASURE(0.01),#20776,
'DISTANCE_ACCURACY_VALUE',
'Maximum model space distance between geometric entities at asserted c
onnectivities');
#20736=UNCERTAINTY_MEASURE_WITH_UNIT(LENGTH_MEASURE(0.01),#20776,
'DISTANCE_ACCURACY_VALUE',
'Maximum model space distance between geometric entities at asserted c
onnectivities');
#20737=UNCERTAINTY_MEASURE_WITH_UNIT(LENGTH_MEASURE(0.01),#20776,
'DISTANCE_ACCURACY_VALUE',
'Maximum model space distance between geometric entities at asserted c
onnectivities');
#20738=UNCERTAINTY_MEASURE_WITH_UNIT(LENGTH_MEASURE(0.01),#20776,
'DISTANCE_ACCURACY_VALUE',
'Maximum model space distance between geometric entities at asserted c
onnectivities');
#20739=UNCERTAINTY_MEASURE_WITH_UNIT(LENGTH_MEASURE(0.01),#20776,
'DISTANCE_ACCURACY_VALUE',
'Maximum model space distance between geometric entities at asserted c
onnectivities');
#20740=UNCERTAINTY_MEASURE_WITH_UNIT(LENGTH_MEASURE(0.01),#20776,
'DISTANCE_ACCURACY_VALUE',
'Maximum model space distance between geometric entities at asserted c
onnectivities');
#20741=UNCERTAINTY_MEASURE_WITH_UNIT(LENGTH_MEASURE(0.01),#20776,
'DISTANCE_ACCURACY_VALUE',
'Maximum model space distance between geometric entities at asserted c
onnectivities');
#20742=UNCERTAINTY_MEASURE_WITH_UNIT(LENGTH_MEASURE(0.01),#20776,
'DISTANCE_ACCURACY_VALUE',
'Maximum model space distance between geometric entities at asserted c
onnectivities');
#20743=UNCERTAINTY_MEASURE_WITH_UNIT(LENGTH_MEASURE(0.01),#20776,
'DISTANCE_ACCURACY_VALUE',
'Maximum model space distance between geometric entities at asserted c
onnectivities');
#20744=UNCERTAINTY_MEASURE_WITH_UNIT(LENGTH_MEASURE(0.01),#20776,
'DISTANCE_ACCURACY_VALUE',
'Maximum model space distance between geometric entities at asserted c
onnectivities');
#20745=UNCERTAINTY_MEASURE_WITH_UNIT(LENGTH_MEASURE(0.01),#20776,
'DISTANCE_ACCURACY_VALUE',
'Maximum model space distance between geometric entities at asserted c
onnectivities');
#20746=UNCERTAINTY_MEASURE_WITH_UNIT(LENGTH_MEASURE(0.01),#20776,
'DISTANCE_ACCURACY_VALUE',
'Maximum model space distance between geometric entities at asserted c
onnectivities');
#20747=UNCERTAINTY_MEASURE_WITH_UNIT(LENGTH_MEASURE(0.01),#20776,
'DISTANCE_ACCURACY_VALUE',
'Maximum model space distance between geometric entities at asserted c
onnectivities');
#20748=UNCERTAINTY_MEASURE_WITH_UNIT(LENGTH_MEASURE(0.01),#20776,
'DISTANCE_ACCURACY_VALUE',
'Maximum model space distance between geometric entities at asserted c
onnectivities');
#20749=UNCERTAINTY_MEASURE_WITH_UNIT(LENGTH_MEASURE(0.01),#20776,
'DISTANCE_ACCURACY_VALUE',
'Maximum model space distance between geometric entities at asserted c
onnectivities');
#20750=UNCERTAINTY_MEASURE_WITH_UNIT(LENGTH_MEASURE(0.01),#20776,
'DISTANCE_ACCURACY_VALUE',
'Maximum model space distance between geometric entities at asserted c
onnectivities');
#20751=UNCERTAINTY_MEASURE_WITH_UNIT(LENGTH_MEASURE(0.01),#20776,
'DISTANCE_ACCURACY_VALUE',
'Maximum model space distance between geometric entities at asserted c
onnectivities');
#20752=UNCERTAINTY_MEASURE_WITH_UNIT(LENGTH_MEASURE(0.01),#20776,
'DISTANCE_ACCURACY_VALUE',
'Maximum model space distance between geometric entities at asserted c
onnectivities');
#20753=UNCERTAINTY_MEASURE_WITH_UNIT(LENGTH_MEASURE(0.01),#20776,
'DISTANCE_ACCURACY_VALUE',
'Maximum model space distance between geometric entities at asserted c
onnectivities');
#20754=(
GEOMETRIC_REPRESENTATION_CONTEXT(3)
GLOBAL_UNCERTAINTY_ASSIGNED_CONTEXT((#20732))
GLOBAL_UNIT_ASSIGNED_CONTEXT((#20776,#20778,#20779))
REPRESENTATION_CONTEXT('','3D')
);
#20755=(
GEOMETRIC_REPRESENTATION_CONTEXT(3)
GLOBAL_UNCERTAINTY_ASSIGNED_CONTEXT((#20733))
GLOBAL_UNIT_ASSIGNED_CONTEXT((#20776,#20778,#20779))
REPRESENTATION_CONTEXT('','3D')
);
#20756=(
GEOMETRIC_REPRESENTATION_CONTEXT(3)
GLOBAL_UNCERTAINTY_ASSIGNED_CONTEXT((#20734))
GLOBAL_UNIT_ASSIGNED_CONTEXT((#20776,#20778,#20779))
REPRESENTATION_CONTEXT('','3D')
);
#20757=(
GEOMETRIC_REPRESENTATION_CONTEXT(3)
GLOBAL_UNCERTAINTY_ASSIGNED_CONTEXT((#20735))
GLOBAL_UNIT_ASSIGNED_CONTEXT((#20776,#20778,#20779))
REPRESENTATION_CONTEXT('','3D')
);
#20758=(
GEOMETRIC_REPRESENTATION_CONTEXT(3)
GLOBAL_UNCERTAINTY_ASSIGNED_CONTEXT((#20736))
GLOBAL_UNIT_ASSIGNED_CONTEXT((#20776,#20778,#20779))
REPRESENTATION_CONTEXT('','3D')
);
#20759=(
GEOMETRIC_REPRESENTATION_CONTEXT(3)
GLOBAL_UNCERTAINTY_ASSIGNED_CONTEXT((#20737))
GLOBAL_UNIT_ASSIGNED_CONTEXT((#20776,#20778,#20779))
REPRESENTATION_CONTEXT('','3D')
);
#20760=(
GEOMETRIC_REPRESENTATION_CONTEXT(3)
GLOBAL_UNCERTAINTY_ASSIGNED_CONTEXT((#20738))
GLOBAL_UNIT_ASSIGNED_CONTEXT((#20776,#20778,#20779))
REPRESENTATION_CONTEXT('','3D')
);
#20761=(
GEOMETRIC_REPRESENTATION_CONTEXT(3)
GLOBAL_UNCERTAINTY_ASSIGNED_CONTEXT((#20739))
GLOBAL_UNIT_ASSIGNED_CONTEXT((#20776,#20778,#20779))
REPRESENTATION_CONTEXT('','3D')
);
#20762=(
GEOMETRIC_REPRESENTATION_CONTEXT(3)
GLOBAL_UNCERTAINTY_ASSIGNED_CONTEXT((#20740))
GLOBAL_UNIT_ASSIGNED_CONTEXT((#20776,#20778,#20779))
REPRESENTATION_CONTEXT('','3D')
);
#20763=(
GEOMETRIC_REPRESENTATION_CONTEXT(3)
GLOBAL_UNCERTAINTY_ASSIGNED_CONTEXT((#20741))
GLOBAL_UNIT_ASSIGNED_CONTEXT((#20776,#20778,#20779))
REPRESENTATION_CONTEXT('','3D')
);
#20764=(
GEOMETRIC_REPRESENTATION_CONTEXT(3)
GLOBAL_UNCERTAINTY_ASSIGNED_CONTEXT((#20742))
GLOBAL_UNIT_ASSIGNED_CONTEXT((#20776,#20778,#20779))
REPRESENTATION_CONTEXT('','3D')
);
#20765=(
GEOMETRIC_REPRESENTATION_CONTEXT(3)
GLOBAL_UNCERTAINTY_ASSIGNED_CONTEXT((#20743))
GLOBAL_UNIT_ASSIGNED_CONTEXT((#20776,#20778,#20779))
REPRESENTATION_CONTEXT('','3D')
);
#20766=(
GEOMETRIC_REPRESENTATION_CONTEXT(3)
GLOBAL_UNCERTAINTY_ASSIGNED_CONTEXT((#20744))
GLOBAL_UNIT_ASSIGNED_CONTEXT((#20776,#20778,#20779))
REPRESENTATION_CONTEXT('','3D')
);
#20767=(
GEOMETRIC_REPRESENTATION_CONTEXT(3)
GLOBAL_UNCERTAINTY_ASSIGNED_CONTEXT((#20745))
GLOBAL_UNIT_ASSIGNED_CONTEXT((#20776,#20778,#20779))
REPRESENTATION_CONTEXT('','3D')
);
#20768=(
GEOMETRIC_REPRESENTATION_CONTEXT(3)
GLOBAL_UNCERTAINTY_ASSIGNED_CONTEXT((#20746))
GLOBAL_UNIT_ASSIGNED_CONTEXT((#20776,#20778,#20779))
REPRESENTATION_CONTEXT('','3D')
);
#20769=(
GEOMETRIC_REPRESENTATION_CONTEXT(3)
GLOBAL_UNCERTAINTY_ASSIGNED_CONTEXT((#20747))
GLOBAL_UNIT_ASSIGNED_CONTEXT((#20776,#20778,#20779))
REPRESENTATION_CONTEXT('','3D')
);
#20770=(
GEOMETRIC_REPRESENTATION_CONTEXT(3)
GLOBAL_UNCERTAINTY_ASSIGNED_CONTEXT((#20748))
GLOBAL_UNIT_ASSIGNED_CONTEXT((#20776,#20778,#20779))
REPRESENTATION_CONTEXT('','3D')
);
#20771=(
GEOMETRIC_REPRESENTATION_CONTEXT(3)
GLOBAL_UNCERTAINTY_ASSIGNED_CONTEXT((#20749))
GLOBAL_UNIT_ASSIGNED_CONTEXT((#20776,#20778,#20779))
REPRESENTATION_CONTEXT('','3D')
);
#20772=(
GEOMETRIC_REPRESENTATION_CONTEXT(3)
GLOBAL_UNCERTAINTY_ASSIGNED_CONTEXT((#20750))
GLOBAL_UNIT_ASSIGNED_CONTEXT((#20776,#20778,#20779))
REPRESENTATION_CONTEXT('','3D')
);
#20773=(
GEOMETRIC_REPRESENTATION_CONTEXT(3)
GLOBAL_UNCERTAINTY_ASSIGNED_CONTEXT((#20751))
GLOBAL_UNIT_ASSIGNED_CONTEXT((#20776,#20778,#20779))
REPRESENTATION_CONTEXT('','3D')
);
#20774=(
GEOMETRIC_REPRESENTATION_CONTEXT(3)
GLOBAL_UNCERTAINTY_ASSIGNED_CONTEXT((#20752))
GLOBAL_UNIT_ASSIGNED_CONTEXT((#20776,#20778,#20779))
REPRESENTATION_CONTEXT('','3D')
);
#20775=(
GEOMETRIC_REPRESENTATION_CONTEXT(3)
GLOBAL_UNCERTAINTY_ASSIGNED_CONTEXT((#20753))
GLOBAL_UNIT_ASSIGNED_CONTEXT((#20776,#20778,#20779))
REPRESENTATION_CONTEXT('','3D')
);
#20776=(
LENGTH_UNIT()
NAMED_UNIT(*)
SI_UNIT(.MILLI.,.METRE.)
);
#20777=(
LENGTH_UNIT()
NAMED_UNIT(*)
SI_UNIT($,.METRE.)
);
#20778=(
NAMED_UNIT(*)
PLANE_ANGLE_UNIT()
SI_UNIT($,.RADIAN.)
);
#20779=(
NAMED_UNIT(*)
SI_UNIT($,.STERADIAN.)
SOLID_ANGLE_UNIT()
);
#20780=SHAPE_DEFINITION_REPRESENTATION(#20801,#20854);
#20781=SHAPE_DEFINITION_REPRESENTATION(#20802,#20855);
#20782=SHAPE_DEFINITION_REPRESENTATION(#20803,#20856);
#20783=SHAPE_DEFINITION_REPRESENTATION(#20804,#20857);
#20784=SHAPE_DEFINITION_REPRESENTATION(#20805,#20858);
#20785=SHAPE_DEFINITION_REPRESENTATION(#20806,#20859);
#20786=SHAPE_DEFINITION_REPRESENTATION(#20808,#20860);
#20787=SHAPE_DEFINITION_REPRESENTATION(#20809,#20861);
#20788=SHAPE_DEFINITION_REPRESENTATION(#20810,#20862);
#20789=SHAPE_DEFINITION_REPRESENTATION(#20812,#20863);
#20790=SHAPE_DEFINITION_REPRESENTATION(#20813,#20864);
#20791=SHAPE_DEFINITION_REPRESENTATION(#20815,#20865);
#20792=SHAPE_DEFINITION_REPRESENTATION(#20816,#20866);
#20793=SHAPE_DEFINITION_REPRESENTATION(#20817,#20867);
#20794=SHAPE_DEFINITION_REPRESENTATION(#20821,#20868);
#20795=SHAPE_DEFINITION_REPRESENTATION(#20822,#20869);
#20796=SHAPE_DEFINITION_REPRESENTATION(#20823,#20870);
#20797=SHAPE_DEFINITION_REPRESENTATION(#20824,#20871);
#20798=SHAPE_DEFINITION_REPRESENTATION(#20827,#20872);
#20799=SHAPE_DEFINITION_REPRESENTATION(#20828,#20873);
#20800=SHAPE_DEFINITION_REPRESENTATION(#20829,#20874);
#20801=PRODUCT_DEFINITION_SHAPE('',$,#20876);
#20802=PRODUCT_DEFINITION_SHAPE('',$,#20877);
#20803=PRODUCT_DEFINITION_SHAPE('',$,#20878);
#20804=PRODUCT_DEFINITION_SHAPE('',$,#20879);
#20805=PRODUCT_DEFINITION_SHAPE('',$,#20880);
#20806=PRODUCT_DEFINITION_SHAPE('',$,#20881);
#20807=PRODUCT_DEFINITION_SHAPE($,$,#174);
#20808=PRODUCT_DEFINITION_SHAPE('',$,#20882);
#20809=PRODUCT_DEFINITION_SHAPE('',$,#20883);
#20810=PRODUCT_DEFINITION_SHAPE('',$,#20884);
#20811=PRODUCT_DEFINITION_SHAPE($,$,#175);
#20812=PRODUCT_DEFINITION_SHAPE('',$,#20885);
#20813=PRODUCT_DEFINITION_SHAPE('',$,#20886);
#20814=PRODUCT_DEFINITION_SHAPE($,$,#176);
#20815=PRODUCT_DEFINITION_SHAPE('',$,#20887);
#20816=PRODUCT_DEFINITION_SHAPE('',$,#20888);
#20817=PRODUCT_DEFINITION_SHAPE('',$,#20889);
#20818=PRODUCT_DEFINITION_SHAPE($,$,#177);
#20819=PRODUCT_DEFINITION_SHAPE($,$,#178);
#20820=PRODUCT_DEFINITION_SHAPE($,$,#179);
#20821=PRODUCT_DEFINITION_SHAPE('',$,#20890);
#20822=PRODUCT_DEFINITION_SHAPE('',$,#20891);
#20823=PRODUCT_DEFINITION_SHAPE('',$,#20892);
#20824=PRODUCT_DEFINITION_SHAPE('',$,#20893);
#20825=PRODUCT_DEFINITION_SHAPE($,$,#180);
#20826=PRODUCT_DEFINITION_SHAPE($,$,#181);
#20827=PRODUCT_DEFINITION_SHAPE('',$,#20894);
#20828=PRODUCT_DEFINITION_SHAPE('',$,#20895);
#20829=PRODUCT_DEFINITION_SHAPE('',$,#20896);
#20830=PRODUCT_DEFINITION_SHAPE($,$,#182);
#20831=PRODUCT_DEFINITION_SHAPE($,$,#183);
#20832=PRODUCT_DEFINITION_SHAPE($,$,#184);
#20833=PRODUCT_DEFINITION_SHAPE($,$,#185);
#20834=PRODUCT_DEFINITION_SHAPE($,$,#186);
#20835=PRODUCT_DEFINITION_SHAPE($,$,#187);
#20836=PRODUCT_DEFINITION_SHAPE($,$,#188);
#20837=PRODUCT_DEFINITION_SHAPE($,$,#189);
#20838=PRODUCT_DEFINITION_SHAPE($,$,#190);
#20839=PRODUCT_DEFINITION_SHAPE($,$,#191);
#20840=PRODUCT_DEFINITION_SHAPE($,$,#192);
#20841=PRODUCT_DEFINITION_SHAPE($,$,#193);
#20842=PRODUCT_DEFINITION_SHAPE($,$,#194);
#20843=PRODUCT_DEFINITION_SHAPE($,$,#195);
#20844=PRODUCT_DEFINITION_SHAPE($,$,#196);
#20845=PRODUCT_DEFINITION_SHAPE($,$,#197);
#20846=PRODUCT_DEFINITION_SHAPE($,$,#198);
#20847=PRODUCT_DEFINITION_SHAPE($,$,#199);
#20848=PRODUCT_DEFINITION_SHAPE($,$,#200);
#20849=PRODUCT_DEFINITION_SHAPE($,$,#201);
#20850=PRODUCT_DEFINITION_SHAPE($,$,#202);
#20851=PRODUCT_DEFINITION_SHAPE($,$,#203);
#20852=PRODUCT_DEFINITION_SHAPE($,$,#204);
#20853=PRODUCT_DEFINITION_SHAPE($,$,#205);
#20854=SHAPE_REPRESENTATION('',(#12514,#13655,#13656),#20754);
#20855=SHAPE_REPRESENTATION('',(#12515),#20755);
#20856=SHAPE_REPRESENTATION('',(#12609,#13633,#13634,#13635,#13636,#13637,
#13638,#13639,#13640,#13641,#13642,#13643,#13644,#13645,#13646,#13647,#13648,
#13649,#13650,#13651,#13652,#13653,#13654),#20756);
#20857=SHAPE_REPRESENTATION('',(#12610,#13269),#20757);
#20858=SHAPE_REPRESENTATION('',(#12611,#12679),#20758);
#20859=SHAPE_REPRESENTATION('',(#12612),#20759);
#20860=SHAPE_REPRESENTATION('',(#12680),#20760);
#20861=SHAPE_REPRESENTATION('',(#12681,#12847),#20761);
#20862=SHAPE_REPRESENTATION('',(#12682),#20762);
#20863=SHAPE_REPRESENTATION('',(#12848,#12956),#20763);
#20864=SHAPE_REPRESENTATION('',(#12849),#20764);
#20865=SHAPE_REPRESENTATION('',(#12957,#13270),#20765);
#20866=SHAPE_REPRESENTATION('',(#12958,#13271),#20766);
#20867=SHAPE_REPRESENTATION('',(#12959),#20767);
#20868=SHAPE_REPRESENTATION('',(#13272),#20768);
#20869=SHAPE_REPRESENTATION('',(#13377,#13524),#20769);
#20870=SHAPE_REPRESENTATION('',(#13378,#13525),#20770);
#20871=SHAPE_REPRESENTATION('',(#13379),#20771);
#20872=SHAPE_REPRESENTATION('',(#13526),#20772);
#20873=SHAPE_REPRESENTATION('',(#13631),#20773);
#20874=SHAPE_REPRESENTATION('',(#13632),#20774);
#20875=PRODUCT_DEFINITION_CONTEXT('part definition',#20940,'design');
#20876=PRODUCT_DEFINITION('UE0098-TEMT6000 v3.1',
'UE0098-TEMT6000 v3.1 v2',#20897,#20875);
#20877=PRODUCT_DEFINITION('Placa','Placa',#20898,#20875);
#20878=PRODUCT_DEFINITION('Paquetes','Paquetes',#20899,#20875);
#20879=PRODUCT_DEFINITION('JST_SM04B-SRSS-TB(LF)(SN)',
'JST_SM04B-SRSS-TB(LF)(SN)',#20900,#20875);
#20880=PRODUCT_DEFINITION('1206','1206',#20901,#20875);
#20881=PRODUCT_DEFINITION('TEMT6000 v1','TEMT6000 v1',#20902,#20875);
#20882=PRODUCT_DEFINITION('M3','M3',#20903,#20875);
#20883=PRODUCT_DEFINITION('DFN8-EP-3X2','DFN8-EP-3X2',#20904,#20875);
#20884=PRODUCT_DEFINITION('Model','Model',#20905,#20875);
#20885=PRODUCT_DEFINITION('0402_C','0402_C',#20906,#20875);
#20886=PRODUCT_DEFINITION('Model (1)','Model (1)',#20907,#20875);
#20887=PRODUCT_DEFINITION('JST_SM04B-SRSS-TB(LF)(SN)_1',
'JST_SM04B-SRSS-TB(LF)(SN)',#20908,#20875);
#20888=PRODUCT_DEFINITION('JST_SM04B-SRSS-TB(LF)(SN)_2',
'JST_SM04B-SRSS-TB(LF)(SN)',#20909,#20875);
#20889=PRODUCT_DEFINITION(
'SM04B-SRSS-TB(LF)(SN)--3DModel-STEP-56544 v1',
'SM04B-SRSS-TB(LF)(SN)--3DModel-STEP-56544 v1',#20910,#20875);
#20890=PRODUCT_DEFINITION('0402_R','0402_R',#20911,#20875);
#20891=PRODUCT_DEFINITION('0402_D','0402_D',#20912,#20875);
#20892=PRODUCT_DEFINITION('0402_D_1','0402_D',#20913,#20875);
#20893=PRODUCT_DEFINITION('Model (2)','Model (2)',#20914,#20875);
#20894=PRODUCT_DEFINITION('R0402','R0402',#20915,#20875);
#20895=PRODUCT_DEFINITION('BRIDGE','BRIDGE',#20916,#20875);
#20896=PRODUCT_DEFINITION('TP10SQ','TP10SQ',#20917,#20875);
#20897=PRODUCT_DEFINITION_FORMATION('',$,#20942);
#20898=PRODUCT_DEFINITION_FORMATION('',$,#20943);
#20899=PRODUCT_DEFINITION_FORMATION('',$,#20944);
#20900=PRODUCT_DEFINITION_FORMATION('',$,#20945);
#20901=PRODUCT_DEFINITION_FORMATION('',$,#20946);
#20902=PRODUCT_DEFINITION_FORMATION('',$,#20947);
#20903=PRODUCT_DEFINITION_FORMATION('',$,#20948);
#20904=PRODUCT_DEFINITION_FORMATION('',$,#20949);
#20905=PRODUCT_DEFINITION_FORMATION('',$,#20950);
#20906=PRODUCT_DEFINITION_FORMATION('',$,#20951);
#20907=PRODUCT_DEFINITION_FORMATION('',$,#20952);
#20908=PRODUCT_DEFINITION_FORMATION('',$,#20953);
#20909=PRODUCT_DEFINITION_FORMATION('',$,#20954);
#20910=PRODUCT_DEFINITION_FORMATION('',$,#20955);
#20911=PRODUCT_DEFINITION_FORMATION('',$,#20956);
#20912=PRODUCT_DEFINITION_FORMATION('',$,#20957);
#20913=PRODUCT_DEFINITION_FORMATION('',$,#20958);
#20914=PRODUCT_DEFINITION_FORMATION('',$,#20959);
#20915=PRODUCT_DEFINITION_FORMATION('',$,#20960);
#20916=PRODUCT_DEFINITION_FORMATION('',$,#20961);
#20917=PRODUCT_DEFINITION_FORMATION('',$,#20962);
#20918=PRODUCT_RELATED_PRODUCT_CATEGORY('UE0098-TEMT6000 v3.1 v2',
'UE0098-TEMT6000 v3.1 v2',(#20942));
#20919=PRODUCT_RELATED_PRODUCT_CATEGORY('Placa','Placa',(#20943));
#20920=PRODUCT_RELATED_PRODUCT_CATEGORY('Paquetes','Paquetes',(#20944));
#20921=PRODUCT_RELATED_PRODUCT_CATEGORY('JST_SM04B-SRSS-TB(LF)(SN)',
'JST_SM04B-SRSS-TB(LF)(SN)',(#20945));
#20922=PRODUCT_RELATED_PRODUCT_CATEGORY('1206','1206',(#20946));
#20923=PRODUCT_RELATED_PRODUCT_CATEGORY('TEMT6000 v1','TEMT6000 v1',(#20947));
#20924=PRODUCT_RELATED_PRODUCT_CATEGORY('M3','M3',(#20948));
#20925=PRODUCT_RELATED_PRODUCT_CATEGORY('DFN8-EP-3X2','DFN8-EP-3X2',(#20949));
#20926=PRODUCT_RELATED_PRODUCT_CATEGORY('Model','Model',(#20950));
#20927=PRODUCT_RELATED_PRODUCT_CATEGORY('0402_C','0402_C',(#20951));
#20928=PRODUCT_RELATED_PRODUCT_CATEGORY('Model (1)','Model (1)',(#20952));
#20929=PRODUCT_RELATED_PRODUCT_CATEGORY('JST_SM04B-SRSS-TB(LF)(SN)',
'JST_SM04B-SRSS-TB(LF)(SN)',(#20953));
#20930=PRODUCT_RELATED_PRODUCT_CATEGORY('JST_SM04B-SRSS-TB(LF)(SN)',
'JST_SM04B-SRSS-TB(LF)(SN)',(#20954));
#20931=PRODUCT_RELATED_PRODUCT_CATEGORY(
'SM04B-SRSS-TB(LF)(SN)--3DModel-STEP-56544 v1',
'SM04B-SRSS-TB(LF)(SN)--3DModel-STEP-56544 v1',(#20955));
#20932=PRODUCT_RELATED_PRODUCT_CATEGORY('0402_R','0402_R',(#20956));
#20933=PRODUCT_RELATED_PRODUCT_CATEGORY('0402_D','0402_D',(#20957));
#20934=PRODUCT_RELATED_PRODUCT_CATEGORY('0402_D','0402_D',(#20958));
#20935=PRODUCT_RELATED_PRODUCT_CATEGORY('Model (2)','Model (2)',(#20959));
#20936=PRODUCT_RELATED_PRODUCT_CATEGORY('R0402','R0402',(#20960));
#20937=PRODUCT_RELATED_PRODUCT_CATEGORY('BRIDGE','BRIDGE',(#20961));
#20938=PRODUCT_RELATED_PRODUCT_CATEGORY('TP10SQ','TP10SQ',(#20962));
#20939=APPLICATION_PROTOCOL_DEFINITION('international standard',
'automotive_design',2009,#20940);
#20940=APPLICATION_CONTEXT(
'Core Data for Automotive Mechanical Design Process');
#20941=PRODUCT_CONTEXT('part definition',#20940,'mechanical');
#20942=PRODUCT('UE0098-TEMT6000 v3.1','UE0098-TEMT6000 v3.1 v2',$,(#20941));
#20943=PRODUCT('Placa','Placa',$,(#20941));
#20944=PRODUCT('Paquetes','Paquetes',$,(#20941));
#20945=PRODUCT('JST_SM04B-SRSS-TB(LF)(SN)','JST_SM04B-SRSS-TB(LF)(SN)',
$,(#20941));
#20946=PRODUCT('1206','1206',$,(#20941));
#20947=PRODUCT('TEMT6000 v1','TEMT6000 v1',$,(#20941));
#20948=PRODUCT('M3','M3',$,(#20941));
#20949=PRODUCT('DFN8-EP-3X2','DFN8-EP-3X2',$,(#20941));
#20950=PRODUCT('Model','Model',$,(#20941));
#20951=PRODUCT('0402_C','0402_C',$,(#20941));
#20952=PRODUCT('Model (1)','Model (1)',$,(#20941));
#20953=PRODUCT('JST_SM04B-SRSS-TB(LF)(SN)_1',
'JST_SM04B-SRSS-TB(LF)(SN)',$,(#20941));
#20954=PRODUCT('JST_SM04B-SRSS-TB(LF)(SN)_2',
'JST_SM04B-SRSS-TB(LF)(SN)',$,(#20941));
#20955=PRODUCT('SM04B-SRSS-TB(LF)(SN)--3DModel-STEP-56544 v1',
'SM04B-SRSS-TB(LF)(SN)--3DModel-STEP-56544 v1',$,(#20941));
#20956=PRODUCT('0402_R','0402_R',$,(#20941));
#20957=PRODUCT('0402_D','0402_D',$,(#20941));
#20958=PRODUCT('0402_D_1','0402_D',$,(#20941));
#20959=PRODUCT('Model (2)','Model (2)',$,(#20941));
#20960=PRODUCT('R0402','R0402',$,(#20941));
#20961=PRODUCT('BRIDGE','BRIDGE',$,(#20941));
#20962=PRODUCT('TP10SQ','TP10SQ',$,(#20941));
#20963=PRESENTATION_STYLE_ASSIGNMENT((#20981));
#20964=PRESENTATION_STYLE_ASSIGNMENT((#20982));
#20965=PRESENTATION_STYLE_ASSIGNMENT((#20983));
#20966=PRESENTATION_STYLE_ASSIGNMENT((#20984));
#20967=PRESENTATION_STYLE_ASSIGNMENT((#20985));
#20968=PRESENTATION_STYLE_ASSIGNMENT((#20986));
#20969=PRESENTATION_STYLE_ASSIGNMENT((#20987));
#20970=PRESENTATION_STYLE_ASSIGNMENT((#20988));
#20971=PRESENTATION_STYLE_ASSIGNMENT((#20989));
#20972=PRESENTATION_STYLE_ASSIGNMENT((#20990));
#20973=PRESENTATION_STYLE_ASSIGNMENT((#20991));
#20974=PRESENTATION_STYLE_ASSIGNMENT((#20992));
#20975=PRESENTATION_STYLE_ASSIGNMENT((#20993));
#20976=PRESENTATION_STYLE_ASSIGNMENT((#20994));
#20977=PRESENTATION_STYLE_ASSIGNMENT((#20995));
#20978=PRESENTATION_STYLE_ASSIGNMENT((#20996));
#20979=PRESENTATION_STYLE_ASSIGNMENT((#20997));
#20980=PRESENTATION_STYLE_ASSIGNMENT((NULL_STYLE(.NULL.)));
#20981=SURFACE_STYLE_USAGE(.BOTH.,#20998);
#20982=SURFACE_STYLE_USAGE(.BOTH.,#20999);
#20983=SURFACE_STYLE_USAGE(.BOTH.,#21000);
#20984=SURFACE_STYLE_USAGE(.BOTH.,#21001);
#20985=SURFACE_STYLE_USAGE(.BOTH.,#21002);
#20986=SURFACE_STYLE_USAGE(.BOTH.,#21003);
#20987=SURFACE_STYLE_USAGE(.BOTH.,#21004);
#20988=SURFACE_STYLE_USAGE(.BOTH.,#21005);
#20989=SURFACE_STYLE_USAGE(.BOTH.,#21006);
#20990=SURFACE_STYLE_USAGE(.BOTH.,#21007);
#20991=SURFACE_STYLE_USAGE(.BOTH.,#21008);
#20992=SURFACE_STYLE_USAGE(.BOTH.,#21009);
#20993=SURFACE_STYLE_USAGE(.BOTH.,#21010);
#20994=SURFACE_STYLE_USAGE(.BOTH.,#21011);
#20995=SURFACE_STYLE_USAGE(.BOTH.,#21012);
#20996=SURFACE_STYLE_USAGE(.BOTH.,#21013);
#20997=SURFACE_STYLE_USAGE(.BOTH.,#21014);
#20998=SURFACE_SIDE_STYLE('',(#21015));
#20999=SURFACE_SIDE_STYLE('',(#21016));
#21000=SURFACE_SIDE_STYLE('',(#21017));
#21001=SURFACE_SIDE_STYLE('',(#21018));
#21002=SURFACE_SIDE_STYLE('',(#21019));
#21003=SURFACE_SIDE_STYLE('',(#21020));
#21004=SURFACE_SIDE_STYLE('',(#21021));
#21005=SURFACE_SIDE_STYLE('',(#21022));
#21006=SURFACE_SIDE_STYLE('',(#21023));
#21007=SURFACE_SIDE_STYLE('',(#21024));
#21008=SURFACE_SIDE_STYLE('',(#21025));
#21009=SURFACE_SIDE_STYLE('',(#21026));
#21010=SURFACE_SIDE_STYLE('',(#21027));
#21011=SURFACE_SIDE_STYLE('',(#21028));
#21012=SURFACE_SIDE_STYLE('',(#21029));
#21013=SURFACE_SIDE_STYLE('',(#21030));
#21014=SURFACE_SIDE_STYLE('',(#21031));
#21015=SURFACE_STYLE_FILL_AREA(#21032);
#21016=SURFACE_STYLE_FILL_AREA(#21033);
#21017=SURFACE_STYLE_FILL_AREA(#21034);
#21018=SURFACE_STYLE_FILL_AREA(#21035);
#21019=SURFACE_STYLE_FILL_AREA(#21036);
#21020=SURFACE_STYLE_FILL_AREA(#21037);
#21021=SURFACE_STYLE_FILL_AREA(#21038);
#21022=SURFACE_STYLE_FILL_AREA(#21039);
#21023=SURFACE_STYLE_FILL_AREA(#21040);
#21024=SURFACE_STYLE_FILL_AREA(#21041);
#21025=SURFACE_STYLE_FILL_AREA(#21042);
#21026=SURFACE_STYLE_FILL_AREA(#21043);
#21027=SURFACE_STYLE_FILL_AREA(#21044);
#21028=SURFACE_STYLE_FILL_AREA(#21045);
#21029=SURFACE_STYLE_FILL_AREA(#21046);
#21030=SURFACE_STYLE_FILL_AREA(#21047);
#21031=SURFACE_STYLE_FILL_AREA(#21048);
#21032=FILL_AREA_STYLE('Acero - Satinado',(#21049));
#21033=FILL_AREA_STYLE('Opaque(120,110,70)',(#21050));
#21034=FILL_AREA_STYLE('Opaque(40,40,40)',(#21051));
#21035=FILL_AREA_STYLE('Opaque(255,255,255)',(#21052));
#21036=FILL_AREA_STYLE('Opaque(87,214,105)',(#21053));
#21037=FILL_AREA_STYLE('Opaque(247,224,153)',(#21054));
#21038=FILL_AREA_STYLE('Pl\X\E1stico - Mate (negro)',(#21055));
#21039=FILL_AREA_STYLE('N\X\EDquel - Pulido',(#21056));
#21040=FILL_AREA_STYLE('Aluminio - Satinado',(#21057));
#21041=FILL_AREA_STYLE('Plata - Pulido',(#21058));
#21042=FILL_AREA_STYLE('Chip Body',(#21059));
#21043=FILL_AREA_STYLE('Opaque(255,255,192)',(#21060));
#21044=FILL_AREA_STYLE('Opaque(191,191,191)',(#21061));
#21045=FILL_AREA_STYLE('Opaque(10,10,10)',(#21062));
#21046=FILL_AREA_STYLE('Pintura - Esmaltado brillante (blanco)',(#21063));
#21047=FILL_AREA_STYLE('Chip LED Case',(#21064));
#21048=FILL_AREA_STYLE('Chip LED',(#21065));
#21049=FILL_AREA_STYLE_COLOUR('Acero - Satinado',#21066);
#21050=FILL_AREA_STYLE_COLOUR('Opaque(120,110,70)',#21067);
#21051=FILL_AREA_STYLE_COLOUR('Opaque(40,40,40)',#21068);
#21052=FILL_AREA_STYLE_COLOUR('Opaque(255,255,255)',#21069);
#21053=FILL_AREA_STYLE_COLOUR('Opaque(87,214,105)',#21070);
#21054=FILL_AREA_STYLE_COLOUR('Opaque(247,224,153)',#21071);
#21055=FILL_AREA_STYLE_COLOUR('Pl\X\E1stico - Mate (negro)',#21072);
#21056=FILL_AREA_STYLE_COLOUR('N\X\EDquel - Pulido',#21073);
#21057=FILL_AREA_STYLE_COLOUR('Aluminio - Satinado',#21074);
#21058=FILL_AREA_STYLE_COLOUR('Plata - Pulido',#21075);
#21059=FILL_AREA_STYLE_COLOUR('Chip Body',#21076);
#21060=FILL_AREA_STYLE_COLOUR('Opaque(255,255,192)',#21077);
#21061=FILL_AREA_STYLE_COLOUR('Opaque(191,191,191)',#21078);
#21062=FILL_AREA_STYLE_COLOUR('Opaque(10,10,10)',#21079);
#21063=FILL_AREA_STYLE_COLOUR('Pintura - Esmaltado brillante (blanco)',
#21080);
#21064=FILL_AREA_STYLE_COLOUR('Chip LED Case',#21081);
#21065=FILL_AREA_STYLE_COLOUR('Chip LED',#21082);
#21066=COLOUR_RGB('Acero - Satinado',0.627450980392157,0.627450980392157,
0.627450980392157);
#21067=COLOUR_RGB('Opaque(120,110,70)',0.470588235294118,0.431372549019608,
0.274509803921569);
#21068=COLOUR_RGB('Opaque(40,40,40)',0.156862745098039,0.156862745098039,
0.156862745098039);
#21069=COLOUR_RGB('Opaque(255,255,255)',1.,1.,1.);
#21070=COLOUR_RGB('Opaque(87,214,105)',0.341176470588235,0.83921568627451,
0.411764705882353);
#21071=COLOUR_RGB('Opaque(247,224,153)',0.968627450980392,0.87843137254902,
0.6);
#21072=COLOUR_RGB('Pl\X\E1stico - Mate (negro)',0.0980392156862745,0.0980392156862745,
0.0980392156862745);
#21073=COLOUR_RGB('N\X\EDquel - Pulido',0.819607843137255,0.8,0.752941176470588);
#21074=COLOUR_RGB('Aluminio - Satinado',0.96078431372549,0.96078431372549,
0.964705882352941);
#21075=COLOUR_RGB('Plata - Pulido',0.984313725490196,0.980392156862745,
0.96078431372549);
#21076=COLOUR_RGB('Chip Body',0.627450980392157,0.529411764705882,0.509803921568627);
#21077=COLOUR_RGB('Opaque(255,255,192)',1.,1.,0.752941176470588);
#21078=COLOUR_RGB('Opaque(191,191,191)',0.749019607843137,0.749019607843137,
0.749019607843137);
#21079=COLOUR_RGB('Opaque(10,10,10)',0.0392156862745098,0.0392156862745098,
0.0392156862745098);
#21080=COLOUR_RGB('Pintura - Esmaltado brillante (blanco)',0.964705882352941,
0.964705882352941,0.952941176470588);
#21081=COLOUR_RGB('Chip LED Case',0.0941176470588235,0.145098039215686,
0.972549019607843);
#21082=COLOUR_RGB('Chip LED',0.0941176470588235,0.145098039215686,0.972549019607843);
ENDSEC;
END-ISO-10303-21;
